{
  "tool": "zjs-microbench",
  "timestamp": "2026-05-19T23:18:11.493Z",
  "qjs": "/home/aneryu/zjs/quickjs/build/qjs",
  "zjs": "/home/aneryu/zjs/zig-out/bin/zjs",
  "iters": 20,
  "warmup": 5,
  "selected": 1,
  "summary": {
    "compatible": 1,
    "unsupported": 0,
    "skipped": 0,
    "zjsFaster": 0,
    "qjsFaster": 1,
    "nearTie": 0,
    "geometricMean": 2.253717346792359
  },
  "cases": [
    {
      "name": "bigint_short_sum",
      "quickjsName": "bigint_short_sum",
      "category": "bigint",
      "expectedStatus": "supported",
      "status": "ok",
      "notes": "Targeted small BigInt arithmetic loop.",
      "qjs": {
        "samples": [
          1.9584929999999972,
          1.8030030000000004,
          1.6199790000000007,
          1.6134979999999999,
          1.1754790000000028,
          1.1049349999999976,
          0.9554630000000017,
          0.9591419999999999,
          0.9415259999999961,
          0.9755419999999972,
          0.9507260000000031,
          0.9511419999999973,
          0.9589980000000011,
          0.9357499999999987,
          0.937894,
          0.9621659999999963,
          0.9476060000000004,
          1.012151000000003,
          1.1613189999999989,
          0.9967110000000048
        ],
        "avg": 1.1460761499999998,
        "median": 0.9688539999999968,
        "min": 0.9357499999999987,
        "max": 1.9584929999999972,
        "stdev": 0.315580922270386
      },
      "zjs": {
        "samples": [
          1.7876109999999983,
          3.484310999999991,
          1.8922999999999917,
          1.7894509999999997,
          2.0045569999999913,
          3.517078000000012,
          3.5024389999999954,
          3.2614130000000046,
          3.2613000000000056,
          1.9539650000000108,
          3.4145500000000055,
          1.8999159999999904,
          1.9862360000000052,
          3.611208000000005,
          1.8863000000000056,
          1.8319630000000018,
          1.7753720000000044,
          3.458758000000003,
          3.4463739999999916,
          1.8935320000000075
        ],
        "avg": 2.582931700000001,
        "median": 1.9953964999999982,
        "min": 1.7753720000000044,
        "max": 3.611208000000005,
        "stdev": 0.7804210155655155
      },
      "ratio": 2.253717346792359,
      "winner": "qjs"
    }
  ]
}
