VERIFY-MINOR condemned-but-reachable source=conservative_only kind=object class=9 payload=none
VERIFY-MINOR condemned-but-reachable source=conservative_only kind=var_ref
VERIFY-MINOR condemned-but-reachable source=conservative_only kind=var_ref
VERIFY-MINOR 3 of 17328 condemned objects are reachable by a full trace (0 precise, 3 conservative-only)
VERIFY-MINOR condemned-but-reachable source=conservative_only kind=object class=9 payload=none
VERIFY-MINOR condemned-but-reachable source=conservative_only kind=object class=9 payload=none
VERIFY-MINOR condemned-but-reachable source=conservative_only kind=var_ref
VERIFY-MINOR condemned-but-reachable source=conservative_only kind=var_ref
VERIFY-MINOR condemned-but-reachable source=conservative_only kind=var_ref
VERIFY-MINOR condemned-but-reachable source=conservative_only kind=var_ref
VERIFY-MINOR 6 of 16861 condemned objects are reachable by a full trace (0 precise, 6 conservative-only)
VERIFY-MINOR condemned-but-reachable source=conservative_only kind=object class=9 payload=none
VERIFY-MINOR condemned-but-reachable source=conservative_only kind=var_ref
VERIFY-MINOR condemned-but-reachable source=conservative_only kind=var_ref
VERIFY-MINOR 3 of 16787 condemned objects are reachable by a full trace (0 precise, 3 conservative-only)
VERIFY-MINOR condemned-but-reachable source=conservative_only kind=object class=9 payload=none
VERIFY-MINOR condemned-but-reachable source=conservative_only kind=var_ref
VERIFY-MINOR condemned-but-reachable source=conservative_only kind=var_ref
VERIFY-MINOR 3 of 16757 condemned objects are reachable by a full trace (0 precise, 3 conservative-only)
VERIFY-MINOR condemned-but-reachable source=conservative_only kind=object class=9 payload=none
VERIFY-MINOR condemned-but-reachable source=conservative_only kind=var_ref
VERIFY-MINOR condemned-but-reachable source=conservative_only kind=var_ref
VERIFY-MINOR 3 of 16741 condemned objects are reachable by a full trace (0 precise, 3 conservative-only)
VERIFY-MINOR condemned-but-reachable source=conservative_only kind=object class=9 payload=none
VERIFY-MINOR condemned-but-reachable source=conservative_only kind=var_ref
VERIFY-MINOR condemned-but-reachable source=conservative_only kind=var_ref
VERIFY-MINOR 3 of 16711 condemned objects are reachable by a full trace (0 precise, 3 conservative-only)
VERIFY-MINOR condemned-but-reachable source=conservative_only kind=object class=9 payload=none
VERIFY-MINOR condemned-but-reachable source=conservative_only kind=var_ref
VERIFY-MINOR condemned-but-reachable source=conservative_only kind=var_ref
VERIFY-MINOR 3 of 16870 condemned objects are reachable by a full trace (0 precise, 3 conservative-only)
VERIFY-MINOR condemned-but-reachable source=conservative_only kind=object class=9 payload=none
VERIFY-MINOR condemned-but-reachable source=conservative_only kind=var_ref
VERIFY-MINOR condemned-but-reachable source=conservative_only kind=var_ref
VERIFY-MINOR 3 of 16776 condemned objects are reachable by a full trace (0 precise, 3 conservative-only)
VERIFY-MINOR condemned-but-reachable source=conservative_only kind=object class=9 payload=none
VERIFY-MINOR condemned-but-reachable source=conservative_only kind=var_ref
VERIFY-MINOR condemned-but-reachable source=conservative_only kind=var_ref
VERIFY-MINOR 3 of 16792 condemned objects are reachable by a full trace (0 precise, 3 conservative-only)
VERIFY-MINOR condemned-but-reachable source=conservative_only kind=object class=9 payload=none
VERIFY-MINOR condemned-but-reachable source=conservative_only kind=var_ref
VERIFY-MINOR condemned-but-reachable source=conservative_only kind=var_ref
VERIFY-MINOR 3 of 16916 condemned objects are reachable by a full trace (0 precise, 3 conservative-only)
VERIFY-MINOR condemned-but-reachable source=conservative_only kind=object class=9 payload=none
VERIFY-MINOR condemned-but-reachable source=conservative_only kind=var_ref
VERIFY-MINOR condemned-but-reachable source=conservative_only kind=var_ref
VERIFY-MINOR condemned-but-reachable source=conservative_only kind=var_ref
VERIFY-MINOR 4 of 16776 condemned objects are reachable by a full trace (0 precise, 4 conservative-only)
VERIFY-MINOR condemned-but-reachable source=conservative_only kind=object class=9 payload=none
VERIFY-MINOR condemned-but-reachable source=conservative_only kind=var_ref
VERIFY-MINOR condemned-but-reachable source=conservative_only kind=var_ref
VERIFY-MINOR condemned-but-reachable source=conservative_only kind=var_ref
VERIFY-MINOR 4 of 16752 condemned objects are reachable by a full trace (0 precise, 4 conservative-only)
VERIFY-MINOR condemned-but-reachable source=conservative_only kind=object class=9 payload=none
VERIFY-MINOR condemned-but-reachable source=conservative_only kind=var_ref
VERIFY-MINOR condemned-but-reachable source=conservative_only kind=var_ref
VERIFY-MINOR condemned-but-reachable source=conservative_only kind=var_ref
VERIFY-MINOR 4 of 16742 condemned objects are reachable by a full trace (0 precise, 4 conservative-only)
VERIFY-MINOR condemned-but-reachable source=conservative_only kind=object class=1 payload=none
VERIFY-MINOR condemned-but-reachable source=conservative_only kind=object class=1 payload=none
VERIFY-MINOR condemned-but-reachable source=conservative_only kind=object class=9 payload=none
VERIFY-MINOR condemned-but-reachable source=conservative_only kind=var_ref
VERIFY-MINOR condemned-but-reachable source=conservative_only kind=var_ref
VERIFY-MINOR 5 of 16909 condemned objects are reachable by a full trace (0 precise, 5 conservative-only)
VERIFY-MINOR condemned-but-reachable source=conservative_only kind=object class=9 payload=none
VERIFY-MINOR condemned-but-reachable source=conservative_only kind=var_ref
VERIFY-MINOR 2 of 16796 condemned objects are reachable by a full trace (0 precise, 2 conservative-only)
VERIFY-MINOR condemned-but-reachable source=conservative_only kind=object class=9 payload=none
VERIFY-MINOR condemned-but-reachable source=conservative_only kind=var_ref
VERIFY-MINOR 2 of 16701 condemned objects are reachable by a full trace (0 precise, 2 conservative-only)
VERIFY-MINOR condemned-but-reachable source=conservative_only kind=object class=9 payload=none
VERIFY-MINOR condemned-but-reachable source=conservative_only kind=var_ref
VERIFY-MINOR 2 of 16750 condemned objects are reachable by a full trace (0 precise, 2 conservative-only)
VERIFY-MINOR condemned-but-reachable source=conservative_only kind=object class=9 payload=none
VERIFY-MINOR condemned-but-reachable source=conservative_only kind=var_ref
VERIFY-MINOR 2 of 16880 condemned objects are reachable by a full trace (0 precise, 2 conservative-only)
VERIFY-MINOR condemned-but-reachable source=conservative_only kind=object class=9 payload=none
VERIFY-MINOR condemned-but-reachable source=conservative_only kind=var_ref
VERIFY-MINOR condemned-but-reachable source=conservative_only kind=var_ref
VERIFY-MINOR 3 of 16782 condemned objects are reachable by a full trace (0 precise, 3 conservative-only)
VERIFY-MINOR condemned-but-reachable source=conservative_only kind=object class=9 payload=none
VERIFY-MINOR condemned-but-reachable source=conservative_only kind=var_ref
VERIFY-MINOR condemned-but-reachable source=conservative_only kind=var_ref
VERIFY-MINOR 3 of 16753 condemned objects are reachable by a full trace (0 precise, 3 conservative-only)
VERIFY-MINOR condemned-but-reachable source=conservative_only kind=object class=9 payload=none
VERIFY-MINOR condemned-but-reachable source=conservative_only kind=var_ref
VERIFY-MINOR condemned-but-reachable source=conservative_only kind=var_ref
VERIFY-MINOR 3 of 16736 condemned objects are reachable by a full trace (0 precise, 3 conservative-only)
VERIFY-MINOR condemned-but-reachable source=conservative_only kind=object class=1 payload=none
VERIFY-MINOR condemned-but-reachable source=conservative_only kind=object class=9 payload=none
VERIFY-MINOR condemned-but-reachable source=conservative_only kind=var_ref
VERIFY-MINOR condemned-but-reachable source=conservative_only kind=var_ref
VERIFY-MINOR condemned-but-reachable source=conservative_only kind=var_ref
VERIFY-MINOR 5 of 16755 condemned objects are reachable by a full trace (0 precise, 5 conservative-only)
VERIFY-MINOR condemned-but-reachable source=conservative_only kind=object class=9 payload=none
VERIFY-MINOR condemned-but-reachable source=conservative_only kind=var_ref
VERIFY-MINOR condemned-but-reachable source=conservative_only kind=var_ref
VERIFY-MINOR 3 of 16885 condemned objects are reachable by a full trace (0 precise, 3 conservative-only)
VERIFY-MINOR condemned-but-reachable source=conservative_only kind=object class=9 payload=none
VERIFY-MINOR condemned-but-reachable source=conservative_only kind=var_ref
VERIFY-MINOR condemned-but-reachable source=conservative_only kind=var_ref
VERIFY-MINOR 3 of 16843 condemned objects are reachable by a full trace (0 precise, 3 conservative-only)
VERIFY-MINOR condemned-but-reachable source=conservative_only kind=object class=9 payload=none
VERIFY-MINOR condemned-but-reachable source=conservative_only kind=var_ref
VERIFY-MINOR condemned-but-reachable source=conservative_only kind=var_ref
VERIFY-MINOR 3 of 16752 condemned objects are reachable by a full trace (0 precise, 3 conservative-only)
VERIFY-MINOR condemned-but-reachable source=conservative_only kind=object class=9 payload=none
VERIFY-MINOR condemned-but-reachable source=conservative_only kind=var_ref
VERIFY-MINOR condemned-but-reachable source=conservative_only kind=var_ref
VERIFY-MINOR 3 of 16801 condemned objects are reachable by a full trace (0 precise, 3 conservative-only)
VERIFY-MINOR condemned-but-reachable source=conservative_only kind=object class=9 payload=none
VERIFY-MINOR condemned-but-reachable source=conservative_only kind=object class=9 payload=none
VERIFY-MINOR condemned-but-reachable source=conservative_only kind=var_ref
VERIFY-MINOR condemned-but-reachable source=conservative_only kind=var_ref
VERIFY-MINOR condemned-but-reachable source=conservative_only kind=var_ref
VERIFY-MINOR condemned-but-reachable source=conservative_only kind=var_ref
VERIFY-MINOR condemned-but-reachable source=conservative_only kind=var_ref
VERIFY-MINOR 7 of 16755 condemned objects are reachable by a full trace (0 precise, 7 conservative-only)
VERIFY-MINOR condemned-but-reachable source=conservative_only kind=object class=9 payload=none
VERIFY-MINOR condemned-but-reachable source=conservative_only kind=var_ref
VERIFY-MINOR condemned-but-reachable source=conservative_only kind=var_ref
VERIFY-MINOR condemned-but-reachable source=conservative_only kind=var_ref
VERIFY-MINOR 4 of 16887 condemned objects are reachable by a full trace (0 precise, 4 conservative-only)
VERIFY-MINOR condemned-but-reachable source=conservative_only kind=object class=9 payload=none
VERIFY-MINOR condemned-but-reachable source=conservative_only kind=object class=1 payload=none
VERIFY-MINOR condemned-but-reachable source=conservative_only kind=var_ref
VERIFY-MINOR condemned-but-reachable source=conservative_only kind=var_ref
VERIFY-MINOR condemned-but-reachable source=conservative_only kind=var_ref
VERIFY-MINOR 5 of 16750 condemned objects are reachable by a full trace (0 precise, 5 conservative-only)
VERIFY-MINOR condemned-but-reachable source=conservative_only kind=object class=9 payload=none
VERIFY-MINOR condemned-but-reachable source=conservative_only kind=var_ref
VERIFY-MINOR condemned-but-reachable source=conservative_only kind=var_ref
VERIFY-MINOR 3 of 16735 condemned objects are reachable by a full trace (0 precise, 3 conservative-only)
VERIFY-MINOR condemned-but-reachable source=conservative_only kind=object class=9 payload=none
VERIFY-MINOR condemned-but-reachable source=conservative_only kind=object class=9 payload=none
VERIFY-MINOR condemned-but-reachable source=conservative_only kind=var_ref
VERIFY-MINOR condemned-but-reachable source=conservative_only kind=var_ref
VERIFY-MINOR condemned-but-reachable source=conservative_only kind=var_ref
VERIFY-MINOR condemned-but-reachable source=conservative_only kind=var_ref
VERIFY-MINOR 6 of 16891 condemned objects are reachable by a full trace (0 precise, 6 conservative-only)
VERIFY-MINOR condemned-but-reachable source=conservative_only kind=object class=9 payload=none
VERIFY-MINOR condemned-but-reachable source=conservative_only kind=var_ref
VERIFY-MINOR condemned-but-reachable source=conservative_only kind=var_ref
VERIFY-MINOR 3 of 16775 condemned objects are reachable by a full trace (0 precise, 3 conservative-only)
VERIFY-MINOR condemned-but-reachable source=conservative_only kind=object class=9 payload=none
VERIFY-MINOR condemned-but-reachable source=conservative_only kind=var_ref
VERIFY-MINOR condemned-but-reachable source=conservative_only kind=var_ref
VERIFY-MINOR 3 of 16723 condemned objects are reachable by a full trace (0 precise, 3 conservative-only)
VERIFY-MINOR condemned-but-reachable source=conservative_only kind=object class=9 payload=none
VERIFY-MINOR condemned-but-reachable source=conservative_only kind=var_ref
VERIFY-MINOR condemned-but-reachable source=conservative_only kind=var_ref
VERIFY-MINOR 3 of 16885 condemned objects are reachable by a full trace (0 precise, 3 conservative-only)
VERIFY-MINOR condemned-but-reachable source=conservative_only kind=object class=1 payload=none
VERIFY-MINOR 1 of 16889 condemned objects are reachable by a full trace (0 precise, 1 conservative-only)
VERIFY-MINOR condemned-but-reachable source=conservative_only kind=object class=9 payload=none
VERIFY-MINOR condemned-but-reachable source=conservative_only kind=var_ref
VERIFY-MINOR condemned-but-reachable source=conservative_only kind=var_ref
VERIFY-MINOR condemned-but-reachable source=conservative_only kind=var_ref
VERIFY-MINOR 4 of 16712 condemned objects are reachable by a full trace (0 precise, 4 conservative-only)
VERIFY-MINOR condemned-but-reachable source=conservative_only kind=var_ref
VERIFY-MINOR 1 of 16783 condemned objects are reachable by a full trace (0 precise, 1 conservative-only)
VERIFY-MINOR condemned-but-reachable source=conservative_only kind=object class=9 payload=none
VERIFY-MINOR condemned-but-reachable source=conservative_only kind=var_ref
VERIFY-MINOR condemned-but-reachable source=conservative_only kind=var_ref
VERIFY-MINOR 3 of 16753 condemned objects are reachable by a full trace (0 precise, 3 conservative-only)
VERIFY-MINOR condemned-but-reachable source=conservative_only kind=object class=9 payload=none
VERIFY-MINOR condemned-but-reachable source=conservative_only kind=var_ref
VERIFY-MINOR condemned-but-reachable source=conservative_only kind=var_ref
VERIFY-MINOR condemned-but-reachable source=conservative_only kind=var_ref
VERIFY-MINOR 4 of 16722 condemned objects are reachable by a full trace (0 precise, 4 conservative-only)
VERIFY-MINOR condemned-but-reachable source=conservative_only kind=object class=9 payload=none
VERIFY-MINOR condemned-but-reachable source=conservative_only kind=var_ref
VERIFY-MINOR 2 of 16811 condemned objects are reachable by a full trace (0 precise, 2 conservative-only)
VERIFY-MINOR condemned-but-reachable source=conservative_only kind=object class=9 payload=none
VERIFY-MINOR condemned-but-reachable source=conservative_only kind=var_ref
VERIFY-MINOR condemned-but-reachable source=conservative_only kind=var_ref
VERIFY-MINOR 3 of 16752 condemned objects are reachable by a full trace (0 precise, 3 conservative-only)
VERIFY-MINOR condemned-but-reachable source=conservative_only kind=object class=9 payload=none
VERIFY-MINOR condemned-but-reachable source=conservative_only kind=var_ref
VERIFY-MINOR condemned-but-reachable source=conservative_only kind=var_ref
VERIFY-MINOR 3 of 16774 condemned objects are reachable by a full trace (0 precise, 3 conservative-only)
VERIFY-MINOR condemned-but-reachable source=conservative_only kind=object class=1 payload=none
VERIFY-MINOR 1 of 16724 condemned objects are reachable by a full trace (0 precise, 1 conservative-only)
VERIFY-MINOR condemned-but-reachable source=conservative_only kind=object class=9 payload=none
VERIFY-MINOR condemned-but-reachable source=conservative_only kind=var_ref
VERIFY-MINOR condemned-but-reachable source=conservative_only kind=var_ref
VERIFY-MINOR 3 of 16889 condemned objects are reachable by a full trace (0 precise, 3 conservative-only)
VERIFY-MINOR condemned-but-reachable source=conservative_only kind=object class=9 payload=none
VERIFY-MINOR condemned-but-reachable source=conservative_only kind=var_ref
VERIFY-MINOR condemned-but-reachable source=conservative_only kind=var_ref
VERIFY-MINOR 3 of 16747 condemned objects are reachable by a full trace (0 precise, 3 conservative-only)
VERIFY-MINOR condemned-but-reachable source=conservative_only kind=object class=9 payload=none
VERIFY-MINOR condemned-but-reachable source=conservative_only kind=object class=1 payload=none
VERIFY-MINOR condemned-but-reachable source=conservative_only kind=object class=1 payload=none
VERIFY-MINOR condemned-but-reachable source=conservative_only kind=object class=1 payload=none
VERIFY-MINOR condemned-but-reachable source=conservative_only kind=var_ref
VERIFY-MINOR condemned-but-reachable source=conservative_only kind=var_ref
VERIFY-MINOR 6 of 16743 condemned objects are reachable by a full trace (0 precise, 6 conservative-only)
VERIFY-MINOR condemned-but-reachable source=conservative_only kind=object class=9 payload=none
VERIFY-MINOR condemned-but-reachable source=conservative_only kind=var_ref
VERIFY-MINOR condemned-but-reachable source=conservative_only kind=var_ref
VERIFY-MINOR 3 of 16848 condemned objects are reachable by a full trace (0 precise, 3 conservative-only)
VERIFY-MINOR condemned-but-reachable source=conservative_only kind=object class=9 payload=none
VERIFY-MINOR condemned-but-reachable source=conservative_only kind=var_ref
VERIFY-MINOR condemned-but-reachable source=conservative_only kind=var_ref
VERIFY-MINOR 3 of 16756 condemned objects are reachable by a full trace (0 precise, 3 conservative-only)
VERIFY-MINOR condemned-but-reachable source=conservative_only kind=object class=9 payload=none
VERIFY-MINOR condemned-but-reachable source=conservative_only kind=var_ref
VERIFY-MINOR 2 of 16719 condemned objects are reachable by a full trace (0 precise, 2 conservative-only)
VERIFY-MINOR condemned-but-reachable source=conservative_only kind=object class=9 payload=none
VERIFY-MINOR condemned-but-reachable source=conservative_only kind=var_ref
VERIFY-MINOR condemned-but-reachable source=conservative_only kind=var_ref
VERIFY-MINOR 3 of 16841 condemned objects are reachable by a full trace (0 precise, 3 conservative-only)
VERIFY-MINOR condemned-but-reachable source=conservative_only kind=object class=9 payload=none
VERIFY-MINOR condemned-but-reachable source=conservative_only kind=var_ref
VERIFY-MINOR 2 of 16792 condemned objects are reachable by a full trace (0 precise, 2 conservative-only)
VERIFY-MINOR condemned-but-reachable source=conservative_only kind=object class=9 payload=none
VERIFY-MINOR condemned-but-reachable source=conservative_only kind=shape
VERIFY-MINOR condemned-but-reachable source=conservative_only kind=var_ref
VERIFY-MINOR condemned-but-reachable source=conservative_only kind=var_ref
VERIFY-MINOR condemned-but-reachable source=conservative_only kind=var_ref
VERIFY-MINOR 5 of 16752 condemned objects are reachable by a full trace (0 precise, 5 conservative-only)
VERIFY-MINOR condemned-but-reachable source=conservative_only kind=object class=9 payload=none
VERIFY-MINOR condemned-but-reachable source=conservative_only kind=var_ref
VERIFY-MINOR condemned-but-reachable source=conservative_only kind=var_ref
VERIFY-MINOR condemned-but-reachable source=conservative_only kind=var_ref
VERIFY-MINOR 4 of 16811 condemned objects are reachable by a full trace (0 precise, 4 conservative-only)
VERIFY-MINOR condemned-but-reachable source=conservative_only kind=object class=9 payload=none
VERIFY-MINOR condemned-but-reachable source=conservative_only kind=var_ref
VERIFY-MINOR condemned-but-reachable source=conservative_only kind=var_ref
VERIFY-MINOR condemned-but-reachable source=conservative_only kind=var_ref
VERIFY-MINOR 4 of 16865 condemned objects are reachable by a full trace (0 precise, 4 conservative-only)
VERIFY-MINOR condemned-but-reachable source=conservative_only kind=object class=9 payload=none
VERIFY-MINOR condemned-but-reachable source=conservative_only kind=var_ref
VERIFY-MINOR condemned-but-reachable source=conservative_only kind=var_ref
VERIFY-MINOR 3 of 16821 condemned objects are reachable by a full trace (0 precise, 3 conservative-only)
VERIFY-MINOR condemned-but-reachable source=conservative_only kind=object class=9 payload=none
VERIFY-MINOR condemned-but-reachable source=conservative_only kind=var_ref
VERIFY-MINOR 2 of 16762 condemned objects are reachable by a full trace (0 precise, 2 conservative-only)
VERIFY-MINOR condemned-but-reachable source=conservative_only kind=object class=9 payload=none
VERIFY-MINOR condemned-but-reachable source=conservative_only kind=var_ref
VERIFY-MINOR condemned-but-reachable source=conservative_only kind=var_ref
VERIFY-MINOR 3 of 16770 condemned objects are reachable by a full trace (0 precise, 3 conservative-only)
VERIFY-MINOR condemned-but-reachable source=conservative_only kind=object class=1 payload=none
VERIFY-MINOR 1 of 16747 condemned objects are reachable by a full trace (0 precise, 1 conservative-only)
VERIFY-MINOR condemned-but-reachable source=conservative_only kind=object class=9 payload=none
VERIFY-MINOR condemned-but-reachable source=conservative_only kind=var_ref
VERIFY-MINOR condemned-but-reachable source=conservative_only kind=var_ref
VERIFY-MINOR 3 of 16726 condemned objects are reachable by a full trace (0 precise, 3 conservative-only)
VERIFY-MINOR condemned-but-reachable source=conservative_only kind=object class=9 payload=none
VERIFY-MINOR condemned-but-reachable source=conservative_only kind=var_ref
VERIFY-MINOR condemned-but-reachable source=conservative_only kind=var_ref
VERIFY-MINOR condemned-but-reachable source=conservative_only kind=var_ref
VERIFY-MINOR 4 of 16859 condemned objects are reachable by a full trace (0 precise, 4 conservative-only)
VERIFY-MINOR condemned-but-reachable source=conservative_only kind=object class=9 payload=none
VERIFY-MINOR condemned-but-reachable source=conservative_only kind=var_ref
VERIFY-MINOR condemned-but-reachable source=conservative_only kind=var_ref
VERIFY-MINOR condemned-but-reachable source=conservative_only kind=var_ref
VERIFY-MINOR 4 of 16799 condemned objects are reachable by a full trace (0 precise, 4 conservative-only)
VERIFY-MINOR condemned-but-reachable source=conservative_only kind=object class=9 payload=none
VERIFY-MINOR condemned-but-reachable source=conservative_only kind=object class=1 payload=none
VERIFY-MINOR condemned-but-reachable source=conservative_only kind=var_ref
VERIFY-MINOR condemned-but-reachable source=conservative_only kind=var_ref
VERIFY-MINOR condemned-but-reachable source=conservative_only kind=var_ref
VERIFY-MINOR 5 of 16787 condemned objects are reachable by a full trace (0 precise, 5 conservative-only)
VERIFY-MINOR condemned-but-reachable source=conservative_only kind=object class=9 payload=none
VERIFY-MINOR condemned-but-reachable source=conservative_only kind=var_ref
VERIFY-MINOR condemned-but-reachable source=conservative_only kind=var_ref
VERIFY-MINOR 3 of 16813 condemned objects are reachable by a full trace (0 precise, 3 conservative-only)
VERIFY-MINOR condemned-but-reachable source=conservative_only kind=object class=9 payload=none
VERIFY-MINOR condemned-but-reachable source=conservative_only kind=var_ref
VERIFY-MINOR condemned-but-reachable source=conservative_only kind=var_ref
VERIFY-MINOR 3 of 16747 condemned objects are reachable by a full trace (0 precise, 3 conservative-only)
VERIFY-MINOR condemned-but-reachable source=conservative_only kind=object class=9 payload=none
VERIFY-MINOR condemned-but-reachable source=conservative_only kind=var_ref
VERIFY-MINOR condemned-but-reachable source=conservative_only kind=var_ref
VERIFY-MINOR 3 of 16880 condemned objects are reachable by a full trace (0 precise, 3 conservative-only)
VERIFY-MINOR condemned-but-reachable source=conservative_only kind=var_ref
VERIFY-MINOR 1 of 16729 condemned objects are reachable by a full trace (0 precise, 1 conservative-only)
VERIFY-MINOR condemned-but-reachable source=conservative_only kind=object class=9 payload=none
VERIFY-MINOR condemned-but-reachable source=conservative_only kind=var_ref
VERIFY-MINOR 2 of 16744 condemned objects are reachable by a full trace (0 precise, 2 conservative-only)
VERIFY-MINOR condemned-but-reachable source=conservative_only kind=object class=9 payload=none
VERIFY-MINOR condemned-but-reachable source=conservative_only kind=var_ref
VERIFY-MINOR condemned-but-reachable source=conservative_only kind=var_ref
VERIFY-MINOR 3 of 16759 condemned objects are reachable by a full trace (0 precise, 3 conservative-only)
VERIFY-MINOR condemned-but-reachable source=conservative_only kind=object class=9 payload=none
VERIFY-MINOR condemned-but-reachable source=conservative_only kind=var_ref
VERIFY-MINOR condemned-but-reachable source=conservative_only kind=var_ref
VERIFY-MINOR condemned-but-reachable source=conservative_only kind=var_ref
VERIFY-MINOR 4 of 16890 condemned objects are reachable by a full trace (0 precise, 4 conservative-only)
VERIFY-MINOR condemned-but-reachable source=conservative_only kind=object class=9 payload=none
VERIFY-MINOR condemned-but-reachable source=conservative_only kind=var_ref
VERIFY-MINOR condemned-but-reachable source=conservative_only kind=var_ref
VERIFY-MINOR 3 of 16838 condemned objects are reachable by a full trace (0 precise, 3 conservative-only)
VERIFY-MINOR condemned-but-reachable source=conservative_only kind=object class=9 payload=none
VERIFY-MINOR condemned-but-reachable source=conservative_only kind=object class=9 payload=none
VERIFY-MINOR condemned-but-reachable source=conservative_only kind=object class=1 payload=none
VERIFY-MINOR condemned-but-reachable source=conservative_only kind=var_ref
VERIFY-MINOR condemned-but-reachable source=conservative_only kind=var_ref
VERIFY-MINOR condemned-but-reachable source=conservative_only kind=var_ref
VERIFY-MINOR condemned-but-reachable source=conservative_only kind=var_ref
VERIFY-MINOR 7 of 16717 condemned objects are reachable by a full trace (0 precise, 7 conservative-only)
VERIFY-MINOR condemned-but-reachable source=conservative_only kind=object class=9 payload=none
VERIFY-MINOR condemned-but-reachable source=conservative_only kind=var_ref
VERIFY-MINOR condemned-but-reachable source=conservative_only kind=var_ref
VERIFY-MINOR 3 of 16814 condemned objects are reachable by a full trace (0 precise, 3 conservative-only)
VERIFY-MINOR condemned-but-reachable source=conservative_only kind=object class=9 payload=none
VERIFY-MINOR condemned-but-reachable source=conservative_only kind=var_ref
VERIFY-MINOR condemned-but-reachable source=conservative_only kind=var_ref
VERIFY-MINOR 3 of 16821 condemned objects are reachable by a full trace (0 precise, 3 conservative-only)
VERIFY-MINOR condemned-but-reachable source=conservative_only kind=object class=9 payload=none
VERIFY-MINOR condemned-but-reachable source=conservative_only kind=var_ref
VERIFY-MINOR condemned-but-reachable source=conservative_only kind=var_ref
VERIFY-MINOR condemned-but-reachable source=conservative_only kind=var_ref
VERIFY-MINOR 4 of 16741 condemned objects are reachable by a full trace (0 precise, 4 conservative-only)
VERIFY-MINOR condemned-but-reachable source=conservative_only kind=object class=9 payload=none
VERIFY-MINOR condemned-but-reachable source=conservative_only kind=object class=1 payload=none
VERIFY-MINOR condemned-but-reachable source=conservative_only kind=object class=1 payload=none
VERIFY-MINOR condemned-but-reachable source=conservative_only kind=var_ref
VERIFY-MINOR condemned-but-reachable source=conservative_only kind=var_ref
VERIFY-MINOR 5 of 16763 condemned objects are reachable by a full trace (0 precise, 5 conservative-only)
VERIFY-MINOR condemned-but-reachable source=conservative_only kind=object class=9 payload=none
VERIFY-MINOR condemned-but-reachable source=conservative_only kind=var_ref
VERIFY-MINOR condemned-but-reachable source=conservative_only kind=var_ref
VERIFY-MINOR 3 of 16848 condemned objects are reachable by a full trace (0 precise, 3 conservative-only)
VERIFY-MINOR condemned-but-reachable source=conservative_only kind=object class=9 payload=none
VERIFY-MINOR condemned-but-reachable source=conservative_only kind=var_ref
VERIFY-MINOR condemned-but-reachable source=conservative_only kind=var_ref
VERIFY-MINOR condemned-but-reachable source=conservative_only kind=var_ref
VERIFY-MINOR 4 of 16749 condemned objects are reachable by a full trace (0 precise, 4 conservative-only)
VERIFY-MINOR condemned-but-reachable source=conservative_only kind=object class=9 payload=none
VERIFY-MINOR condemned-but-reachable source=conservative_only kind=var_ref
VERIFY-MINOR condemned-but-reachable source=conservative_only kind=var_ref
VERIFY-MINOR 3 of 16832 condemned objects are reachable by a full trace (0 precise, 3 conservative-only)
VERIFY-MINOR condemned-but-reachable source=conservative_only kind=object class=9 payload=none
VERIFY-MINOR condemned-but-reachable source=conservative_only kind=var_ref
VERIFY-MINOR condemned-but-reachable source=conservative_only kind=var_ref
VERIFY-MINOR 3 of 16720 condemned objects are reachable by a full trace (0 precise, 3 conservative-only)
VERIFY-MINOR condemned-but-reachable source=conservative_only kind=object class=9 payload=none
VERIFY-MINOR condemned-but-reachable source=conservative_only kind=var_ref
VERIFY-MINOR condemned-but-reachable source=conservative_only kind=var_ref
VERIFY-MINOR 3 of 16810 condemned objects are reachable by a full trace (0 precise, 3 conservative-only)
VERIFY-MINOR condemned-but-reachable source=conservative_only kind=object class=9 payload=none
VERIFY-MINOR condemned-but-reachable source=conservative_only kind=object class=9 payload=none
VERIFY-MINOR condemned-but-reachable source=conservative_only kind=object class=1 payload=none
VERIFY-MINOR condemned-but-reachable source=conservative_only kind=var_ref
VERIFY-MINOR condemned-but-reachable source=conservative_only kind=var_ref
VERIFY-MINOR condemned-but-reachable source=conservative_only kind=var_ref
VERIFY-MINOR condemned-but-reachable source=conservative_only kind=var_ref
VERIFY-MINOR 7 of 16717 condemned objects are reachable by a full trace (0 precise, 7 conservative-only)
VERIFY-MINOR condemned-but-reachable source=conservative_only kind=object class=9 payload=none
VERIFY-MINOR condemned-but-reachable source=conservative_only kind=var_ref
VERIFY-MINOR condemned-but-reachable source=conservative_only kind=var_ref
VERIFY-MINOR 3 of 16892 condemned objects are reachable by a full trace (0 precise, 3 conservative-only)
VERIFY-MINOR condemned-but-reachable source=conservative_only kind=object class=9 payload=none
VERIFY-MINOR condemned-but-reachable source=conservative_only kind=object class=9 payload=none
VERIFY-MINOR condemned-but-reachable source=conservative_only kind=var_ref
VERIFY-MINOR condemned-but-reachable source=conservative_only kind=var_ref
VERIFY-MINOR condemned-but-reachable source=conservative_only kind=var_ref
VERIFY-MINOR condemned-but-reachable source=conservative_only kind=var_ref
VERIFY-MINOR condemned-but-reachable source=conservative_only kind=var_ref
VERIFY-MINOR 7 of 16763 condemned objects are reachable by a full trace (0 precise, 7 conservative-only)
VERIFY-MINOR condemned-but-reachable source=conservative_only kind=object class=9 payload=none
VERIFY-MINOR condemned-but-reachable source=conservative_only kind=var_ref
VERIFY-MINOR condemned-but-reachable source=conservative_only kind=var_ref
VERIFY-MINOR 3 of 16740 condemned objects are reachable by a full trace (0 precise, 3 conservative-only)
VERIFY-MINOR condemned-but-reachable source=conservative_only kind=object class=9 payload=none
VERIFY-MINOR condemned-but-reachable source=conservative_only kind=object class=9 payload=none
VERIFY-MINOR condemned-but-reachable source=conservative_only kind=var_ref
VERIFY-MINOR condemned-but-reachable source=conservative_only kind=var_ref
VERIFY-MINOR condemned-but-reachable source=conservative_only kind=var_ref
VERIFY-MINOR condemned-but-reachable source=conservative_only kind=var_ref
VERIFY-MINOR condemned-but-reachable source=conservative_only kind=var_ref
VERIFY-MINOR 7 of 16757 condemned objects are reachable by a full trace (0 precise, 7 conservative-only)
VERIFY-MINOR condemned-but-reachable source=conservative_only kind=object class=9 payload=none
VERIFY-MINOR condemned-but-reachable source=conservative_only kind=var_ref
VERIFY-MINOR condemned-but-reachable source=conservative_only kind=var_ref
VERIFY-MINOR 3 of 16890 condemned objects are reachable by a full trace (0 precise, 3 conservative-only)
VERIFY-MINOR condemned-but-reachable source=conservative_only kind=object class=9 payload=none
VERIFY-MINOR condemned-but-reachable source=conservative_only kind=var_ref
VERIFY-MINOR condemned-but-reachable source=conservative_only kind=var_ref
VERIFY-MINOR 3 of 16838 condemned objects are reachable by a full trace (0 precise, 3 conservative-only)
VERIFY-MINOR condemned-but-reachable source=conservative_only kind=object class=9 payload=none
VERIFY-MINOR condemned-but-reachable source=conservative_only kind=var_ref
VERIFY-MINOR condemned-but-reachable source=conservative_only kind=var_ref
VERIFY-MINOR 3 of 16727 condemned objects are reachable by a full trace (0 precise, 3 conservative-only)
VERIFY-MINOR condemned-but-reachable source=conservative_only kind=object class=9 payload=none
VERIFY-MINOR condemned-but-reachable source=conservative_only kind=var_ref
VERIFY-MINOR condemned-but-reachable source=conservative_only kind=var_ref
VERIFY-MINOR 3 of 16805 condemned objects are reachable by a full trace (0 precise, 3 conservative-only)
VERIFY-MINOR condemned-but-reachable source=conservative_only kind=object class=9 payload=none
VERIFY-MINOR condemned-but-reachable source=conservative_only kind=var_ref
VERIFY-MINOR 2 of 16735 condemned objects are reachable by a full trace (0 precise, 2 conservative-only)
VERIFY-MINOR condemned-but-reachable source=conservative_only kind=object class=9 payload=none
VERIFY-MINOR condemned-but-reachable source=conservative_only kind=var_ref
VERIFY-MINOR condemned-but-reachable source=conservative_only kind=var_ref
VERIFY-MINOR 3 of 16820 condemned objects are reachable by a full trace (0 precise, 3 conservative-only)
VERIFY-MINOR condemned-but-reachable source=conservative_only kind=object class=1 payload=none
VERIFY-MINOR 1 of 16760 condemned objects are reachable by a full trace (0 precise, 1 conservative-only)
VERIFY-MINOR condemned-but-reachable source=conservative_only kind=object class=9 payload=none
VERIFY-MINOR condemned-but-reachable source=conservative_only kind=var_ref
VERIFY-MINOR condemned-but-reachable source=conservative_only kind=var_ref
VERIFY-MINOR 3 of 16787 condemned objects are reachable by a full trace (0 precise, 3 conservative-only)
VERIFY-MINOR condemned-but-reachable source=conservative_only kind=object class=9 payload=none
VERIFY-MINOR condemned-but-reachable source=conservative_only kind=var_ref
VERIFY-MINOR 2 of 16779 condemned objects are reachable by a full trace (0 precise, 2 conservative-only)
VERIFY-MINOR condemned-but-reachable source=conservative_only kind=object class=9 payload=none
VERIFY-MINOR condemned-but-reachable source=conservative_only kind=var_ref
VERIFY-MINOR condemned-but-reachable source=conservative_only kind=var_ref
VERIFY-MINOR 3 of 16751 condemned objects are reachable by a full trace (0 precise, 3 conservative-only)
VERIFY-MINOR condemned-but-reachable source=conservative_only kind=shape
VERIFY-MINOR 1 of 16736 condemned objects are reachable by a full trace (0 precise, 1 conservative-only)
VERIFY-MINOR condemned-but-reachable source=conservative_only kind=object class=9 payload=none
VERIFY-MINOR condemned-but-reachable source=conservative_only kind=var_ref
VERIFY-MINOR condemned-but-reachable source=conservative_only kind=var_ref
VERIFY-MINOR 3 of 16840 condemned objects are reachable by a full trace (0 precise, 3 conservative-only)
VERIFY-MINOR condemned-but-reachable source=conservative_only kind=object class=9 payload=none
VERIFY-MINOR condemned-but-reachable source=conservative_only kind=var_ref
VERIFY-MINOR condemned-but-reachable source=conservative_only kind=var_ref
VERIFY-MINOR 3 of 16694 condemned objects are reachable by a full trace (0 precise, 3 conservative-only)
VERIFY-MINOR condemned-but-reachable source=conservative_only kind=object class=9 payload=none
VERIFY-MINOR condemned-but-reachable source=conservative_only kind=var_ref
VERIFY-MINOR condemned-but-reachable source=conservative_only kind=var_ref
VERIFY-MINOR condemned-but-reachable source=conservative_only kind=var_ref
VERIFY-MINOR 4 of 16748 condemned objects are reachable by a full trace (0 precise, 4 conservative-only)
VERIFY-MINOR condemned-but-reachable source=conservative_only kind=object class=9 payload=none
VERIFY-MINOR condemned-but-reachable source=conservative_only kind=var_ref
VERIFY-MINOR condemned-but-reachable source=conservative_only kind=var_ref
VERIFY-MINOR 3 of 16771 condemned objects are reachable by a full trace (0 precise, 3 conservative-only)
VERIFY-MINOR condemned-but-reachable source=conservative_only kind=object class=9 payload=none
VERIFY-MINOR condemned-but-reachable source=conservative_only kind=var_ref
VERIFY-MINOR condemned-but-reachable source=conservative_only kind=var_ref
VERIFY-MINOR condemned-but-reachable source=conservative_only kind=var_ref
VERIFY-MINOR 4 of 16745 condemned objects are reachable by a full trace (0 precise, 4 conservative-only)
VERIFY-MINOR condemned-but-reachable source=conservative_only kind=object class=9 payload=none
VERIFY-MINOR condemned-but-reachable source=conservative_only kind=var_ref
VERIFY-MINOR 2 of 16852 condemned objects are reachable by a full trace (0 precise, 2 conservative-only)
VERIFY-MINOR condemned-but-reachable source=conservative_only kind=object class=9 payload=none
VERIFY-MINOR condemned-but-reachable source=conservative_only kind=var_ref
VERIFY-MINOR condemned-but-reachable source=conservative_only kind=var_ref
VERIFY-MINOR 3 of 16743 condemned objects are reachable by a full trace (0 precise, 3 conservative-only)
VERIFY-MINOR condemned-but-reachable source=conservative_only kind=object class=9 payload=none
VERIFY-MINOR condemned-but-reachable source=conservative_only kind=shape
VERIFY-MINOR condemned-but-reachable source=conservative_only kind=var_ref
VERIFY-MINOR condemned-but-reachable source=conservative_only kind=var_ref
VERIFY-MINOR 4 of 16733 condemned objects are reachable by a full trace (0 precise, 4 conservative-only)
VERIFY-MINOR condemned-but-reachable source=conservative_only kind=object class=9 payload=none
VERIFY-MINOR condemned-but-reachable source=conservative_only kind=var_ref
VERIFY-MINOR condemned-but-reachable source=conservative_only kind=var_ref
VERIFY-MINOR 3 of 16712 condemned objects are reachable by a full trace (0 precise, 3 conservative-only)
VERIFY-MINOR condemned-but-reachable source=conservative_only kind=object class=9 payload=none
VERIFY-MINOR condemned-but-reachable source=conservative_only kind=var_ref
VERIFY-MINOR condemned-but-reachable source=conservative_only kind=var_ref
VERIFY-MINOR 3 of 16711 condemned objects are reachable by a full trace (0 precise, 3 conservative-only)
VERIFY-MINOR condemned-but-reachable source=conservative_only kind=object class=9 payload=none
VERIFY-MINOR condemned-but-reachable source=conservative_only kind=var_ref
VERIFY-MINOR condemned-but-reachable source=conservative_only kind=var_ref
VERIFY-MINOR condemned-but-reachable source=conservative_only kind=var_ref
VERIFY-MINOR 4 of 16765 condemned objects are reachable by a full trace (0 precise, 4 conservative-only)
VERIFY-MINOR condemned-but-reachable source=conservative_only kind=object class=9 payload=none
VERIFY-MINOR condemned-but-reachable source=conservative_only kind=var_ref
VERIFY-MINOR condemned-but-reachable source=conservative_only kind=var_ref
VERIFY-MINOR 3 of 16852 condemned objects are reachable by a full trace (0 precise, 3 conservative-only)
VERIFY-MINOR condemned-but-reachable source=conservative_only kind=object class=9 payload=none
VERIFY-MINOR condemned-but-reachable source=conservative_only kind=var_ref
VERIFY-MINOR 2 of 16788 condemned objects are reachable by a full trace (0 precise, 2 conservative-only)
VERIFY-MINOR condemned-but-reachable source=conservative_only kind=object class=9 payload=none
VERIFY-MINOR condemned-but-reachable source=conservative_only kind=object class=9 payload=none
VERIFY-MINOR condemned-but-reachable source=conservative_only kind=var_ref
VERIFY-MINOR condemned-but-reachable source=conservative_only kind=var_ref
VERIFY-MINOR condemned-but-reachable source=conservative_only kind=var_ref
VERIFY-MINOR condemned-but-reachable source=conservative_only kind=var_ref
VERIFY-MINOR condemned-but-reachable source=conservative_only kind=var_ref
VERIFY-MINOR 7 of 16779 condemned objects are reachable by a full trace (0 precise, 7 conservative-only)
VERIFY-MINOR condemned-but-reachable source=conservative_only kind=object class=9 payload=none
VERIFY-MINOR condemned-but-reachable source=conservative_only kind=var_ref
VERIFY-MINOR condemned-but-reachable source=conservative_only kind=var_ref
VERIFY-MINOR 3 of 16751 condemned objects are reachable by a full trace (0 precise, 3 conservative-only)
VERIFY-MINOR condemned-but-reachable source=conservative_only kind=object class=9 payload=none
VERIFY-MINOR condemned-but-reachable source=conservative_only kind=object class=9 payload=none
VERIFY-MINOR condemned-but-reachable source=conservative_only kind=var_ref
VERIFY-MINOR condemned-but-reachable source=conservative_only kind=var_ref
VERIFY-MINOR condemned-but-reachable source=conservative_only kind=var_ref
VERIFY-MINOR condemned-but-reachable source=conservative_only kind=var_ref
VERIFY-MINOR condemned-but-reachable source=conservative_only kind=var_ref
VERIFY-MINOR 7 of 16743 condemned objects are reachable by a full trace (0 precise, 7 conservative-only)
VERIFY-MINOR condemned-but-reachable source=conservative_only kind=object class=9 payload=none
VERIFY-MINOR condemned-but-reachable source=conservative_only kind=var_ref
VERIFY-MINOR condemned-but-reachable source=conservative_only kind=var_ref
VERIFY-MINOR 3 of 16883 condemned objects are reachable by a full trace (0 precise, 3 conservative-only)
VERIFY-MINOR condemned-but-reachable source=conservative_only kind=object class=9 payload=none
VERIFY-MINOR condemned-but-reachable source=conservative_only kind=var_ref
VERIFY-MINOR condemned-but-reachable source=conservative_only kind=var_ref
VERIFY-MINOR condemned-but-reachable source=conservative_only kind=var_ref
VERIFY-MINOR 4 of 16841 condemned objects are reachable by a full trace (0 precise, 4 conservative-only)
VERIFY-MINOR condemned-but-reachable source=conservative_only kind=object class=9 payload=none
VERIFY-MINOR condemned-but-reachable source=conservative_only kind=var_ref
VERIFY-MINOR 2 of 16751 condemned objects are reachable by a full trace (0 precise, 2 conservative-only)
VERIFY-MINOR condemned-but-reachable source=conservative_only kind=object class=9 payload=none
VERIFY-MINOR condemned-but-reachable source=conservative_only kind=var_ref
VERIFY-MINOR condemned-but-reachable source=conservative_only kind=var_ref
VERIFY-MINOR 3 of 16803 condemned objects are reachable by a full trace (0 precise, 3 conservative-only)
VERIFY-MINOR condemned-but-reachable source=conservative_only kind=object class=9 payload=none
VERIFY-MINOR condemned-but-reachable source=conservative_only kind=var_ref
VERIFY-MINOR condemned-but-reachable source=conservative_only kind=var_ref
VERIFY-MINOR 3 of 16753 condemned objects are reachable by a full trace (0 precise, 3 conservative-only)
VERIFY-MINOR condemned-but-reachable source=conservative_only kind=object class=1 payload=none
VERIFY-MINOR condemned-but-reachable source=conservative_only kind=object class=9 payload=none
VERIFY-MINOR condemned-but-reachable source=conservative_only kind=object class=1 payload=none
VERIFY-MINOR condemned-but-reachable source=conservative_only kind=object class=1 payload=none
VERIFY-MINOR condemned-but-reachable source=conservative_only kind=var_ref
VERIFY-MINOR condemned-but-reachable source=conservative_only kind=var_ref
VERIFY-MINOR 6 of 16733 condemned objects are reachable by a full trace (0 precise, 6 conservative-only)
VERIFY-MINOR condemned-but-reachable source=conservative_only kind=object class=9 payload=none
VERIFY-MINOR condemned-but-reachable source=conservative_only kind=var_ref
VERIFY-MINOR condemned-but-reachable source=conservative_only kind=var_ref
VERIFY-MINOR 3 of 16820 condemned objects are reachable by a full trace (0 precise, 3 conservative-only)
VERIFY-MINOR condemned-but-reachable source=conservative_only kind=object class=9 payload=none
VERIFY-MINOR condemned-but-reachable source=conservative_only kind=var_ref
VERIFY-MINOR condemned-but-reachable source=conservative_only kind=var_ref
VERIFY-MINOR 3 of 16886 condemned objects are reachable by a full trace (0 precise, 3 conservative-only)
VERIFY-MINOR condemned-but-reachable source=conservative_only kind=object class=9 payload=none
VERIFY-MINOR condemned-but-reachable source=conservative_only kind=var_ref
VERIFY-MINOR condemned-but-reachable source=conservative_only kind=var_ref
VERIFY-MINOR 3 of 16689 condemned objects are reachable by a full trace (0 precise, 3 conservative-only)
VERIFY-MINOR condemned-but-reachable source=conservative_only kind=object class=9 payload=none
VERIFY-MINOR condemned-but-reachable source=conservative_only kind=var_ref
VERIFY-MINOR condemned-but-reachable source=conservative_only kind=var_ref
VERIFY-MINOR 3 of 16881 condemned objects are reachable by a full trace (0 precise, 3 conservative-only)
VERIFY-MINOR condemned-but-reachable source=conservative_only kind=object class=9 payload=none
VERIFY-MINOR condemned-but-reachable source=conservative_only kind=object class=1 payload=none
VERIFY-MINOR condemned-but-reachable source=conservative_only kind=var_ref
VERIFY-MINOR condemned-but-reachable source=conservative_only kind=var_ref
VERIFY-MINOR 4 of 16822 condemned objects are reachable by a full trace (0 precise, 4 conservative-only)
VERIFY-MINOR condemned-but-reachable source=conservative_only kind=object class=1 payload=none
VERIFY-MINOR condemned-but-reachable source=conservative_only kind=object class=1 payload=none
VERIFY-MINOR condemned-but-reachable source=conservative_only kind=object class=9 payload=none
VERIFY-MINOR condemned-but-reachable source=conservative_only kind=var_ref
VERIFY-MINOR condemned-but-reachable source=conservative_only kind=var_ref
VERIFY-MINOR 5 of 16789 condemned objects are reachable by a full trace (0 precise, 5 conservative-only)
VERIFY-MINOR condemned-but-reachable source=conservative_only kind=object class=9 payload=none
VERIFY-MINOR condemned-but-reachable source=conservative_only kind=var_ref
VERIFY-MINOR condemned-but-reachable source=conservative_only kind=var_ref
VERIFY-MINOR condemned-but-reachable source=conservative_only kind=var_ref
VERIFY-MINOR 4 of 16852 condemned objects are reachable by a full trace (0 precise, 4 conservative-only)
VERIFY-MINOR condemned-but-reachable source=conservative_only kind=object class=9 payload=none
VERIFY-MINOR condemned-but-reachable source=conservative_only kind=var_ref
VERIFY-MINOR condemned-but-reachable source=conservative_only kind=var_ref
VERIFY-MINOR 3 of 16787 condemned objects are reachable by a full trace (0 precise, 3 conservative-only)
VERIFY-MINOR condemned-but-reachable source=conservative_only kind=object class=9 payload=none
VERIFY-MINOR condemned-but-reachable source=conservative_only kind=var_ref
VERIFY-MINOR 2 of 16752 condemned objects are reachable by a full trace (0 precise, 2 conservative-only)
VERIFY-MINOR condemned-but-reachable source=conservative_only kind=object class=9 payload=none
VERIFY-MINOR condemned-but-reachable source=conservative_only kind=object class=9 payload=none
VERIFY-MINOR condemned-but-reachable source=conservative_only kind=object class=1 payload=none
VERIFY-MINOR condemned-but-reachable source=conservative_only kind=var_ref
VERIFY-MINOR condemned-but-reachable source=conservative_only kind=var_ref
VERIFY-MINOR condemned-but-reachable source=conservative_only kind=var_ref
VERIFY-MINOR condemned-but-reachable source=conservative_only kind=var_ref
VERIFY-MINOR 7 of 16747 condemned objects are reachable by a full trace (0 precise, 7 conservative-only)
VERIFY-MINOR condemned-but-reachable source=conservative_only kind=object class=9 payload=none
VERIFY-MINOR condemned-but-reachable source=conservative_only kind=var_ref
VERIFY-MINOR condemned-but-reachable source=conservative_only kind=var_ref
VERIFY-MINOR condemned-but-reachable source=conservative_only kind=var_ref
VERIFY-MINOR 4 of 16765 condemned objects are reachable by a full trace (0 precise, 4 conservative-only)
VERIFY-MINOR condemned-but-reachable source=conservative_only kind=object class=9 payload=none
VERIFY-MINOR condemned-but-reachable source=conservative_only kind=var_ref
VERIFY-MINOR condemned-but-reachable source=conservative_only kind=var_ref
VERIFY-MINOR 3 of 16730 condemned objects are reachable by a full trace (0 precise, 3 conservative-only)
VERIFY-MINOR condemned-but-reachable source=conservative_only kind=object class=9 payload=none
VERIFY-MINOR condemned-but-reachable source=conservative_only kind=var_ref
VERIFY-MINOR condemned-but-reachable source=conservative_only kind=var_ref
VERIFY-MINOR 3 of 16879 condemned objects are reachable by a full trace (0 precise, 3 conservative-only)
VERIFY-MINOR condemned-but-reachable source=conservative_only kind=object class=9 payload=none
VERIFY-MINOR condemned-but-reachable source=conservative_only kind=var_ref
VERIFY-MINOR condemned-but-reachable source=conservative_only kind=var_ref
VERIFY-MINOR condemned-but-reachable source=conservative_only kind=var_ref
VERIFY-MINOR 4 of 16777 condemned objects are reachable by a full trace (0 precise, 4 conservative-only)
VERIFY-MINOR condemned-but-reachable source=conservative_only kind=object class=9 payload=none
VERIFY-MINOR condemned-but-reachable source=conservative_only kind=var_ref
VERIFY-MINOR condemned-but-reachable source=conservative_only kind=var_ref
VERIFY-MINOR condemned-but-reachable source=conservative_only kind=var_ref
VERIFY-MINOR 4 of 16892 condemned objects are reachable by a full trace (0 precise, 4 conservative-only)
VERIFY-MINOR condemned-but-reachable source=conservative_only kind=object class=9 payload=none
VERIFY-MINOR condemned-but-reachable source=conservative_only kind=var_ref
VERIFY-MINOR condemned-but-reachable source=conservative_only kind=var_ref
VERIFY-MINOR condemned-but-reachable source=conservative_only kind=var_ref
VERIFY-MINOR 4 of 16813 condemned objects are reachable by a full trace (0 precise, 4 conservative-only)
VERIFY-MINOR condemned-but-reachable source=conservative_only kind=object class=9 payload=none
VERIFY-MINOR condemned-but-reachable source=conservative_only kind=var_ref
VERIFY-MINOR condemned-but-reachable source=conservative_only kind=var_ref
VERIFY-MINOR condemned-but-reachable source=conservative_only kind=var_ref
VERIFY-MINOR 4 of 16751 condemned objects are reachable by a full trace (0 precise, 4 conservative-only)
VERIFY-MINOR condemned-but-reachable source=conservative_only kind=object class=9 payload=none
VERIFY-MINOR condemned-but-reachable source=conservative_only kind=var_ref
VERIFY-MINOR 2 of 16795 condemned objects are reachable by a full trace (0 precise, 2 conservative-only)
VERIFY-MINOR condemned-but-reachable source=conservative_only kind=object class=9 payload=none
VERIFY-MINOR condemned-but-reachable source=conservative_only kind=shape
VERIFY-MINOR condemned-but-reachable source=conservative_only kind=var_ref
VERIFY-MINOR condemned-but-reachable source=conservative_only kind=var_ref
VERIFY-MINOR 4 of 16727 condemned objects are reachable by a full trace (0 precise, 4 conservative-only)
VERIFY-MINOR condemned-but-reachable source=conservative_only kind=object class=9 payload=none
VERIFY-MINOR condemned-but-reachable source=conservative_only kind=var_ref
VERIFY-MINOR condemned-but-reachable source=conservative_only kind=var_ref
VERIFY-MINOR condemned-but-reachable source=conservative_only kind=var_ref
VERIFY-MINOR 4 of 16787 condemned objects are reachable by a full trace (0 precise, 4 conservative-only)
VERIFY-MINOR condemned-but-reachable source=conservative_only kind=object class=9 payload=none
VERIFY-MINOR condemned-but-reachable source=conservative_only kind=var_ref
VERIFY-MINOR condemned-but-reachable source=conservative_only kind=var_ref
VERIFY-MINOR 3 of 16782 condemned objects are reachable by a full trace (0 precise, 3 conservative-only)
VERIFY-MINOR condemned-but-reachable source=conservative_only kind=object class=9 payload=none
VERIFY-MINOR condemned-but-reachable source=conservative_only kind=var_ref
VERIFY-MINOR condemned-but-reachable source=conservative_only kind=var_ref
VERIFY-MINOR 3 of 16746 condemned objects are reachable by a full trace (0 precise, 3 conservative-only)
VERIFY-MINOR condemned-but-reachable source=conservative_only kind=object class=9 payload=none
VERIFY-MINOR condemned-but-reachable source=conservative_only kind=var_ref
VERIFY-MINOR condemned-but-reachable source=conservative_only kind=var_ref
VERIFY-MINOR condemned-but-reachable source=conservative_only kind=var_ref
VERIFY-MINOR 4 of 16842 condemned objects are reachable by a full trace (0 precise, 4 conservative-only)
VERIFY-MINOR condemned-but-reachable source=conservative_only kind=object class=9 payload=none
VERIFY-MINOR condemned-but-reachable source=conservative_only kind=var_ref
VERIFY-MINOR condemned-but-reachable source=conservative_only kind=var_ref
VERIFY-MINOR 3 of 16820 condemned objects are reachable by a full trace (0 precise, 3 conservative-only)
VERIFY-MINOR condemned-but-reachable source=conservative_only kind=object class=9 payload=none
VERIFY-MINOR condemned-but-reachable source=conservative_only kind=var_ref
VERIFY-MINOR condemned-but-reachable source=conservative_only kind=var_ref
VERIFY-MINOR 3 of 16739 condemned objects are reachable by a full trace (0 precise, 3 conservative-only)
VERIFY-MINOR condemned-but-reachable source=conservative_only kind=object class=9 payload=none
VERIFY-MINOR condemned-but-reachable source=conservative_only kind=object class=9 payload=none
VERIFY-MINOR condemned-but-reachable source=conservative_only kind=var_ref
VERIFY-MINOR condemned-but-reachable source=conservative_only kind=var_ref
VERIFY-MINOR condemned-but-reachable source=conservative_only kind=var_ref
VERIFY-MINOR condemned-but-reachable source=conservative_only kind=var_ref
VERIFY-MINOR 6 of 16727 condemned objects are reachable by a full trace (0 precise, 6 conservative-only)
VERIFY-MINOR condemned-but-reachable source=conservative_only kind=object class=9 payload=none
VERIFY-MINOR condemned-but-reachable source=conservative_only kind=var_ref
VERIFY-MINOR condemned-but-reachable source=conservative_only kind=var_ref
VERIFY-MINOR 3 of 16739 condemned objects are reachable by a full trace (0 precise, 3 conservative-only)
VERIFY-MINOR condemned-but-reachable source=conservative_only kind=object class=1 payload=none
VERIFY-MINOR condemned-but-reachable source=conservative_only kind=object class=9 payload=none
VERIFY-MINOR condemned-but-reachable source=conservative_only kind=object class=1 payload=none
VERIFY-MINOR condemned-but-reachable source=conservative_only kind=var_ref
VERIFY-MINOR 4 of 16855 condemned objects are reachable by a full trace (0 precise, 4 conservative-only)
VERIFY-MINOR condemned-but-reachable source=conservative_only kind=object class=9 payload=none
VERIFY-MINOR condemned-but-reachable source=conservative_only kind=object class=1 payload=none
VERIFY-MINOR condemned-but-reachable source=conservative_only kind=var_ref
VERIFY-MINOR condemned-but-reachable source=conservative_only kind=var_ref
VERIFY-MINOR 4 of 16805 condemned objects are reachable by a full trace (0 precise, 4 conservative-only)
VERIFY-MINOR condemned-but-reachable source=conservative_only kind=object class=9 payload=none
VERIFY-MINOR condemned-but-reachable source=conservative_only kind=var_ref
VERIFY-MINOR condemned-but-reachable source=conservative_only kind=var_ref
VERIFY-MINOR 3 of 16776 condemned objects are reachable by a full trace (0 precise, 3 conservative-only)
VERIFY-MINOR condemned-but-reachable source=conservative_only kind=object class=9 payload=none
VERIFY-MINOR condemned-but-reachable source=conservative_only kind=object class=9 payload=none
VERIFY-MINOR condemned-but-reachable source=conservative_only kind=var_ref
VERIFY-MINOR condemned-but-reachable source=conservative_only kind=var_ref
VERIFY-MINOR condemned-but-reachable source=conservative_only kind=var_ref
VERIFY-MINOR condemned-but-reachable source=conservative_only kind=var_ref
VERIFY-MINOR 6 of 16759 condemned objects are reachable by a full trace (0 precise, 6 conservative-only)
VERIFY-MINOR condemned-but-reachable source=conservative_only kind=object class=1 payload=none
VERIFY-MINOR condemned-but-reachable source=conservative_only kind=var_ref
VERIFY-MINOR 2 of 16732 condemned objects are reachable by a full trace (0 precise, 2 conservative-only)
VERIFY-MINOR condemned-but-reachable source=conservative_only kind=object class=9 payload=none
VERIFY-MINOR condemned-but-reachable source=conservative_only kind=var_ref
VERIFY-MINOR 2 of 16807 condemned objects are reachable by a full trace (0 precise, 2 conservative-only)
VERIFY-MINOR condemned-but-reachable source=conservative_only kind=object class=9 payload=none
VERIFY-MINOR condemned-but-reachable source=conservative_only kind=var_ref
VERIFY-MINOR condemned-but-reachable source=conservative_only kind=var_ref
VERIFY-MINOR condemned-but-reachable source=conservative_only kind=var_ref
VERIFY-MINOR 4 of 16884 condemned objects are reachable by a full trace (0 precise, 4 conservative-only)
VERIFY-MINOR condemned-but-reachable source=conservative_only kind=object class=9 payload=none
VERIFY-MINOR condemned-but-reachable source=conservative_only kind=var_ref
VERIFY-MINOR 2 of 16834 condemned objects are reachable by a full trace (0 precise, 2 conservative-only)
VERIFY-MINOR condemned-but-reachable source=conservative_only kind=object class=9 payload=none
VERIFY-MINOR condemned-but-reachable source=conservative_only kind=var_ref
VERIFY-MINOR condemned-but-reachable source=conservative_only kind=var_ref
VERIFY-MINOR 3 of 16703 condemned objects are reachable by a full trace (0 precise, 3 conservative-only)
VERIFY-MINOR condemned-but-reachable source=conservative_only kind=object class=9 payload=none
VERIFY-MINOR condemned-but-reachable source=conservative_only kind=var_ref
VERIFY-MINOR condemned-but-reachable source=conservative_only kind=var_ref
VERIFY-MINOR condemned-but-reachable source=conservative_only kind=var_ref
VERIFY-MINOR 4 of 16850 condemned objects are reachable by a full trace (0 precise, 4 conservative-only)
VERIFY-MINOR condemned-but-reachable source=conservative_only kind=object class=9 payload=none
VERIFY-MINOR condemned-but-reachable source=conservative_only kind=var_ref
VERIFY-MINOR condemned-but-reachable source=conservative_only kind=var_ref
VERIFY-MINOR 3 of 16778 condemned objects are reachable by a full trace (0 precise, 3 conservative-only)
VERIFY-MINOR condemned-but-reachable source=conservative_only kind=object class=9 payload=none
VERIFY-MINOR condemned-but-reachable source=conservative_only kind=object class=9 payload=none
VERIFY-MINOR condemned-but-reachable source=conservative_only kind=object class=1 payload=none
VERIFY-MINOR condemned-but-reachable source=conservative_only kind=var_ref
VERIFY-MINOR condemned-but-reachable source=conservative_only kind=var_ref
VERIFY-MINOR condemned-but-reachable source=conservative_only kind=var_ref
VERIFY-MINOR condemned-but-reachable source=conservative_only kind=var_ref
VERIFY-MINOR 7 of 16765 condemned objects are reachable by a full trace (0 precise, 7 conservative-only)
VERIFY-MINOR condemned-but-reachable source=conservative_only kind=object class=9 payload=none
VERIFY-MINOR condemned-but-reachable source=conservative_only kind=var_ref
VERIFY-MINOR condemned-but-reachable source=conservative_only kind=var_ref
VERIFY-MINOR 3 of 16773 condemned objects are reachable by a full trace (0 precise, 3 conservative-only)
VERIFY-MINOR condemned-but-reachable source=conservative_only kind=object class=9 payload=none
VERIFY-MINOR condemned-but-reachable source=conservative_only kind=var_ref
VERIFY-MINOR condemned-but-reachable source=conservative_only kind=var_ref
VERIFY-MINOR 3 of 16749 condemned objects are reachable by a full trace (0 precise, 3 conservative-only)
VERIFY-MINOR condemned-but-reachable source=conservative_only kind=object class=9 payload=none
VERIFY-MINOR condemned-but-reachable source=conservative_only kind=var_ref
VERIFY-MINOR 2 of 16808 condemned objects are reachable by a full trace (0 precise, 2 conservative-only)
VERIFY-MINOR condemned-but-reachable source=conservative_only kind=object class=9 payload=none
VERIFY-MINOR condemned-but-reachable source=conservative_only kind=var_ref
VERIFY-MINOR condemned-but-reachable source=conservative_only kind=var_ref
VERIFY-MINOR 3 of 16708 condemned objects are reachable by a full trace (0 precise, 3 conservative-only)
VERIFY-MINOR condemned-but-reachable source=conservative_only kind=object class=1 payload=none
VERIFY-MINOR condemned-but-reachable source=conservative_only kind=object class=1 payload=none
VERIFY-MINOR condemned-but-reachable source=conservative_only kind=object class=9 payload=none
VERIFY-MINOR condemned-but-reachable source=conservative_only kind=var_ref
VERIFY-MINOR condemned-but-reachable source=conservative_only kind=var_ref
VERIFY-MINOR 5 of 16868 condemned objects are reachable by a full trace (0 precise, 5 conservative-only)
VERIFY-MINOR condemned-but-reachable source=conservative_only kind=object class=9 payload=none
VERIFY-MINOR condemned-but-reachable source=conservative_only kind=var_ref
VERIFY-MINOR condemned-but-reachable source=conservative_only kind=var_ref
VERIFY-MINOR 3 of 16757 condemned objects are reachable by a full trace (0 precise, 3 conservative-only)
VERIFY-MINOR condemned-but-reachable source=conservative_only kind=object class=9 payload=none
VERIFY-MINOR condemned-but-reachable source=conservative_only kind=var_ref
VERIFY-MINOR condemned-but-reachable source=conservative_only kind=var_ref
VERIFY-MINOR 3 of 16773 condemned objects are reachable by a full trace (0 precise, 3 conservative-only)
VERIFY-MINOR condemned-but-reachable source=conservative_only kind=object class=9 payload=none
VERIFY-MINOR condemned-but-reachable source=conservative_only kind=var_ref
VERIFY-MINOR condemned-but-reachable source=conservative_only kind=var_ref
VERIFY-MINOR 3 of 16807 condemned objects are reachable by a full trace (0 precise, 3 conservative-only)
VERIFY-MINOR condemned-but-reachable source=conservative_only kind=object class=9 payload=none
VERIFY-MINOR condemned-but-reachable source=conservative_only kind=var_ref
VERIFY-MINOR condemned-but-reachable source=conservative_only kind=var_ref
VERIFY-MINOR condemned-but-reachable source=conservative_only kind=var_ref
VERIFY-MINOR 4 of 16753 condemned objects are reachable by a full trace (0 precise, 4 conservative-only)
VERIFY-MINOR condemned-but-reachable source=conservative_only kind=object class=9 payload=none
VERIFY-MINOR condemned-but-reachable source=conservative_only kind=var_ref
VERIFY-MINOR condemned-but-reachable source=conservative_only kind=var_ref
VERIFY-MINOR 3 of 16732 condemned objects are reachable by a full trace (0 precise, 3 conservative-only)
VERIFY-MINOR condemned-but-reachable source=conservative_only kind=object class=9 payload=none
VERIFY-MINOR condemned-but-reachable source=conservative_only kind=object class=1 payload=none
VERIFY-MINOR condemned-but-reachable source=conservative_only kind=var_ref
VERIFY-MINOR condemned-but-reachable source=conservative_only kind=var_ref
VERIFY-MINOR 4 of 16887 condemned objects are reachable by a full trace (0 precise, 4 conservative-only)
VERIFY-MINOR condemned-but-reachable source=conservative_only kind=object class=9 payload=none
VERIFY-MINOR condemned-but-reachable source=conservative_only kind=var_ref
VERIFY-MINOR condemned-but-reachable source=conservative_only kind=var_ref
VERIFY-MINOR 3 of 16729 condemned objects are reachable by a full trace (0 precise, 3 conservative-only)
VERIFY-MINOR condemned-but-reachable source=conservative_only kind=object class=9 payload=none
VERIFY-MINOR condemned-but-reachable source=conservative_only kind=var_ref
VERIFY-MINOR 2 of 16890 condemned objects are reachable by a full trace (0 precise, 2 conservative-only)
VERIFY-MINOR condemned-but-reachable source=conservative_only kind=object class=9 payload=none
VERIFY-MINOR condemned-but-reachable source=conservative_only kind=var_ref
VERIFY-MINOR condemned-but-reachable source=conservative_only kind=var_ref
VERIFY-MINOR 3 of 16800 condemned objects are reachable by a full trace (0 precise, 3 conservative-only)
VERIFY-MINOR condemned-but-reachable source=conservative_only kind=object class=9 payload=none
VERIFY-MINOR condemned-but-reachable source=conservative_only kind=var_ref
VERIFY-MINOR condemned-but-reachable source=conservative_only kind=var_ref
VERIFY-MINOR 3 of 16843 condemned objects are reachable by a full trace (0 precise, 3 conservative-only)
VERIFY-MINOR condemned-but-reachable source=conservative_only kind=object class=9 payload=none
VERIFY-MINOR condemned-but-reachable source=conservative_only kind=object class=9 payload=none
VERIFY-MINOR condemned-but-reachable source=conservative_only kind=var_ref
VERIFY-MINOR condemned-but-reachable source=conservative_only kind=var_ref
VERIFY-MINOR condemned-but-reachable source=conservative_only kind=var_ref
VERIFY-MINOR condemned-but-reachable source=conservative_only kind=var_ref
VERIFY-MINOR condemned-but-reachable source=conservative_only kind=var_ref
VERIFY-MINOR 7 of 16796 condemned objects are reachable by a full trace (0 precise, 7 conservative-only)
VERIFY-MINOR condemned-but-reachable source=conservative_only kind=object class=9 payload=none
VERIFY-MINOR condemned-but-reachable source=conservative_only kind=var_ref
VERIFY-MINOR condemned-but-reachable source=conservative_only kind=var_ref
VERIFY-MINOR condemned-but-reachable source=conservative_only kind=var_ref
VERIFY-MINOR 4 of 16765 condemned objects are reachable by a full trace (0 precise, 4 conservative-only)
VERIFY-MINOR condemned-but-reachable source=conservative_only kind=object class=9 payload=none
VERIFY-MINOR condemned-but-reachable source=conservative_only kind=var_ref
VERIFY-MINOR condemned-but-reachable source=conservative_only kind=var_ref
VERIFY-MINOR 3 of 16747 condemned objects are reachable by a full trace (0 precise, 3 conservative-only)
VERIFY-MINOR condemned-but-reachable source=conservative_only kind=object class=9 payload=none
VERIFY-MINOR condemned-but-reachable source=conservative_only kind=var_ref
VERIFY-MINOR condemned-but-reachable source=conservative_only kind=var_ref
VERIFY-MINOR 3 of 16801 condemned objects are reachable by a full trace (0 precise, 3 conservative-only)
VERIFY-MINOR condemned-but-reachable source=conservative_only kind=object class=9 payload=none
VERIFY-MINOR condemned-but-reachable source=conservative_only kind=var_ref
VERIFY-MINOR 2 of 16715 condemned objects are reachable by a full trace (0 precise, 2 conservative-only)
VERIFY-MINOR condemned-but-reachable source=conservative_only kind=object class=9 payload=none
VERIFY-MINOR condemned-but-reachable source=conservative_only kind=var_ref
VERIFY-MINOR condemned-but-reachable source=conservative_only kind=var_ref
VERIFY-MINOR 3 of 16773 condemned objects are reachable by a full trace (0 precise, 3 conservative-only)
VERIFY-MINOR condemned-but-reachable source=conservative_only kind=object class=9 payload=none
VERIFY-MINOR condemned-but-reachable source=conservative_only kind=var_ref
VERIFY-MINOR condemned-but-reachable source=conservative_only kind=var_ref
VERIFY-MINOR condemned-but-reachable source=conservative_only kind=var_ref
VERIFY-MINOR 4 of 16780 condemned objects are reachable by a full trace (0 precise, 4 conservative-only)
VERIFY-MINOR condemned-but-reachable source=conservative_only kind=object class=9 payload=none
VERIFY-MINOR condemned-but-reachable source=conservative_only kind=var_ref
VERIFY-MINOR condemned-but-reachable source=conservative_only kind=var_ref
VERIFY-MINOR condemned-but-reachable source=conservative_only kind=var_ref
VERIFY-MINOR 4 of 16779 condemned objects are reachable by a full trace (0 precise, 4 conservative-only)
VERIFY-MINOR condemned-but-reachable source=conservative_only kind=object class=9 payload=none
VERIFY-MINOR condemned-but-reachable source=conservative_only kind=var_ref
VERIFY-MINOR condemned-but-reachable source=conservative_only kind=var_ref
VERIFY-MINOR 3 of 16732 condemned objects are reachable by a full trace (0 precise, 3 conservative-only)
VERIFY-MINOR condemned-but-reachable source=conservative_only kind=object class=9 payload=none
VERIFY-MINOR condemned-but-reachable source=conservative_only kind=var_ref
VERIFY-MINOR condemned-but-reachable source=conservative_only kind=var_ref
VERIFY-MINOR 3 of 16895 condemned objects are reachable by a full trace (0 precise, 3 conservative-only)
VERIFY-MINOR condemned-but-reachable source=conservative_only kind=object class=9 payload=none
VERIFY-MINOR condemned-but-reachable source=conservative_only kind=var_ref
VERIFY-MINOR condemned-but-reachable source=conservative_only kind=var_ref
VERIFY-MINOR 3 of 16794 condemned objects are reachable by a full trace (0 precise, 3 conservative-only)
VERIFY-MINOR condemned-but-reachable source=conservative_only kind=object class=9 payload=none
VERIFY-MINOR condemned-but-reachable source=conservative_only kind=var_ref
VERIFY-MINOR condemned-but-reachable source=conservative_only kind=var_ref
VERIFY-MINOR 3 of 16744 condemned objects are reachable by a full trace (0 precise, 3 conservative-only)
VERIFY-MINOR condemned-but-reachable source=conservative_only kind=object class=9 payload=none
VERIFY-MINOR condemned-but-reachable source=conservative_only kind=var_ref
VERIFY-MINOR condemned-but-reachable source=conservative_only kind=var_ref
VERIFY-MINOR 3 of 16856 condemned objects are reachable by a full trace (0 precise, 3 conservative-only)
VERIFY-MINOR condemned-but-reachable source=conservative_only kind=object class=9 payload=none
VERIFY-MINOR condemned-but-reachable source=conservative_only kind=var_ref
VERIFY-MINOR condemned-but-reachable source=conservative_only kind=var_ref
VERIFY-MINOR condemned-but-reachable source=conservative_only kind=var_ref
VERIFY-MINOR 4 of 16785 condemned objects are reachable by a full trace (0 precise, 4 conservative-only)
VERIFY-MINOR condemned-but-reachable source=conservative_only kind=object class=9 payload=none
VERIFY-MINOR condemned-but-reachable source=conservative_only kind=object class=9 payload=none
VERIFY-MINOR condemned-but-reachable source=conservative_only kind=var_ref
VERIFY-MINOR condemned-but-reachable source=conservative_only kind=var_ref
VERIFY-MINOR condemned-but-reachable source=conservative_only kind=var_ref
VERIFY-MINOR condemned-but-reachable source=conservative_only kind=var_ref
VERIFY-MINOR 6 of 16767 condemned objects are reachable by a full trace (0 precise, 6 conservative-only)
VERIFY-MINOR condemned-but-reachable source=conservative_only kind=object class=9 payload=none
VERIFY-MINOR condemned-but-reachable source=conservative_only kind=var_ref
VERIFY-MINOR condemned-but-reachable source=conservative_only kind=var_ref
VERIFY-MINOR condemned-but-reachable source=conservative_only kind=var_ref
VERIFY-MINOR 4 of 16772 condemned objects are reachable by a full trace (0 precise, 4 conservative-only)
VERIFY-MINOR condemned-but-reachable source=conservative_only kind=object class=9 payload=none
VERIFY-MINOR condemned-but-reachable source=conservative_only kind=var_ref
VERIFY-MINOR condemned-but-reachable source=conservative_only kind=var_ref
VERIFY-MINOR condemned-but-reachable source=conservative_only kind=var_ref
VERIFY-MINOR 4 of 16742 condemned objects are reachable by a full trace (0 precise, 4 conservative-only)
VERIFY-MINOR condemned-but-reachable source=conservative_only kind=object class=9 payload=none
VERIFY-MINOR condemned-but-reachable source=conservative_only kind=var_ref
VERIFY-MINOR condemned-but-reachable source=conservative_only kind=var_ref
VERIFY-MINOR 3 of 16896 condemned objects are reachable by a full trace (0 precise, 3 conservative-only)
VERIFY-MINOR condemned-but-reachable source=conservative_only kind=object class=9 payload=none
VERIFY-MINOR condemned-but-reachable source=conservative_only kind=var_ref
VERIFY-MINOR condemned-but-reachable source=conservative_only kind=var_ref
VERIFY-MINOR 3 of 16828 condemned objects are reachable by a full trace (0 precise, 3 conservative-only)
VERIFY-MINOR condemned-but-reachable source=conservative_only kind=object class=9 payload=none
VERIFY-MINOR condemned-but-reachable source=conservative_only kind=var_ref
VERIFY-MINOR condemned-but-reachable source=conservative_only kind=var_ref
VERIFY-MINOR 3 of 16738 condemned objects are reachable by a full trace (0 precise, 3 conservative-only)
VERIFY-MINOR condemned-but-reachable source=conservative_only kind=object class=9 payload=none
VERIFY-MINOR condemned-but-reachable source=conservative_only kind=var_ref
VERIFY-MINOR condemned-but-reachable source=conservative_only kind=var_ref
VERIFY-MINOR 3 of 16803 condemned objects are reachable by a full trace (0 precise, 3 conservative-only)
VERIFY-MINOR condemned-but-reachable source=conservative_only kind=object class=9 payload=none
VERIFY-MINOR condemned-but-reachable source=conservative_only kind=var_ref
VERIFY-MINOR condemned-but-reachable source=conservative_only kind=var_ref
VERIFY-MINOR 3 of 16732 condemned objects are reachable by a full trace (0 precise, 3 conservative-only)
VERIFY-MINOR condemned-but-reachable source=conservative_only kind=object class=9 payload=none
VERIFY-MINOR condemned-but-reachable source=conservative_only kind=var_ref
VERIFY-MINOR condemned-but-reachable source=conservative_only kind=var_ref
VERIFY-MINOR condemned-but-reachable source=conservative_only kind=var_ref
VERIFY-MINOR 4 of 16775 condemned objects are reachable by a full trace (0 precise, 4 conservative-only)
VERIFY-MINOR condemned-but-reachable source=conservative_only kind=object class=9 payload=none
VERIFY-MINOR condemned-but-reachable source=conservative_only kind=var_ref
VERIFY-MINOR condemned-but-reachable source=conservative_only kind=var_ref
VERIFY-MINOR 3 of 16736 condemned objects are reachable by a full trace (0 precise, 3 conservative-only)
VERIFY-MINOR condemned-but-reachable source=conservative_only kind=object class=9 payload=none
VERIFY-MINOR condemned-but-reachable source=conservative_only kind=var_ref
VERIFY-MINOR condemned-but-reachable source=conservative_only kind=var_ref
VERIFY-MINOR 3 of 16837 condemned objects are reachable by a full trace (0 precise, 3 conservative-only)
VERIFY-MINOR condemned-but-reachable source=conservative_only kind=object class=9 payload=none
VERIFY-MINOR condemned-but-reachable source=conservative_only kind=var_ref
VERIFY-MINOR condemned-but-reachable source=conservative_only kind=var_ref
VERIFY-MINOR 3 of 16744 condemned objects are reachable by a full trace (0 precise, 3 conservative-only)
VERIFY-MINOR condemned-but-reachable source=conservative_only kind=object class=9 payload=none
VERIFY-MINOR condemned-but-reachable source=conservative_only kind=var_ref
VERIFY-MINOR condemned-but-reachable source=conservative_only kind=var_ref
VERIFY-MINOR 3 of 16770 condemned objects are reachable by a full trace (0 precise, 3 conservative-only)
VERIFY-MINOR condemned-but-reachable source=conservative_only kind=object class=9 payload=none
VERIFY-MINOR condemned-but-reachable source=conservative_only kind=var_ref
VERIFY-MINOR condemned-but-reachable source=conservative_only kind=var_ref
VERIFY-MINOR 3 of 16878 condemned objects are reachable by a full trace (0 precise, 3 conservative-only)
VERIFY-MINOR condemned-but-reachable source=conservative_only kind=object class=9 payload=none
VERIFY-MINOR condemned-but-reachable source=conservative_only kind=var_ref
VERIFY-MINOR condemned-but-reachable source=conservative_only kind=var_ref
VERIFY-MINOR 3 of 16748 condemned objects are reachable by a full trace (0 precise, 3 conservative-only)
VERIFY-MINOR condemned-but-reachable source=conservative_only kind=object class=9 payload=none
VERIFY-MINOR condemned-but-reachable source=conservative_only kind=var_ref
VERIFY-MINOR condemned-but-reachable source=conservative_only kind=var_ref
VERIFY-MINOR condemned-but-reachable source=conservative_only kind=var_ref
VERIFY-MINOR 4 of 16885 condemned objects are reachable by a full trace (0 precise, 4 conservative-only)
VERIFY-MINOR condemned-but-reachable source=conservative_only kind=object class=9 payload=none
VERIFY-MINOR condemned-but-reachable source=conservative_only kind=var_ref
VERIFY-MINOR condemned-but-reachable source=conservative_only kind=var_ref
VERIFY-MINOR 3 of 16859 condemned objects are reachable by a full trace (0 precise, 3 conservative-only)
VERIFY-MINOR condemned-but-reachable source=conservative_only kind=object class=9 payload=none
VERIFY-MINOR condemned-but-reachable source=conservative_only kind=var_ref
VERIFY-MINOR condemned-but-reachable source=conservative_only kind=var_ref
VERIFY-MINOR 3 of 16788 condemned objects are reachable by a full trace (0 precise, 3 conservative-only)
VERIFY-MINOR condemned-but-reachable source=conservative_only kind=object class=1 payload=none
VERIFY-MINOR 1 of 16771 condemned objects are reachable by a full trace (0 precise, 1 conservative-only)
VERIFY-MINOR condemned-but-reachable source=conservative_only kind=object class=9 payload=none
VERIFY-MINOR condemned-but-reachable source=conservative_only kind=var_ref
VERIFY-MINOR condemned-but-reachable source=conservative_only kind=var_ref
VERIFY-MINOR 3 of 16748 condemned objects are reachable by a full trace (0 precise, 3 conservative-only)
VERIFY-MINOR condemned-but-reachable source=conservative_only kind=object class=9 payload=none
VERIFY-MINOR condemned-but-reachable source=conservative_only kind=var_ref
VERIFY-MINOR condemned-but-reachable source=conservative_only kind=var_ref
VERIFY-MINOR condemned-but-reachable source=conservative_only kind=var_ref
VERIFY-MINOR 4 of 16714 condemned objects are reachable by a full trace (0 precise, 4 conservative-only)
VERIFY-MINOR condemned-but-reachable source=conservative_only kind=object class=9 payload=none
VERIFY-MINOR condemned-but-reachable source=conservative_only kind=object class=9 payload=none
VERIFY-MINOR condemned-but-reachable source=conservative_only kind=var_ref
VERIFY-MINOR condemned-but-reachable source=conservative_only kind=var_ref
VERIFY-MINOR condemned-but-reachable source=conservative_only kind=var_ref
VERIFY-MINOR condemned-but-reachable source=conservative_only kind=var_ref
VERIFY-MINOR 6 of 16742 condemned objects are reachable by a full trace (0 precise, 6 conservative-only)
VERIFY-MINOR condemned-but-reachable source=conservative_only kind=object class=9 payload=none
VERIFY-MINOR condemned-but-reachable source=conservative_only kind=var_ref
VERIFY-MINOR condemned-but-reachable source=conservative_only kind=var_ref
VERIFY-MINOR 3 of 16871 condemned objects are reachable by a full trace (0 precise, 3 conservative-only)
VERIFY-MINOR condemned-but-reachable source=conservative_only kind=object class=9 payload=none
VERIFY-MINOR condemned-but-reachable source=conservative_only kind=var_ref
VERIFY-MINOR condemned-but-reachable source=conservative_only kind=var_ref
VERIFY-MINOR condemned-but-reachable source=conservative_only kind=var_ref
VERIFY-MINOR 4 of 16898 condemned objects are reachable by a full trace (0 precise, 4 conservative-only)
VERIFY-MINOR condemned-but-reachable source=conservative_only kind=object class=9 payload=none
VERIFY-MINOR condemned-but-reachable source=conservative_only kind=var_ref
VERIFY-MINOR condemned-but-reachable source=conservative_only kind=var_ref
VERIFY-MINOR condemned-but-reachable source=conservative_only kind=var_ref
VERIFY-MINOR 4 of 16836 condemned objects are reachable by a full trace (0 precise, 4 conservative-only)
VERIFY-MINOR condemned-but-reachable source=conservative_only kind=object class=9 payload=none
VERIFY-MINOR condemned-but-reachable source=conservative_only kind=var_ref
VERIFY-MINOR condemned-but-reachable source=conservative_only kind=var_ref
VERIFY-MINOR 3 of 16770 condemned objects are reachable by a full trace (0 precise, 3 conservative-only)
VERIFY-MINOR condemned-but-reachable source=conservative_only kind=object class=9 payload=none
VERIFY-MINOR condemned-but-reachable source=conservative_only kind=var_ref
VERIFY-MINOR condemned-but-reachable source=conservative_only kind=var_ref
VERIFY-MINOR 3 of 16848 condemned objects are reachable by a full trace (0 precise, 3 conservative-only)
VERIFY-MINOR condemned-but-reachable source=conservative_only kind=object class=9 payload=none
VERIFY-MINOR condemned-but-reachable source=conservative_only kind=var_ref
VERIFY-MINOR condemned-but-reachable source=conservative_only kind=var_ref
VERIFY-MINOR condemned-but-reachable source=conservative_only kind=var_ref
VERIFY-MINOR 4 of 16730 condemned objects are reachable by a full trace (0 precise, 4 conservative-only)
VERIFY-MINOR condemned-but-reachable source=conservative_only kind=object class=9 payload=none
VERIFY-MINOR condemned-but-reachable source=conservative_only kind=var_ref
VERIFY-MINOR 2 of 16878 condemned objects are reachable by a full trace (0 precise, 2 conservative-only)
VERIFY-MINOR condemned-but-reachable source=conservative_only kind=object class=9 payload=none
VERIFY-MINOR condemned-but-reachable source=conservative_only kind=object class=1 payload=none
VERIFY-MINOR condemned-but-reachable source=conservative_only kind=object class=1 payload=none
VERIFY-MINOR condemned-but-reachable source=conservative_only kind=var_ref
VERIFY-MINOR condemned-but-reachable source=conservative_only kind=var_ref
VERIFY-MINOR 5 of 16760 condemned objects are reachable by a full trace (0 precise, 5 conservative-only)
VERIFY-MINOR condemned-but-reachable source=conservative_only kind=object class=9 payload=none
VERIFY-MINOR condemned-but-reachable source=conservative_only kind=var_ref
VERIFY-MINOR condemned-but-reachable source=conservative_only kind=var_ref
VERIFY-MINOR 3 of 16788 condemned objects are reachable by a full trace (0 precise, 3 conservative-only)
VERIFY-MINOR condemned-but-reachable source=conservative_only kind=object class=9 payload=none
VERIFY-MINOR condemned-but-reachable source=conservative_only kind=var_ref
VERIFY-MINOR condemned-but-reachable source=conservative_only kind=var_ref
VERIFY-MINOR condemned-but-reachable source=conservative_only kind=var_ref
VERIFY-MINOR 4 of 16775 condemned objects are reachable by a full trace (0 precise, 4 conservative-only)
VERIFY-MINOR condemned-but-reachable source=conservative_only kind=object class=9 payload=none
VERIFY-MINOR condemned-but-reachable source=conservative_only kind=var_ref
VERIFY-MINOR condemned-but-reachable source=conservative_only kind=var_ref
VERIFY-MINOR 3 of 16883 condemned objects are reachable by a full trace (0 precise, 3 conservative-only)
VERIFY-MINOR condemned-but-reachable source=conservative_only kind=object class=9 payload=none
VERIFY-MINOR condemned-but-reachable source=conservative_only kind=var_ref
VERIFY-MINOR condemned-but-reachable source=conservative_only kind=var_ref
VERIFY-MINOR 3 of 16698 condemned objects are reachable by a full trace (0 precise, 3 conservative-only)
VERIFY-MINOR condemned-but-reachable source=conservative_only kind=object class=1 payload=none
VERIFY-MINOR 1 of 16865 condemned objects are reachable by a full trace (0 precise, 1 conservative-only)
VERIFY-MINOR condemned-but-reachable source=conservative_only kind=object class=9 payload=none
VERIFY-MINOR condemned-but-reachable source=conservative_only kind=var_ref
VERIFY-MINOR condemned-but-reachable source=conservative_only kind=var_ref
VERIFY-MINOR 3 of 16729 condemned objects are reachable by a full trace (0 precise, 3 conservative-only)
VERIFY-MINOR condemned-but-reachable source=conservative_only kind=object class=9 payload=none
VERIFY-MINOR condemned-but-reachable source=conservative_only kind=var_ref
VERIFY-MINOR condemned-but-reachable source=conservative_only kind=var_ref
VERIFY-MINOR 3 of 16736 condemned objects are reachable by a full trace (0 precise, 3 conservative-only)
VERIFY-MINOR condemned-but-reachable source=conservative_only kind=object class=9 payload=none
VERIFY-MINOR condemned-but-reachable source=conservative_only kind=var_ref
VERIFY-MINOR condemned-but-reachable source=conservative_only kind=var_ref
VERIFY-MINOR 3 of 16879 condemned objects are reachable by a full trace (0 precise, 3 conservative-only)
VERIFY-MINOR condemned-but-reachable source=conservative_only kind=object class=9 payload=none
VERIFY-MINOR condemned-but-reachable source=conservative_only kind=var_ref
VERIFY-MINOR condemned-but-reachable source=conservative_only kind=var_ref
VERIFY-MINOR 3 of 16778 condemned objects are reachable by a full trace (0 precise, 3 conservative-only)
VERIFY-MINOR condemned-but-reachable source=conservative_only kind=object class=9 payload=none
VERIFY-MINOR condemned-but-reachable source=conservative_only kind=object class=9 payload=none
VERIFY-MINOR condemned-but-reachable source=conservative_only kind=var_ref
VERIFY-MINOR condemned-but-reachable source=conservative_only kind=var_ref
VERIFY-MINOR condemned-but-reachable source=conservative_only kind=var_ref
VERIFY-MINOR condemned-but-reachable source=conservative_only kind=var_ref
VERIFY-MINOR 6 of 16755 condemned objects are reachable by a full trace (0 precise, 6 conservative-only)
VERIFY-MINOR condemned-but-reachable source=conservative_only kind=object class=9 payload=none
VERIFY-MINOR condemned-but-reachable source=conservative_only kind=var_ref
VERIFY-MINOR condemned-but-reachable source=conservative_only kind=var_ref
VERIFY-MINOR 3 of 16878 condemned objects are reachable by a full trace (0 precise, 3 conservative-only)
VERIFY-MINOR condemned-but-reachable source=conservative_only kind=object class=9 payload=none
VERIFY-MINOR condemned-but-reachable source=conservative_only kind=var_ref
VERIFY-MINOR condemned-but-reachable source=conservative_only kind=var_ref
VERIFY-MINOR 3 of 16855 condemned objects are reachable by a full trace (0 precise, 3 conservative-only)
VERIFY-MINOR condemned-but-reachable source=conservative_only kind=object class=9 payload=none
VERIFY-MINOR condemned-but-reachable source=conservative_only kind=var_ref
VERIFY-MINOR condemned-but-reachable source=conservative_only kind=var_ref
VERIFY-MINOR 3 of 16812 condemned objects are reachable by a full trace (0 precise, 3 conservative-only)
VERIFY-MINOR condemned-but-reachable source=conservative_only kind=object class=9 payload=none
VERIFY-MINOR condemned-but-reachable source=conservative_only kind=shape
VERIFY-MINOR condemned-but-reachable source=conservative_only kind=var_ref
VERIFY-MINOR condemned-but-reachable source=conservative_only kind=var_ref
VERIFY-MINOR 4 of 16726 condemned objects are reachable by a full trace (0 precise, 4 conservative-only)
VERIFY-MINOR condemned-but-reachable source=conservative_only kind=object class=9 payload=none
VERIFY-MINOR condemned-but-reachable source=conservative_only kind=var_ref
VERIFY-MINOR condemned-but-reachable source=conservative_only kind=var_ref
VERIFY-MINOR 3 of 16877 condemned objects are reachable by a full trace (0 precise, 3 conservative-only)
VERIFY-MINOR condemned-but-reachable source=conservative_only kind=object class=9 payload=none
VERIFY-MINOR condemned-but-reachable source=conservative_only kind=var_ref
VERIFY-MINOR condemned-but-reachable source=conservative_only kind=var_ref
VERIFY-MINOR condemned-but-reachable source=conservative_only kind=var_ref
VERIFY-MINOR 4 of 16836 condemned objects are reachable by a full trace (0 precise, 4 conservative-only)
VERIFY-MINOR condemned-but-reachable source=conservative_only kind=object class=9 payload=none
VERIFY-MINOR condemned-but-reachable source=conservative_only kind=var_ref
VERIFY-MINOR condemned-but-reachable source=conservative_only kind=var_ref
VERIFY-MINOR 3 of 16722 condemned objects are reachable by a full trace (0 precise, 3 conservative-only)
VERIFY-MINOR condemned-but-reachable source=conservative_only kind=object class=9 payload=none
VERIFY-MINOR condemned-but-reachable source=conservative_only kind=object class=9 payload=none
VERIFY-MINOR condemned-but-reachable source=conservative_only kind=var_ref
VERIFY-MINOR condemned-but-reachable source=conservative_only kind=var_ref
VERIFY-MINOR condemned-but-reachable source=conservative_only kind=var_ref
VERIFY-MINOR condemned-but-reachable source=conservative_only kind=var_ref
VERIFY-MINOR condemned-but-reachable source=conservative_only kind=var_ref
VERIFY-MINOR 7 of 16763 condemned objects are reachable by a full trace (0 precise, 7 conservative-only)
VERIFY-MINOR condemned-but-reachable source=conservative_only kind=object class=9 payload=none
VERIFY-MINOR condemned-but-reachable source=conservative_only kind=var_ref
VERIFY-MINOR condemned-but-reachable source=conservative_only kind=var_ref
VERIFY-MINOR condemned-but-reachable source=conservative_only kind=var_ref
VERIFY-MINOR 4 of 16880 condemned objects are reachable by a full trace (0 precise, 4 conservative-only)
VERIFY-MINOR condemned-but-reachable source=conservative_only kind=object class=9 payload=none
VERIFY-MINOR condemned-but-reachable source=conservative_only kind=var_ref
VERIFY-MINOR condemned-but-reachable source=conservative_only kind=var_ref
VERIFY-MINOR 3 of 16828 condemned objects are reachable by a full trace (0 precise, 3 conservative-only)
VERIFY-MINOR condemned-but-reachable source=conservative_only kind=object class=9 payload=none
VERIFY-MINOR condemned-but-reachable source=conservative_only kind=var_ref
VERIFY-MINOR condemned-but-reachable source=conservative_only kind=var_ref
VERIFY-MINOR 3 of 16709 condemned objects are reachable by a full trace (0 precise, 3 conservative-only)
VERIFY-MINOR condemned-but-reachable source=conservative_only kind=object class=9 payload=none
VERIFY-MINOR condemned-but-reachable source=conservative_only kind=var_ref
VERIFY-MINOR condemned-but-reachable source=conservative_only kind=var_ref
VERIFY-MINOR 3 of 16757 condemned objects are reachable by a full trace (0 precise, 3 conservative-only)
VERIFY-MINOR condemned-but-reachable source=conservative_only kind=object class=9 payload=none
VERIFY-MINOR condemned-but-reachable source=conservative_only kind=var_ref
VERIFY-MINOR condemned-but-reachable source=conservative_only kind=var_ref
VERIFY-MINOR 3 of 16790 condemned objects are reachable by a full trace (0 precise, 3 conservative-only)
VERIFY-MINOR condemned-but-reachable source=conservative_only kind=object class=9 payload=none
VERIFY-MINOR condemned-but-reachable source=conservative_only kind=var_ref
VERIFY-MINOR 2 of 16749 condemned objects are reachable by a full trace (0 precise, 2 conservative-only)
VERIFY-MINOR condemned-but-reachable source=conservative_only kind=object class=9 payload=none
VERIFY-MINOR condemned-but-reachable source=conservative_only kind=var_ref
VERIFY-MINOR 2 of 16737 condemned objects are reachable by a full trace (0 precise, 2 conservative-only)
VERIFY-MINOR condemned-but-reachable source=conservative_only kind=object class=9 payload=none
VERIFY-MINOR condemned-but-reachable source=conservative_only kind=var_ref
VERIFY-MINOR condemned-but-reachable source=conservative_only kind=var_ref
VERIFY-MINOR condemned-but-reachable source=conservative_only kind=var_ref
VERIFY-MINOR 4 of 16886 condemned objects are reachable by a full trace (0 precise, 4 conservative-only)
VERIFY-MINOR condemned-but-reachable source=conservative_only kind=object class=9 payload=none
VERIFY-MINOR condemned-but-reachable source=conservative_only kind=var_ref
VERIFY-MINOR 2 of 16735 condemned objects are reachable by a full trace (0 precise, 2 conservative-only)
VERIFY-MINOR condemned-but-reachable source=conservative_only kind=object class=9 payload=none
VERIFY-MINOR condemned-but-reachable source=conservative_only kind=var_ref
VERIFY-MINOR condemned-but-reachable source=conservative_only kind=var_ref
VERIFY-MINOR 3 of 16753 condemned objects are reachable by a full trace (0 precise, 3 conservative-only)
VERIFY-MINOR condemned-but-reachable source=conservative_only kind=object class=1 payload=none
VERIFY-MINOR condemned-but-reachable source=conservative_only kind=object class=1 payload=none
VERIFY-MINOR condemned-but-reachable source=conservative_only kind=object class=9 payload=none
VERIFY-MINOR condemned-but-reachable source=conservative_only kind=var_ref
VERIFY-MINOR condemned-but-reachable source=conservative_only kind=var_ref
VERIFY-MINOR 5 of 16874 condemned objects are reachable by a full trace (0 precise, 5 conservative-only)
VERIFY-MINOR condemned-but-reachable source=conservative_only kind=object class=9 payload=none
VERIFY-MINOR condemned-but-reachable source=conservative_only kind=var_ref
VERIFY-MINOR condemned-but-reachable source=conservative_only kind=var_ref
VERIFY-MINOR condemned-but-reachable source=conservative_only kind=var_ref
VERIFY-MINOR 4 of 16892 condemned objects are reachable by a full trace (0 precise, 4 conservative-only)
VERIFY-MINOR condemned-but-reachable source=conservative_only kind=object class=9 payload=none
VERIFY-MINOR condemned-but-reachable source=conservative_only kind=var_ref
VERIFY-MINOR condemned-but-reachable source=conservative_only kind=var_ref
VERIFY-MINOR 3 of 16755 condemned objects are reachable by a full trace (0 precise, 3 conservative-only)
VERIFY-MINOR condemned-but-reachable source=conservative_only kind=object class=9 payload=none
VERIFY-MINOR condemned-but-reachable source=conservative_only kind=var_ref
VERIFY-MINOR condemned-but-reachable source=conservative_only kind=var_ref
VERIFY-MINOR 3 of 16839 condemned objects are reachable by a full trace (0 precise, 3 conservative-only)
VERIFY-MINOR condemned-but-reachable source=conservative_only kind=object class=9 payload=none
VERIFY-MINOR condemned-but-reachable source=conservative_only kind=var_ref
VERIFY-MINOR condemned-but-reachable source=conservative_only kind=var_ref
VERIFY-MINOR condemned-but-reachable source=conservative_only kind=var_ref
VERIFY-MINOR 4 of 16766 condemned objects are reachable by a full trace (0 precise, 4 conservative-only)
VERIFY-MINOR condemned-but-reachable source=conservative_only kind=object class=9 payload=none
VERIFY-MINOR condemned-but-reachable source=conservative_only kind=object class=1 payload=none
VERIFY-MINOR condemned-but-reachable source=conservative_only kind=object class=1 payload=none
VERIFY-MINOR condemned-but-reachable source=conservative_only kind=var_ref
VERIFY-MINOR condemned-but-reachable source=conservative_only kind=var_ref
VERIFY-MINOR 5 of 16835 condemned objects are reachable by a full trace (0 precise, 5 conservative-only)
VERIFY-MINOR condemned-but-reachable source=conservative_only kind=object class=9 payload=none
VERIFY-MINOR condemned-but-reachable source=conservative_only kind=var_ref
VERIFY-MINOR condemned-but-reachable source=conservative_only kind=var_ref
VERIFY-MINOR 3 of 16838 condemned objects are reachable by a full trace (0 precise, 3 conservative-only)
VERIFY-MINOR condemned-but-reachable source=conservative_only kind=object class=9 payload=none
VERIFY-MINOR condemned-but-reachable source=conservative_only kind=var_ref
VERIFY-MINOR condemned-but-reachable source=conservative_only kind=var_ref
VERIFY-MINOR condemned-but-reachable source=conservative_only kind=var_ref
VERIFY-MINOR 4 of 16733 condemned objects are reachable by a full trace (0 precise, 4 conservative-only)
VERIFY-MINOR condemned-but-reachable source=conservative_only kind=object class=9 payload=none
VERIFY-MINOR condemned-but-reachable source=conservative_only kind=var_ref
VERIFY-MINOR condemned-but-reachable source=conservative_only kind=var_ref
VERIFY-MINOR 3 of 16756 condemned objects are reachable by a full trace (0 precise, 3 conservative-only)
VERIFY-MINOR condemned-but-reachable source=conservative_only kind=object class=9 payload=none
VERIFY-MINOR condemned-but-reachable source=conservative_only kind=var_ref
VERIFY-MINOR 2 of 16851 condemned objects are reachable by a full trace (0 precise, 2 conservative-only)
VERIFY-MINOR condemned-but-reachable source=conservative_only kind=object class=9 payload=none
VERIFY-MINOR condemned-but-reachable source=conservative_only kind=var_ref
VERIFY-MINOR condemned-but-reachable source=conservative_only kind=var_ref
VERIFY-MINOR condemned-but-reachable source=conservative_only kind=var_ref
VERIFY-MINOR 4 of 16817 condemned objects are reachable by a full trace (0 precise, 4 conservative-only)
VERIFY-MINOR condemned-but-reachable source=conservative_only kind=object class=9 payload=none
VERIFY-MINOR condemned-but-reachable source=conservative_only kind=var_ref
VERIFY-MINOR condemned-but-reachable source=conservative_only kind=var_ref
VERIFY-MINOR 3 of 16732 condemned objects are reachable by a full trace (0 precise, 3 conservative-only)
VERIFY-MINOR condemned-but-reachable source=conservative_only kind=object class=9 payload=none
VERIFY-MINOR condemned-but-reachable source=conservative_only kind=var_ref
VERIFY-MINOR condemned-but-reachable source=conservative_only kind=var_ref
VERIFY-MINOR 3 of 16879 condemned objects are reachable by a full trace (0 precise, 3 conservative-only)
VERIFY-MINOR condemned-but-reachable source=conservative_only kind=object class=9 payload=none
VERIFY-MINOR condemned-but-reachable source=conservative_only kind=var_ref
VERIFY-MINOR condemned-but-reachable source=conservative_only kind=var_ref
VERIFY-MINOR 3 of 16775 condemned objects are reachable by a full trace (0 precise, 3 conservative-only)
VERIFY-MINOR condemned-but-reachable source=conservative_only kind=object class=9 payload=none
VERIFY-MINOR condemned-but-reachable source=conservative_only kind=var_ref
VERIFY-MINOR condemned-but-reachable source=conservative_only kind=var_ref
VERIFY-MINOR 3 of 16811 condemned objects are reachable by a full trace (0 precise, 3 conservative-only)
VERIFY-MINOR condemned-but-reachable source=conservative_only kind=object class=9 payload=none
VERIFY-MINOR condemned-but-reachable source=conservative_only kind=var_ref
VERIFY-MINOR condemned-but-reachable source=conservative_only kind=var_ref
VERIFY-MINOR 3 of 16767 condemned objects are reachable by a full trace (0 precise, 3 conservative-only)
VERIFY-MINOR condemned-but-reachable source=conservative_only kind=object class=9 payload=none
VERIFY-MINOR condemned-but-reachable source=conservative_only kind=var_ref
VERIFY-MINOR condemned-but-reachable source=conservative_only kind=var_ref
VERIFY-MINOR 3 of 16732 condemned objects are reachable by a full trace (0 precise, 3 conservative-only)
VERIFY-MINOR condemned-but-reachable source=conservative_only kind=object class=9 payload=none
VERIFY-MINOR condemned-but-reachable source=conservative_only kind=var_ref
VERIFY-MINOR condemned-but-reachable source=conservative_only kind=var_ref
VERIFY-MINOR 3 of 16873 condemned objects are reachable by a full trace (0 precise, 3 conservative-only)
VERIFY-MINOR condemned-but-reachable source=conservative_only kind=object class=9 payload=none
VERIFY-MINOR condemned-but-reachable source=conservative_only kind=var_ref
VERIFY-MINOR condemned-but-reachable source=conservative_only kind=var_ref
VERIFY-MINOR 3 of 16832 condemned objects are reachable by a full trace (0 precise, 3 conservative-only)
VERIFY-MINOR condemned-but-reachable source=conservative_only kind=object class=9 payload=none
VERIFY-MINOR condemned-but-reachable source=conservative_only kind=var_ref
VERIFY-MINOR condemned-but-reachable source=conservative_only kind=var_ref
VERIFY-MINOR 3 of 16761 condemned objects are reachable by a full trace (0 precise, 3 conservative-only)
VERIFY-MINOR condemned-but-reachable source=conservative_only kind=object class=9 payload=none
VERIFY-MINOR condemned-but-reachable source=conservative_only kind=var_ref
VERIFY-MINOR condemned-but-reachable source=conservative_only kind=var_ref
VERIFY-MINOR condemned-but-reachable source=conservative_only kind=var_ref
VERIFY-MINOR 4 of 16773 condemned objects are reachable by a full trace (0 precise, 4 conservative-only)
VERIFY-MINOR condemned-but-reachable source=conservative_only kind=object class=9 payload=none
VERIFY-MINOR condemned-but-reachable source=conservative_only kind=var_ref
VERIFY-MINOR condemned-but-reachable source=conservative_only kind=var_ref
VERIFY-MINOR condemned-but-reachable source=conservative_only kind=var_ref
VERIFY-MINOR 4 of 16757 condemned objects are reachable by a full trace (0 precise, 4 conservative-only)
VERIFY-MINOR condemned-but-reachable source=conservative_only kind=object class=9 payload=none
VERIFY-MINOR condemned-but-reachable source=conservative_only kind=var_ref
VERIFY-MINOR condemned-but-reachable source=conservative_only kind=var_ref
VERIFY-MINOR condemned-but-reachable source=conservative_only kind=var_ref
VERIFY-MINOR 4 of 16883 condemned objects are reachable by a full trace (0 precise, 4 conservative-only)
VERIFY-MINOR condemned-but-reachable source=conservative_only kind=object class=9 payload=none
VERIFY-MINOR condemned-but-reachable source=conservative_only kind=var_ref
VERIFY-MINOR condemned-but-reachable source=conservative_only kind=var_ref
VERIFY-MINOR 3 of 16753 condemned objects are reachable by a full trace (0 precise, 3 conservative-only)
VERIFY-MINOR condemned-but-reachable source=conservative_only kind=object class=9 payload=none
VERIFY-MINOR condemned-but-reachable source=conservative_only kind=var_ref
VERIFY-MINOR condemned-but-reachable source=conservative_only kind=var_ref
VERIFY-MINOR 3 of 16745 condemned objects are reachable by a full trace (0 precise, 3 conservative-only)
VERIFY-MINOR condemned-but-reachable source=conservative_only kind=object class=9 payload=none
VERIFY-MINOR condemned-but-reachable source=conservative_only kind=var_ref
VERIFY-MINOR condemned-but-reachable source=conservative_only kind=var_ref
VERIFY-MINOR 3 of 16771 condemned objects are reachable by a full trace (0 precise, 3 conservative-only)
VERIFY-MINOR condemned-but-reachable source=conservative_only kind=object class=9 payload=none
VERIFY-MINOR condemned-but-reachable source=conservative_only kind=var_ref
VERIFY-MINOR condemned-but-reachable source=conservative_only kind=var_ref
VERIFY-MINOR 3 of 16890 condemned objects are reachable by a full trace (0 precise, 3 conservative-only)
VERIFY-MINOR condemned-but-reachable source=conservative_only kind=object class=9 payload=none
VERIFY-MINOR condemned-but-reachable source=conservative_only kind=var_ref
VERIFY-MINOR 2 of 16774 condemned objects are reachable by a full trace (0 precise, 2 conservative-only)
VERIFY-MINOR condemned-but-reachable source=conservative_only kind=object class=9 payload=none
VERIFY-MINOR condemned-but-reachable source=conservative_only kind=var_ref
VERIFY-MINOR condemned-but-reachable source=conservative_only kind=var_ref
VERIFY-MINOR 3 of 16699 condemned objects are reachable by a full trace (0 precise, 3 conservative-only)
VERIFY-MINOR condemned-but-reachable source=conservative_only kind=object class=9 payload=none
VERIFY-MINOR condemned-but-reachable source=conservative_only kind=var_ref
VERIFY-MINOR condemned-but-reachable source=conservative_only kind=var_ref
VERIFY-MINOR 3 of 16875 condemned objects are reachable by a full trace (0 precise, 3 conservative-only)
VERIFY-MINOR condemned-but-reachable source=conservative_only kind=object class=9 payload=none
VERIFY-MINOR condemned-but-reachable source=conservative_only kind=var_ref
VERIFY-MINOR condemned-but-reachable source=conservative_only kind=var_ref
VERIFY-MINOR 3 of 16839 condemned objects are reachable by a full trace (0 precise, 3 conservative-only)
VERIFY-MINOR condemned-but-reachable source=conservative_only kind=object class=9 payload=none
VERIFY-MINOR condemned-but-reachable source=conservative_only kind=var_ref
VERIFY-MINOR condemned-but-reachable source=conservative_only kind=var_ref
VERIFY-MINOR 3 of 16760 condemned objects are reachable by a full trace (0 precise, 3 conservative-only)
VERIFY-MINOR condemned-but-reachable source=conservative_only kind=object class=9 payload=none
VERIFY-MINOR condemned-but-reachable source=conservative_only kind=var_ref
VERIFY-MINOR condemned-but-reachable source=conservative_only kind=var_ref
VERIFY-MINOR 3 of 16753 condemned objects are reachable by a full trace (0 precise, 3 conservative-only)
VERIFY-MINOR condemned-but-reachable source=conservative_only kind=object class=9 payload=none
VERIFY-MINOR condemned-but-reachable source=conservative_only kind=var_ref
VERIFY-MINOR condemned-but-reachable source=conservative_only kind=var_ref
VERIFY-MINOR condemned-but-reachable source=conservative_only kind=var_ref
VERIFY-MINOR 4 of 16859 condemned objects are reachable by a full trace (0 precise, 4 conservative-only)
VERIFY-MINOR condemned-but-reachable source=conservative_only kind=object class=9 payload=none
VERIFY-MINOR condemned-but-reachable source=conservative_only kind=var_ref
VERIFY-MINOR condemned-but-reachable source=conservative_only kind=var_ref
VERIFY-MINOR 3 of 16763 condemned objects are reachable by a full trace (0 precise, 3 conservative-only)
VERIFY-MINOR condemned-but-reachable source=conservative_only kind=object class=9 payload=none
VERIFY-MINOR condemned-but-reachable source=conservative_only kind=var_ref
VERIFY-MINOR condemned-but-reachable source=conservative_only kind=var_ref
VERIFY-MINOR condemned-but-reachable source=conservative_only kind=var_ref
VERIFY-MINOR 4 of 16883 condemned objects are reachable by a full trace (0 precise, 4 conservative-only)
VERIFY-MINOR condemned-but-reachable source=conservative_only kind=object class=9 payload=none
VERIFY-MINOR condemned-but-reachable source=conservative_only kind=var_ref
VERIFY-MINOR 2 of 16793 condemned objects are reachable by a full trace (0 precise, 2 conservative-only)
VERIFY-MINOR condemned-but-reachable source=conservative_only kind=object class=9 payload=none
VERIFY-MINOR condemned-but-reachable source=conservative_only kind=var_ref
VERIFY-MINOR condemned-but-reachable source=conservative_only kind=var_ref
VERIFY-MINOR 3 of 16889 condemned objects are reachable by a full trace (0 precise, 3 conservative-only)
VERIFY-MINOR condemned-but-reachable source=conservative_only kind=object class=9 payload=none
VERIFY-MINOR condemned-but-reachable source=conservative_only kind=var_ref
VERIFY-MINOR condemned-but-reachable source=conservative_only kind=var_ref
VERIFY-MINOR condemned-but-reachable source=conservative_only kind=var_ref
VERIFY-MINOR 4 of 16847 condemned objects are reachable by a full trace (0 precise, 4 conservative-only)
VERIFY-MINOR condemned-but-reachable source=conservative_only kind=object class=9 payload=none
VERIFY-MINOR condemned-but-reachable source=conservative_only kind=var_ref
VERIFY-MINOR condemned-but-reachable source=conservative_only kind=var_ref
VERIFY-MINOR 3 of 16769 condemned objects are reachable by a full trace (0 precise, 3 conservative-only)
VERIFY-MINOR condemned-but-reachable source=conservative_only kind=object class=9 payload=none
VERIFY-MINOR condemned-but-reachable source=conservative_only kind=var_ref
VERIFY-MINOR condemned-but-reachable source=conservative_only kind=var_ref
VERIFY-MINOR 3 of 16758 condemned objects are reachable by a full trace (0 precise, 3 conservative-only)
VERIFY-MINOR condemned-but-reachable source=conservative_only kind=object class=9 payload=none
VERIFY-MINOR condemned-but-reachable source=conservative_only kind=var_ref
VERIFY-MINOR condemned-but-reachable source=conservative_only kind=var_ref
VERIFY-MINOR condemned-but-reachable source=conservative_only kind=var_ref
VERIFY-MINOR 4 of 16846 condemned objects are reachable by a full trace (0 precise, 4 conservative-only)
VERIFY-MINOR condemned-but-reachable source=conservative_only kind=object class=9 payload=none
VERIFY-MINOR condemned-but-reachable source=conservative_only kind=var_ref
VERIFY-MINOR condemned-but-reachable source=conservative_only kind=var_ref
VERIFY-MINOR 3 of 16791 condemned objects are reachable by a full trace (0 precise, 3 conservative-only)
VERIFY-MINOR condemned-but-reachable source=conservative_only kind=object class=9 payload=none
VERIFY-MINOR condemned-but-reachable source=conservative_only kind=var_ref
VERIFY-MINOR condemned-but-reachable source=conservative_only kind=var_ref
VERIFY-MINOR condemned-but-reachable source=conservative_only kind=var_ref
VERIFY-MINOR 4 of 16760 condemned objects are reachable by a full trace (0 precise, 4 conservative-only)
VERIFY-MINOR condemned-but-reachable source=conservative_only kind=object class=9 payload=none
VERIFY-MINOR condemned-but-reachable source=conservative_only kind=var_ref
VERIFY-MINOR condemned-but-reachable source=conservative_only kind=var_ref
VERIFY-MINOR 3 of 16747 condemned objects are reachable by a full trace (0 precise, 3 conservative-only)
VERIFY-MINOR condemned-but-reachable source=conservative_only kind=object class=9 payload=none
VERIFY-MINOR condemned-but-reachable source=conservative_only kind=var_ref
VERIFY-MINOR 2 of 16890 condemned objects are reachable by a full trace (0 precise, 2 conservative-only)
VERIFY-MINOR condemned-but-reachable source=conservative_only kind=object class=9 payload=none
VERIFY-MINOR condemned-but-reachable source=conservative_only kind=var_ref
VERIFY-MINOR condemned-but-reachable source=conservative_only kind=var_ref
VERIFY-MINOR 3 of 16762 condemned objects are reachable by a full trace (0 precise, 3 conservative-only)
VERIFY-MINOR condemned-but-reachable source=conservative_only kind=object class=9 payload=none
VERIFY-MINOR condemned-but-reachable source=conservative_only kind=var_ref
VERIFY-MINOR 2 of 16805 condemned objects are reachable by a full trace (0 precise, 2 conservative-only)
VERIFY-MINOR condemned-but-reachable source=conservative_only kind=object class=9 payload=none
VERIFY-MINOR condemned-but-reachable source=conservative_only kind=var_ref
VERIFY-MINOR condemned-but-reachable source=conservative_only kind=var_ref
VERIFY-MINOR 3 of 16731 condemned objects are reachable by a full trace (0 precise, 3 conservative-only)
VERIFY-MINOR condemned-but-reachable source=conservative_only kind=object class=9 payload=none
VERIFY-MINOR condemned-but-reachable source=conservative_only kind=var_ref
VERIFY-MINOR condemned-but-reachable source=conservative_only kind=var_ref
VERIFY-MINOR 3 of 16774 condemned objects are reachable by a full trace (0 precise, 3 conservative-only)
VERIFY-MINOR condemned-but-reachable source=conservative_only kind=object class=9 payload=none
VERIFY-MINOR condemned-but-reachable source=conservative_only kind=var_ref
VERIFY-MINOR condemned-but-reachable source=conservative_only kind=var_ref
VERIFY-MINOR 3 of 16748 condemned objects are reachable by a full trace (0 precise, 3 conservative-only)
VERIFY-MINOR condemned-but-reachable source=conservative_only kind=object class=9 payload=none
VERIFY-MINOR condemned-but-reachable source=conservative_only kind=var_ref
VERIFY-MINOR condemned-but-reachable source=conservative_only kind=var_ref
VERIFY-MINOR 3 of 16760 condemned objects are reachable by a full trace (0 precise, 3 conservative-only)
VERIFY-MINOR condemned-but-reachable source=conservative_only kind=object class=9 payload=none
VERIFY-MINOR condemned-but-reachable source=conservative_only kind=var_ref
VERIFY-MINOR 2 of 16891 condemned objects are reachable by a full trace (0 precise, 2 conservative-only)
VERIFY-MINOR condemned-but-reachable source=conservative_only kind=object class=1 payload=none
VERIFY-MINOR condemned-but-reachable source=conservative_only kind=object class=9 payload=none
VERIFY-MINOR condemned-but-reachable source=conservative_only kind=object class=1 payload=none
VERIFY-MINOR condemned-but-reachable source=conservative_only kind=var_ref
VERIFY-MINOR condemned-but-reachable source=conservative_only kind=var_ref
VERIFY-MINOR condemned-but-reachable source=conservative_only kind=var_ref
VERIFY-MINOR 6 of 16767 condemned objects are reachable by a full trace (0 precise, 6 conservative-only)
VERIFY-MINOR condemned-but-reachable source=conservative_only kind=object class=9 payload=none
VERIFY-MINOR condemned-but-reachable source=conservative_only kind=var_ref
VERIFY-MINOR condemned-but-reachable source=conservative_only kind=var_ref
VERIFY-MINOR 3 of 16786 condemned objects are reachable by a full trace (0 precise, 3 conservative-only)
VERIFY-MINOR condemned-but-reachable source=conservative_only kind=object class=9 payload=none
VERIFY-MINOR condemned-but-reachable source=conservative_only kind=var_ref
VERIFY-MINOR condemned-but-reachable source=conservative_only kind=var_ref
VERIFY-MINOR condemned-but-reachable source=conservative_only kind=var_ref
VERIFY-MINOR 4 of 16886 condemned objects are reachable by a full trace (0 precise, 4 conservative-only)
VERIFY-MINOR condemned-but-reachable source=conservative_only kind=object class=9 payload=none
VERIFY-MINOR condemned-but-reachable source=conservative_only kind=var_ref
VERIFY-MINOR condemned-but-reachable source=conservative_only kind=var_ref
VERIFY-MINOR 3 of 16829 condemned objects are reachable by a full trace (0 precise, 3 conservative-only)
VERIFY-MINOR condemned-but-reachable source=conservative_only kind=object class=9 payload=none
VERIFY-MINOR condemned-but-reachable source=conservative_only kind=var_ref
VERIFY-MINOR condemned-but-reachable source=conservative_only kind=var_ref
VERIFY-MINOR condemned-but-reachable source=conservative_only kind=var_ref
VERIFY-MINOR 4 of 16704 condemned objects are reachable by a full trace (0 precise, 4 conservative-only)
VERIFY-MINOR condemned-but-reachable source=conservative_only kind=object class=9 payload=none
VERIFY-MINOR condemned-but-reachable source=conservative_only kind=var_ref
VERIFY-MINOR condemned-but-reachable source=conservative_only kind=var_ref
VERIFY-MINOR 3 of 16726 condemned objects are reachable by a full trace (0 precise, 3 conservative-only)
VERIFY-MINOR condemned-but-reachable source=conservative_only kind=object class=9 payload=none
VERIFY-MINOR condemned-but-reachable source=conservative_only kind=var_ref
VERIFY-MINOR 2 of 16825 condemned objects are reachable by a full trace (0 precise, 2 conservative-only)
VERIFY-MINOR condemned-but-reachable source=conservative_only kind=object class=9 payload=none
VERIFY-MINOR condemned-but-reachable source=conservative_only kind=var_ref
VERIFY-MINOR condemned-but-reachable source=conservative_only kind=var_ref
VERIFY-MINOR 3 of 16721 condemned objects are reachable by a full trace (0 precise, 3 conservative-only)
VERIFY-MINOR condemned-but-reachable source=conservative_only kind=object class=9 payload=none
VERIFY-MINOR condemned-but-reachable source=conservative_only kind=var_ref
VERIFY-MINOR condemned-but-reachable source=conservative_only kind=var_ref
VERIFY-MINOR 3 of 16871 condemned objects are reachable by a full trace (0 precise, 3 conservative-only)
VERIFY-MINOR condemned-but-reachable source=conservative_only kind=object class=9 payload=none
VERIFY-MINOR condemned-but-reachable source=conservative_only kind=var_ref
VERIFY-MINOR condemned-but-reachable source=conservative_only kind=var_ref
VERIFY-MINOR condemned-but-reachable source=conservative_only kind=var_ref
VERIFY-MINOR 4 of 16839 condemned objects are reachable by a full trace (0 precise, 4 conservative-only)
VERIFY-MINOR condemned-but-reachable source=conservative_only kind=object class=9 payload=none
VERIFY-MINOR condemned-but-reachable source=conservative_only kind=var_ref
VERIFY-MINOR condemned-but-reachable source=conservative_only kind=var_ref
VERIFY-MINOR 3 of 16759 condemned objects are reachable by a full trace (0 precise, 3 conservative-only)
VERIFY-MINOR condemned-but-reachable source=conservative_only kind=object class=1 payload=none
VERIFY-MINOR condemned-but-reachable source=conservative_only kind=object class=18 payload=iterator
VERIFY-MINOR condemned-but-reachable source=conservative_only kind=var_ref
VERIFY-MINOR 3 of 16855 condemned objects are reachable by a full trace (0 precise, 3 conservative-only)
VERIFY-MINOR condemned-but-reachable source=conservative_only kind=object class=9 payload=none
VERIFY-MINOR condemned-but-reachable source=conservative_only kind=var_ref
VERIFY-MINOR condemned-but-reachable source=conservative_only kind=var_ref
VERIFY-MINOR 3 of 16744 condemned objects are reachable by a full trace (0 precise, 3 conservative-only)
VERIFY-MINOR condemned-but-reachable source=conservative_only kind=object class=9 payload=none
VERIFY-MINOR condemned-but-reachable source=conservative_only kind=var_ref
VERIFY-MINOR condemned-but-reachable source=conservative_only kind=var_ref
VERIFY-MINOR condemned-but-reachable source=conservative_only kind=var_ref
VERIFY-MINOR 4 of 16876 condemned objects are reachable by a full trace (0 precise, 4 conservative-only)
VERIFY-MINOR condemned-but-reachable source=conservative_only kind=object class=9 payload=none
VERIFY-MINOR condemned-but-reachable source=conservative_only kind=var_ref
VERIFY-MINOR condemned-but-reachable source=conservative_only kind=var_ref
VERIFY-MINOR 3 of 16804 condemned objects are reachable by a full trace (0 precise, 3 conservative-only)
VERIFY-MINOR condemned-but-reachable source=conservative_only kind=object class=9 payload=none
VERIFY-MINOR condemned-but-reachable source=conservative_only kind=var_ref
VERIFY-MINOR condemned-but-reachable source=conservative_only kind=var_ref
VERIFY-MINOR condemned-but-reachable source=conservative_only kind=var_ref
VERIFY-MINOR 4 of 16722 condemned objects are reachable by a full trace (0 precise, 4 conservative-only)
VERIFY-MINOR condemned-but-reachable source=conservative_only kind=object class=9 payload=none
VERIFY-MINOR condemned-but-reachable source=conservative_only kind=var_ref
VERIFY-MINOR condemned-but-reachable source=conservative_only kind=var_ref
VERIFY-MINOR condemned-but-reachable source=conservative_only kind=var_ref
VERIFY-MINOR 4 of 16851 condemned objects are reachable by a full trace (0 precise, 4 conservative-only)
VERIFY-MINOR condemned-but-reachable source=conservative_only kind=object class=9 payload=none
VERIFY-MINOR condemned-but-reachable source=conservative_only kind=var_ref
VERIFY-MINOR condemned-but-reachable source=conservative_only kind=var_ref
VERIFY-MINOR 3 of 16801 condemned objects are reachable by a full trace (0 precise, 3 conservative-only)
VERIFY-MINOR condemned-but-reachable source=conservative_only kind=object class=9 payload=none
VERIFY-MINOR condemned-but-reachable source=conservative_only kind=var_ref
VERIFY-MINOR condemned-but-reachable source=conservative_only kind=var_ref
VERIFY-MINOR 3 of 16704 condemned objects are reachable by a full trace (0 precise, 3 conservative-only)
VERIFY-MINOR condemned-but-reachable source=conservative_only kind=object class=9 payload=none
VERIFY-MINOR condemned-but-reachable source=conservative_only kind=var_ref
VERIFY-MINOR condemned-but-reachable source=conservative_only kind=var_ref
VERIFY-MINOR 3 of 16726 condemned objects are reachable by a full trace (0 precise, 3 conservative-only)
VERIFY-MINOR condemned-but-reachable source=conservative_only kind=object class=9 payload=none
VERIFY-MINOR condemned-but-reachable source=conservative_only kind=var_ref
VERIFY-MINOR condemned-but-reachable source=conservative_only kind=var_ref
VERIFY-MINOR condemned-but-reachable source=conservative_only kind=var_ref
VERIFY-MINOR 4 of 16874 condemned objects are reachable by a full trace (0 precise, 4 conservative-only)
VERIFY-MINOR condemned-but-reachable source=conservative_only kind=object class=9 payload=none
VERIFY-MINOR condemned-but-reachable source=conservative_only kind=var_ref
VERIFY-MINOR condemned-but-reachable source=conservative_only kind=var_ref
VERIFY-MINOR 3 of 16837 condemned objects are reachable by a full trace (0 precise, 3 conservative-only)
VERIFY-MINOR condemned-but-reachable source=conservative_only kind=object class=9 payload=none
VERIFY-MINOR condemned-but-reachable source=conservative_only kind=var_ref
VERIFY-MINOR condemned-but-reachable source=conservative_only kind=var_ref
VERIFY-MINOR 3 of 16734 condemned objects are reachable by a full trace (0 precise, 3 conservative-only)
VERIFY-MINOR condemned-but-reachable source=conservative_only kind=object class=9 payload=none
VERIFY-MINOR condemned-but-reachable source=conservative_only kind=var_ref
VERIFY-MINOR condemned-but-reachable source=conservative_only kind=var_ref
VERIFY-MINOR 3 of 16753 condemned objects are reachable by a full trace (0 precise, 3 conservative-only)
VERIFY-MINOR condemned-but-reachable source=conservative_only kind=object class=1 payload=none
VERIFY-MINOR condemned-but-reachable source=conservative_only kind=object class=1 payload=none
VERIFY-MINOR condemned-but-reachable source=conservative_only kind=object class=9 payload=none
VERIFY-MINOR condemned-but-reachable source=conservative_only kind=var_ref
VERIFY-MINOR condemned-but-reachable source=conservative_only kind=var_ref
VERIFY-MINOR 5 of 16709 condemned objects are reachable by a full trace (0 precise, 5 conservative-only)
VERIFY-MINOR condemned-but-reachable source=conservative_only kind=object class=9 payload=none
VERIFY-MINOR condemned-but-reachable source=conservative_only kind=var_ref
VERIFY-MINOR condemned-but-reachable source=conservative_only kind=var_ref
VERIFY-MINOR condemned-but-reachable source=conservative_only kind=var_ref
VERIFY-MINOR 4 of 16788 condemned objects are reachable by a full trace (0 precise, 4 conservative-only)
VERIFY-MINOR condemned-but-reachable source=conservative_only kind=object class=9 payload=none
VERIFY-MINOR condemned-but-reachable source=conservative_only kind=var_ref
VERIFY-MINOR 2 of 16793 condemned objects are reachable by a full trace (0 precise, 2 conservative-only)
VERIFY-MINOR condemned-but-reachable source=conservative_only kind=object class=9 payload=none
VERIFY-MINOR condemned-but-reachable source=conservative_only kind=object class=9 payload=none
VERIFY-MINOR condemned-but-reachable source=conservative_only kind=object class=1 payload=none
VERIFY-MINOR condemned-but-reachable source=conservative_only kind=var_ref
VERIFY-MINOR condemned-but-reachable source=conservative_only kind=var_ref
VERIFY-MINOR condemned-but-reachable source=conservative_only kind=var_ref
VERIFY-MINOR condemned-but-reachable source=conservative_only kind=var_ref
VERIFY-MINOR 7 of 16713 condemned objects are reachable by a full trace (0 precise, 7 conservative-only)
VERIFY-MINOR condemned-but-reachable source=conservative_only kind=object class=9 payload=none
VERIFY-MINOR condemned-but-reachable source=conservative_only kind=var_ref
VERIFY-MINOR condemned-but-reachable source=conservative_only kind=var_ref
VERIFY-MINOR 3 of 16849 condemned objects are reachable by a full trace (0 precise, 3 conservative-only)
VERIFY-MINOR condemned-but-reachable source=conservative_only kind=object class=9 payload=none
VERIFY-MINOR condemned-but-reachable source=conservative_only kind=var_ref
VERIFY-MINOR condemned-but-reachable source=conservative_only kind=var_ref
VERIFY-MINOR condemned-but-reachable source=conservative_only kind=var_ref
VERIFY-MINOR 4 of 16760 condemned objects are reachable by a full trace (0 precise, 4 conservative-only)
VERIFY-MINOR condemned-but-reachable source=conservative_only kind=object class=9 payload=none
VERIFY-MINOR condemned-but-reachable source=conservative_only kind=var_ref
VERIFY-MINOR condemned-but-reachable source=conservative_only kind=var_ref
VERIFY-MINOR condemned-but-reachable source=conservative_only kind=var_ref
VERIFY-MINOR 4 of 16828 condemned objects are reachable by a full trace (0 precise, 4 conservative-only)
VERIFY-MINOR condemned-but-reachable source=conservative_only kind=object class=9 payload=none
VERIFY-MINOR condemned-but-reachable source=conservative_only kind=var_ref
VERIFY-MINOR condemned-but-reachable source=conservative_only kind=var_ref
VERIFY-MINOR 3 of 16732 condemned objects are reachable by a full trace (0 precise, 3 conservative-only)
VERIFY-MINOR condemned-but-reachable source=conservative_only kind=object class=9 payload=none
VERIFY-MINOR condemned-but-reachable source=conservative_only kind=object class=9 payload=none
VERIFY-MINOR condemned-but-reachable source=conservative_only kind=var_ref
VERIFY-MINOR condemned-but-reachable source=conservative_only kind=var_ref
VERIFY-MINOR condemned-but-reachable source=conservative_only kind=var_ref
VERIFY-MINOR condemned-but-reachable source=conservative_only kind=var_ref
VERIFY-MINOR condemned-but-reachable source=conservative_only kind=var_ref
VERIFY-MINOR 7 of 16752 condemned objects are reachable by a full trace (0 precise, 7 conservative-only)
VERIFY-MINOR condemned-but-reachable source=conservative_only kind=object class=9 payload=none
VERIFY-MINOR condemned-but-reachable source=conservative_only kind=var_ref
VERIFY-MINOR 2 of 16866 condemned objects are reachable by a full trace (0 precise, 2 conservative-only)
VERIFY-MINOR condemned-but-reachable source=conservative_only kind=object class=9 payload=none
VERIFY-MINOR condemned-but-reachable source=conservative_only kind=var_ref
VERIFY-MINOR condemned-but-reachable source=conservative_only kind=var_ref
VERIFY-MINOR condemned-but-reachable source=conservative_only kind=var_ref
VERIFY-MINOR 4 of 16825 condemned objects are reachable by a full trace (0 precise, 4 conservative-only)
VERIFY-MINOR condemned-but-reachable source=conservative_only kind=object class=9 payload=none
VERIFY-MINOR condemned-but-reachable source=conservative_only kind=var_ref
VERIFY-MINOR condemned-but-reachable source=conservative_only kind=var_ref
VERIFY-MINOR condemned-but-reachable source=conservative_only kind=var_ref
VERIFY-MINOR 4 of 16747 condemned objects are reachable by a full trace (0 precise, 4 conservative-only)
VERIFY-MINOR condemned-but-reachable source=conservative_only kind=object class=9 payload=none
VERIFY-MINOR condemned-but-reachable source=conservative_only kind=var_ref
VERIFY-MINOR condemned-but-reachable source=conservative_only kind=var_ref
VERIFY-MINOR 3 of 16894 condemned objects are reachable by a full trace (0 precise, 3 conservative-only)
VERIFY-MINOR condemned-but-reachable source=conservative_only kind=object class=9 payload=none
VERIFY-MINOR condemned-but-reachable source=conservative_only kind=var_ref
VERIFY-MINOR condemned-but-reachable source=conservative_only kind=var_ref
VERIFY-MINOR 3 of 16895 condemned objects are reachable by a full trace (0 precise, 3 conservative-only)
VERIFY-MINOR condemned-but-reachable source=conservative_only kind=object class=9 payload=none
VERIFY-MINOR condemned-but-reachable source=conservative_only kind=var_ref
VERIFY-MINOR condemned-but-reachable source=conservative_only kind=var_ref
VERIFY-MINOR 3 of 16818 condemned objects are reachable by a full trace (0 precise, 3 conservative-only)
VERIFY-MINOR condemned-but-reachable source=conservative_only kind=object class=9 payload=none
VERIFY-MINOR condemned-but-reachable source=conservative_only kind=var_ref
VERIFY-MINOR condemned-but-reachable source=conservative_only kind=var_ref
VERIFY-MINOR condemned-but-reachable source=conservative_only kind=var_ref
VERIFY-MINOR 4 of 16780 condemned objects are reachable by a full trace (0 precise, 4 conservative-only)
VERIFY-MINOR condemned-but-reachable source=conservative_only kind=object class=9 payload=none
VERIFY-MINOR condemned-but-reachable source=conservative_only kind=var_ref
VERIFY-MINOR condemned-but-reachable source=conservative_only kind=var_ref
VERIFY-MINOR condemned-but-reachable source=conservative_only kind=var_ref
VERIFY-MINOR 4 of 16739 condemned objects are reachable by a full trace (0 precise, 4 conservative-only)
VERIFY-MINOR condemned-but-reachable source=conservative_only kind=object class=9 payload=none
VERIFY-MINOR condemned-but-reachable source=conservative_only kind=object class=1 payload=none
VERIFY-MINOR condemned-but-reachable source=conservative_only kind=var_ref
VERIFY-MINOR condemned-but-reachable source=conservative_only kind=var_ref
VERIFY-MINOR 4 of 16893 condemned objects are reachable by a full trace (0 precise, 4 conservative-only)
VERIFY-MINOR condemned-but-reachable source=conservative_only kind=object class=1 payload=none
VERIFY-MINOR 1 of 16706 condemned objects are reachable by a full trace (0 precise, 1 conservative-only)
VERIFY-MINOR condemned-but-reachable source=conservative_only kind=object class=9 payload=none
VERIFY-MINOR condemned-but-reachable source=conservative_only kind=object class=1 payload=none
VERIFY-MINOR condemned-but-reachable source=conservative_only kind=var_ref
VERIFY-MINOR condemned-but-reachable source=conservative_only kind=var_ref
VERIFY-MINOR 4 of 16830 condemned objects are reachable by a full trace (0 precise, 4 conservative-only)
VERIFY-MINOR condemned-but-reachable source=conservative_only kind=object class=9 payload=none
VERIFY-MINOR condemned-but-reachable source=conservative_only kind=var_ref
VERIFY-MINOR condemned-but-reachable source=conservative_only kind=var_ref
VERIFY-MINOR 3 of 16850 condemned objects are reachable by a full trace (0 precise, 3 conservative-only)
VERIFY-MINOR condemned-but-reachable source=conservative_only kind=object class=9 payload=none
VERIFY-MINOR condemned-but-reachable source=conservative_only kind=var_ref
VERIFY-MINOR condemned-but-reachable source=conservative_only kind=var_ref
VERIFY-MINOR condemned-but-reachable source=conservative_only kind=var_ref
VERIFY-MINOR 4 of 16779 condemned objects are reachable by a full trace (0 precise, 4 conservative-only)
VERIFY-MINOR condemned-but-reachable source=conservative_only kind=object class=9 payload=none
VERIFY-MINOR condemned-but-reachable source=conservative_only kind=var_ref
VERIFY-MINOR condemned-but-reachable source=conservative_only kind=var_ref
VERIFY-MINOR 3 of 16757 condemned objects are reachable by a full trace (0 precise, 3 conservative-only)
VERIFY-MINOR condemned-but-reachable source=conservative_only kind=object class=9 payload=none
VERIFY-MINOR condemned-but-reachable source=conservative_only kind=var_ref
VERIFY-MINOR condemned-but-reachable source=conservative_only kind=var_ref
VERIFY-MINOR condemned-but-reachable source=conservative_only kind=var_ref
VERIFY-MINOR 4 of 16748 condemned objects are reachable by a full trace (0 precise, 4 conservative-only)
VERIFY-MINOR condemned-but-reachable source=conservative_only kind=object class=9 payload=none
VERIFY-MINOR condemned-but-reachable source=conservative_only kind=var_ref
VERIFY-MINOR condemned-but-reachable source=conservative_only kind=var_ref
VERIFY-MINOR 3 of 16736 condemned objects are reachable by a full trace (0 precise, 3 conservative-only)
VERIFY-MINOR condemned-but-reachable source=conservative_only kind=object class=9 payload=none
VERIFY-MINOR condemned-but-reachable source=conservative_only kind=var_ref
VERIFY-MINOR condemned-but-reachable source=conservative_only kind=var_ref
VERIFY-MINOR 3 of 16758 condemned objects are reachable by a full trace (0 precise, 3 conservative-only)
VERIFY-MINOR condemned-but-reachable source=conservative_only kind=object class=1 payload=none
VERIFY-MINOR condemned-but-reachable source=conservative_only kind=object class=1 payload=none
VERIFY-MINOR condemned-but-reachable source=conservative_only kind=object class=9 payload=none
VERIFY-MINOR condemned-but-reachable source=conservative_only kind=var_ref
VERIFY-MINOR condemned-but-reachable source=conservative_only kind=var_ref
VERIFY-MINOR 5 of 16854 condemned objects are reachable by a full trace (0 precise, 5 conservative-only)
VERIFY-MINOR condemned-but-reachable source=conservative_only kind=object class=1 payload=none
VERIFY-MINOR condemned-but-reachable source=conservative_only kind=object class=9 payload=none
VERIFY-MINOR condemned-but-reachable source=conservative_only kind=var_ref
VERIFY-MINOR condemned-but-reachable source=conservative_only kind=var_ref
VERIFY-MINOR 4 of 16809 condemned objects are reachable by a full trace (0 precise, 4 conservative-only)
VERIFY-MINOR condemned-but-reachable source=conservative_only kind=object class=9 payload=none
VERIFY-MINOR condemned-but-reachable source=conservative_only kind=var_ref
VERIFY-MINOR condemned-but-reachable source=conservative_only kind=var_ref
VERIFY-MINOR condemned-but-reachable source=conservative_only kind=var_ref
VERIFY-MINOR 4 of 16795 condemned objects are reachable by a full trace (0 precise, 4 conservative-only)
VERIFY-MINOR condemned-but-reachable source=conservative_only kind=object class=9 payload=none
VERIFY-MINOR condemned-but-reachable source=conservative_only kind=var_ref
VERIFY-MINOR condemned-but-reachable source=conservative_only kind=var_ref
VERIFY-MINOR 3 of 16866 condemned objects are reachable by a full trace (0 precise, 3 conservative-only)
VERIFY-MINOR condemned-but-reachable source=conservative_only kind=object class=1 payload=none
VERIFY-MINOR condemned-but-reachable source=conservative_only kind=object class=1 payload=none
VERIFY-MINOR condemned-but-reachable source=conservative_only kind=object class=9 payload=none
VERIFY-MINOR condemned-but-reachable source=conservative_only kind=var_ref
VERIFY-MINOR condemned-but-reachable source=conservative_only kind=var_ref
VERIFY-MINOR 5 of 16861 condemned objects are reachable by a full trace (0 precise, 5 conservative-only)
VERIFY-MINOR condemned-but-reachable source=conservative_only kind=object class=9 payload=none
VERIFY-MINOR condemned-but-reachable source=conservative_only kind=var_ref
VERIFY-MINOR condemned-but-reachable source=conservative_only kind=var_ref
VERIFY-MINOR 3 of 16778 condemned objects are reachable by a full trace (0 precise, 3 conservative-only)
VERIFY-MINOR condemned-but-reachable source=conservative_only kind=object class=9 payload=none
VERIFY-MINOR condemned-but-reachable source=conservative_only kind=var_ref
VERIFY-MINOR condemned-but-reachable source=conservative_only kind=var_ref
VERIFY-MINOR 3 of 16764 condemned objects are reachable by a full trace (0 precise, 3 conservative-only)
VERIFY-MINOR condemned-but-reachable source=conservative_only kind=object class=9 payload=none
VERIFY-MINOR condemned-but-reachable source=conservative_only kind=object class=1 payload=none
VERIFY-MINOR condemned-but-reachable source=conservative_only kind=object class=1 payload=none
VERIFY-MINOR condemned-but-reachable source=conservative_only kind=var_ref
VERIFY-MINOR condemned-but-reachable source=conservative_only kind=var_ref
VERIFY-MINOR 5 of 16835 condemned objects are reachable by a full trace (0 precise, 5 conservative-only)
VERIFY-MINOR condemned-but-reachable source=conservative_only kind=object class=9 payload=none
VERIFY-MINOR condemned-but-reachable source=conservative_only kind=var_ref
VERIFY-MINOR condemned-but-reachable source=conservative_only kind=var_ref
VERIFY-MINOR condemned-but-reachable source=conservative_only kind=var_ref
VERIFY-MINOR 4 of 16721 condemned objects are reachable by a full trace (0 precise, 4 conservative-only)
VERIFY-MINOR condemned-but-reachable source=conservative_only kind=object class=9 payload=none
VERIFY-MINOR condemned-but-reachable source=conservative_only kind=var_ref
VERIFY-MINOR condemned-but-reachable source=conservative_only kind=var_ref
VERIFY-MINOR 3 of 16750 condemned objects are reachable by a full trace (0 precise, 3 conservative-only)
VERIFY-MINOR condemned-but-reachable source=conservative_only kind=object class=9 payload=none
VERIFY-MINOR condemned-but-reachable source=conservative_only kind=var_ref
VERIFY-MINOR 2 of 16749 condemned objects are reachable by a full trace (0 precise, 2 conservative-only)
VERIFY-MINOR condemned-but-reachable source=conservative_only kind=object class=9 payload=none
VERIFY-MINOR condemned-but-reachable source=conservative_only kind=var_ref
VERIFY-MINOR condemned-but-reachable source=conservative_only kind=var_ref
VERIFY-MINOR 3 of 16735 condemned objects are reachable by a full trace (0 precise, 3 conservative-only)
VERIFY-MINOR condemned-but-reachable source=conservative_only kind=object class=9 payload=none
VERIFY-MINOR condemned-but-reachable source=conservative_only kind=var_ref
VERIFY-MINOR condemned-but-reachable source=conservative_only kind=var_ref
VERIFY-MINOR 3 of 16862 condemned objects are reachable by a full trace (0 precise, 3 conservative-only)
VERIFY-MINOR condemned-but-reachable source=conservative_only kind=object class=9 payload=none
VERIFY-MINOR condemned-but-reachable source=conservative_only kind=var_ref
VERIFY-MINOR condemned-but-reachable source=conservative_only kind=var_ref
VERIFY-MINOR 3 of 16889 condemned objects are reachable by a full trace (0 precise, 3 conservative-only)
VERIFY-MINOR condemned-but-reachable source=conservative_only kind=object class=9 payload=none
VERIFY-MINOR condemned-but-reachable source=conservative_only kind=var_ref
VERIFY-MINOR condemned-but-reachable source=conservative_only kind=var_ref
VERIFY-MINOR 3 of 16760 condemned objects are reachable by a full trace (0 precise, 3 conservative-only)
VERIFY-MINOR condemned-but-reachable source=conservative_only kind=object class=9 payload=none
VERIFY-MINOR condemned-but-reachable source=conservative_only kind=var_ref
VERIFY-MINOR condemned-but-reachable source=conservative_only kind=var_ref
VERIFY-MINOR 3 of 16868 condemned objects are reachable by a full trace (0 precise, 3 conservative-only)
VERIFY-MINOR condemned-but-reachable source=conservative_only kind=object class=9 payload=none
VERIFY-MINOR condemned-but-reachable source=conservative_only kind=var_ref
VERIFY-MINOR condemned-but-reachable source=conservative_only kind=var_ref
VERIFY-MINOR condemned-but-reachable source=conservative_only kind=var_ref
VERIFY-MINOR 4 of 16819 condemned objects are reachable by a full trace (0 precise, 4 conservative-only)
VERIFY-MINOR condemned-but-reachable source=conservative_only kind=object class=9 payload=none
VERIFY-MINOR condemned-but-reachable source=conservative_only kind=var_ref
VERIFY-MINOR condemned-but-reachable source=conservative_only kind=var_ref
VERIFY-MINOR 3 of 16721 condemned objects are reachable by a full trace (0 precise, 3 conservative-only)
VERIFY-MINOR condemned-but-reachable source=conservative_only kind=object class=9 payload=none
VERIFY-MINOR condemned-but-reachable source=conservative_only kind=object class=9 payload=none
VERIFY-MINOR condemned-but-reachable source=conservative_only kind=var_ref
VERIFY-MINOR condemned-but-reachable source=conservative_only kind=var_ref
VERIFY-MINOR condemned-but-reachable source=conservative_only kind=var_ref
VERIFY-MINOR condemned-but-reachable source=conservative_only kind=var_ref
VERIFY-MINOR 6 of 16764 condemned objects are reachable by a full trace (0 precise, 6 conservative-only)
VERIFY-MINOR condemned-but-reachable source=conservative_only kind=object class=1 payload=none
VERIFY-MINOR condemned-but-reachable source=conservative_only kind=object class=1 payload=none
VERIFY-MINOR 2 of 16788 condemned objects are reachable by a full trace (0 precise, 2 conservative-only)
VERIFY-MINOR condemned-but-reachable source=conservative_only kind=object class=9 payload=none
VERIFY-MINOR condemned-but-reachable source=conservative_only kind=var_ref
VERIFY-MINOR condemned-but-reachable source=conservative_only kind=var_ref
VERIFY-MINOR 3 of 16728 condemned objects are reachable by a full trace (0 precise, 3 conservative-only)
VERIFY-MINOR condemned-but-reachable source=conservative_only kind=object class=9 payload=none
VERIFY-MINOR condemned-but-reachable source=conservative_only kind=object class=1 payload=none
VERIFY-MINOR condemned-but-reachable source=conservative_only kind=object class=1 payload=none
VERIFY-MINOR condemned-but-reachable source=conservative_only kind=var_ref
VERIFY-MINOR condemned-but-reachable source=conservative_only kind=var_ref
VERIFY-MINOR condemned-but-reachable source=conservative_only kind=var_ref
VERIFY-MINOR 6 of 16737 condemned objects are reachable by a full trace (0 precise, 6 conservative-only)
VERIFY-MINOR condemned-but-reachable source=conservative_only kind=object class=9 payload=none
VERIFY-MINOR condemned-but-reachable source=conservative_only kind=var_ref
VERIFY-MINOR condemned-but-reachable source=conservative_only kind=var_ref
VERIFY-MINOR 3 of 16781 condemned objects are reachable by a full trace (0 precise, 3 conservative-only)
VERIFY-MINOR condemned-but-reachable source=conservative_only kind=object class=9 payload=none
VERIFY-MINOR condemned-but-reachable source=conservative_only kind=var_ref
VERIFY-MINOR condemned-but-reachable source=conservative_only kind=var_ref
VERIFY-MINOR 3 of 16846 condemned objects are reachable by a full trace (0 precise, 3 conservative-only)
VERIFY-MINOR condemned-but-reachable source=conservative_only kind=object class=1 payload=none
VERIFY-MINOR condemned-but-reachable source=conservative_only kind=var_ref
VERIFY-MINOR 2 of 16754 condemned objects are reachable by a full trace (0 precise, 2 conservative-only)
VERIFY-MINOR condemned-but-reachable source=conservative_only kind=object class=9 payload=none
VERIFY-MINOR condemned-but-reachable source=conservative_only kind=object class=1 payload=none
VERIFY-MINOR condemned-but-reachable source=conservative_only kind=var_ref
VERIFY-MINOR condemned-but-reachable source=conservative_only kind=var_ref
VERIFY-MINOR 4 of 16763 condemned objects are reachable by a full trace (0 precise, 4 conservative-only)
VERIFY-MINOR condemned-but-reachable source=conservative_only kind=object class=9 payload=none
VERIFY-MINOR condemned-but-reachable source=conservative_only kind=var_ref
VERIFY-MINOR condemned-but-reachable source=conservative_only kind=var_ref
VERIFY-MINOR 3 of 16792 condemned objects are reachable by a full trace (0 precise, 3 conservative-only)
VERIFY-MINOR condemned-but-reachable source=conservative_only kind=object class=9 payload=none
VERIFY-MINOR condemned-but-reachable source=conservative_only kind=var_ref
VERIFY-MINOR condemned-but-reachable source=conservative_only kind=var_ref
VERIFY-MINOR 3 of 16733 condemned objects are reachable by a full trace (0 precise, 3 conservative-only)
VERIFY-MINOR condemned-but-reachable source=conservative_only kind=object class=9 payload=none
VERIFY-MINOR condemned-but-reachable source=conservative_only kind=var_ref
VERIFY-MINOR 2 of 16886 condemned objects are reachable by a full trace (0 precise, 2 conservative-only)
VERIFY-MINOR condemned-but-reachable source=conservative_only kind=object class=9 payload=none
VERIFY-MINOR condemned-but-reachable source=conservative_only kind=var_ref
VERIFY-MINOR condemned-but-reachable source=conservative_only kind=var_ref
VERIFY-MINOR 3 of 16722 condemned objects are reachable by a full trace (0 precise, 3 conservative-only)
VERIFY-MINOR condemned-but-reachable source=conservative_only kind=object class=9 payload=none
VERIFY-MINOR condemned-but-reachable source=conservative_only kind=var_ref
VERIFY-MINOR condemned-but-reachable source=conservative_only kind=var_ref
VERIFY-MINOR condemned-but-reachable source=conservative_only kind=var_ref
VERIFY-MINOR 4 of 16754 condemned objects are reachable by a full trace (0 precise, 4 conservative-only)
VERIFY-MINOR condemned-but-reachable source=conservative_only kind=object class=9 payload=none
VERIFY-MINOR condemned-but-reachable source=conservative_only kind=var_ref
VERIFY-MINOR 2 of 16761 condemned objects are reachable by a full trace (0 precise, 2 conservative-only)
VERIFY-MINOR condemned-but-reachable source=conservative_only kind=object class=9 payload=none
VERIFY-MINOR condemned-but-reachable source=conservative_only kind=var_ref
VERIFY-MINOR condemned-but-reachable source=conservative_only kind=var_ref
VERIFY-MINOR 3 of 16750 condemned objects are reachable by a full trace (0 precise, 3 conservative-only)
VERIFY-MINOR condemned-but-reachable source=conservative_only kind=object class=9 payload=none
VERIFY-MINOR condemned-but-reachable source=conservative_only kind=object class=9 payload=none
VERIFY-MINOR condemned-but-reachable source=conservative_only kind=var_ref
VERIFY-MINOR condemned-but-reachable source=conservative_only kind=var_ref
VERIFY-MINOR condemned-but-reachable source=conservative_only kind=var_ref
VERIFY-MINOR condemned-but-reachable source=conservative_only kind=var_ref
VERIFY-MINOR condemned-but-reachable source=conservative_only kind=var_ref
VERIFY-MINOR 7 of 16740 condemned objects are reachable by a full trace (0 precise, 7 conservative-only)
VERIFY-MINOR condemned-but-reachable source=conservative_only kind=object class=9 payload=none
VERIFY-MINOR condemned-but-reachable source=conservative_only kind=var_ref
VERIFY-MINOR condemned-but-reachable source=conservative_only kind=var_ref
VERIFY-MINOR condemned-but-reachable source=conservative_only kind=var_ref
VERIFY-MINOR 4 of 16881 condemned objects are reachable by a full trace (0 precise, 4 conservative-only)
VERIFY-MINOR condemned-but-reachable source=conservative_only kind=object class=9 payload=none
VERIFY-MINOR condemned-but-reachable source=conservative_only kind=var_ref
VERIFY-MINOR condemned-but-reachable source=conservative_only kind=var_ref
VERIFY-MINOR condemned-but-reachable source=conservative_only kind=var_ref
VERIFY-MINOR 4 of 16727 condemned objects are reachable by a full trace (0 precise, 4 conservative-only)
VERIFY-MINOR condemned-but-reachable source=conservative_only kind=object class=9 payload=none
VERIFY-MINOR condemned-but-reachable source=conservative_only kind=var_ref
VERIFY-MINOR condemned-but-reachable source=conservative_only kind=var_ref
VERIFY-MINOR 3 of 16870 condemned objects are reachable by a full trace (0 precise, 3 conservative-only)
VERIFY-MINOR condemned-but-reachable source=conservative_only kind=object class=9 payload=none
VERIFY-MINOR condemned-but-reachable source=conservative_only kind=var_ref
VERIFY-MINOR condemned-but-reachable source=conservative_only kind=var_ref
VERIFY-MINOR 3 of 16735 condemned objects are reachable by a full trace (0 precise, 3 conservative-only)
VERIFY-MINOR condemned-but-reachable source=conservative_only kind=object class=9 payload=none
VERIFY-MINOR condemned-but-reachable source=conservative_only kind=var_ref
VERIFY-MINOR condemned-but-reachable source=conservative_only kind=var_ref
VERIFY-MINOR 3 of 16877 condemned objects are reachable by a full trace (0 precise, 3 conservative-only)
VERIFY-MINOR condemned-but-reachable source=conservative_only kind=object class=9 payload=none
VERIFY-MINOR condemned-but-reachable source=conservative_only kind=object class=9 payload=none
VERIFY-MINOR condemned-but-reachable source=conservative_only kind=var_ref
VERIFY-MINOR condemned-but-reachable source=conservative_only kind=var_ref
VERIFY-MINOR condemned-but-reachable source=conservative_only kind=var_ref
VERIFY-MINOR condemned-but-reachable source=conservative_only kind=var_ref
VERIFY-MINOR 6 of 16774 condemned objects are reachable by a full trace (0 precise, 6 conservative-only)
VERIFY-MINOR condemned-but-reachable source=conservative_only kind=object class=9 payload=none
VERIFY-MINOR condemned-but-reachable source=conservative_only kind=var_ref
VERIFY-MINOR condemned-but-reachable source=conservative_only kind=var_ref
VERIFY-MINOR 3 of 16756 condemned objects are reachable by a full trace (0 precise, 3 conservative-only)
VERIFY-MINOR condemned-but-reachable source=conservative_only kind=shape
VERIFY-MINOR 1 of 16754 condemned objects are reachable by a full trace (0 precise, 1 conservative-only)
VERIFY-MINOR condemned-but-reachable source=conservative_only kind=object class=9 payload=none
VERIFY-MINOR condemned-but-reachable source=conservative_only kind=var_ref
VERIFY-MINOR condemned-but-reachable source=conservative_only kind=var_ref
VERIFY-MINOR 3 of 16885 condemned objects are reachable by a full trace (0 precise, 3 conservative-only)
VERIFY-MINOR condemned-but-reachable source=conservative_only kind=object class=9 payload=none
VERIFY-MINOR condemned-but-reachable source=conservative_only kind=var_ref
VERIFY-MINOR condemned-but-reachable source=conservative_only kind=var_ref
VERIFY-MINOR 3 of 16738 condemned objects are reachable by a full trace (0 precise, 3 conservative-only)
VERIFY-MINOR condemned-but-reachable source=conservative_only kind=object class=9 payload=none
VERIFY-MINOR condemned-but-reachable source=conservative_only kind=var_ref
VERIFY-MINOR condemned-but-reachable source=conservative_only kind=var_ref
VERIFY-MINOR 3 of 16739 condemned objects are reachable by a full trace (0 precise, 3 conservative-only)
VERIFY-MINOR condemned-but-reachable source=conservative_only kind=object class=9 payload=none
VERIFY-MINOR condemned-but-reachable source=conservative_only kind=var_ref
VERIFY-MINOR condemned-but-reachable source=conservative_only kind=var_ref
VERIFY-MINOR 3 of 16877 condemned objects are reachable by a full trace (0 precise, 3 conservative-only)
VERIFY-MINOR condemned-but-reachable source=conservative_only kind=object class=9 payload=none
VERIFY-MINOR condemned-but-reachable source=conservative_only kind=var_ref
VERIFY-MINOR condemned-but-reachable source=conservative_only kind=var_ref
VERIFY-MINOR 3 of 16806 condemned objects are reachable by a full trace (0 precise, 3 conservative-only)
VERIFY-MINOR condemned-but-reachable source=conservative_only kind=object class=9 payload=none
VERIFY-MINOR condemned-but-reachable source=conservative_only kind=var_ref
VERIFY-MINOR condemned-but-reachable source=conservative_only kind=var_ref
VERIFY-MINOR condemned-but-reachable source=conservative_only kind=var_ref
VERIFY-MINOR 4 of 16877 condemned objects are reachable by a full trace (0 precise, 4 conservative-only)
VERIFY-MINOR condemned-but-reachable source=conservative_only kind=object class=9 payload=none
VERIFY-MINOR condemned-but-reachable source=conservative_only kind=var_ref
VERIFY-MINOR condemned-but-reachable source=conservative_only kind=var_ref
VERIFY-MINOR 3 of 16829 condemned objects are reachable by a full trace (0 precise, 3 conservative-only)
VERIFY-MINOR condemned-but-reachable source=conservative_only kind=object class=9 payload=none
VERIFY-MINOR condemned-but-reachable source=conservative_only kind=var_ref
VERIFY-MINOR condemned-but-reachable source=conservative_only kind=var_ref
VERIFY-MINOR 3 of 16698 condemned objects are reachable by a full trace (0 precise, 3 conservative-only)
VERIFY-MINOR condemned-but-reachable source=conservative_only kind=object class=9 payload=none
VERIFY-MINOR condemned-but-reachable source=conservative_only kind=var_ref
VERIFY-MINOR condemned-but-reachable source=conservative_only kind=var_ref
VERIFY-MINOR 3 of 16756 condemned objects are reachable by a full trace (0 precise, 3 conservative-only)
VERIFY-MINOR condemned-but-reachable source=conservative_only kind=object class=9 payload=none
VERIFY-MINOR condemned-but-reachable source=conservative_only kind=var_ref
VERIFY-MINOR condemned-but-reachable source=conservative_only kind=var_ref
VERIFY-MINOR 3 of 16859 condemned objects are reachable by a full trace (0 precise, 3 conservative-only)
VERIFY-MINOR condemned-but-reachable source=conservative_only kind=object class=9 payload=none
VERIFY-MINOR condemned-but-reachable source=conservative_only kind=object class=9 payload=none
VERIFY-MINOR condemned-but-reachable source=conservative_only kind=var_ref
VERIFY-MINOR condemned-but-reachable source=conservative_only kind=var_ref
VERIFY-MINOR condemned-but-reachable source=conservative_only kind=var_ref
VERIFY-MINOR condemned-but-reachable source=conservative_only kind=var_ref
VERIFY-MINOR condemned-but-reachable source=conservative_only kind=var_ref
VERIFY-MINOR 7 of 16781 condemned objects are reachable by a full trace (0 precise, 7 conservative-only)
VERIFY-MINOR condemned-but-reachable source=conservative_only kind=object class=9 payload=none
VERIFY-MINOR condemned-but-reachable source=conservative_only kind=var_ref
VERIFY-MINOR condemned-but-reachable source=conservative_only kind=var_ref
VERIFY-MINOR 3 of 16765 condemned objects are reachable by a full trace (0 precise, 3 conservative-only)
VERIFY-MINOR condemned-but-reachable source=conservative_only kind=object class=9 payload=none
VERIFY-MINOR condemned-but-reachable source=conservative_only kind=var_ref
VERIFY-MINOR condemned-but-reachable source=conservative_only kind=var_ref
VERIFY-MINOR condemned-but-reachable source=conservative_only kind=var_ref
VERIFY-MINOR 4 of 16891 condemned objects are reachable by a full trace (0 precise, 4 conservative-only)
VERIFY-MINOR condemned-but-reachable source=conservative_only kind=object class=9 payload=none
VERIFY-MINOR condemned-but-reachable source=conservative_only kind=var_ref
VERIFY-MINOR condemned-but-reachable source=conservative_only kind=var_ref
VERIFY-MINOR 3 of 16832 condemned objects are reachable by a full trace (0 precise, 3 conservative-only)
VERIFY-MINOR condemned-but-reachable source=conservative_only kind=object class=9 payload=none
VERIFY-MINOR condemned-but-reachable source=conservative_only kind=var_ref
VERIFY-MINOR condemned-but-reachable source=conservative_only kind=var_ref
VERIFY-MINOR 3 of 16739 condemned objects are reachable by a full trace (0 precise, 3 conservative-only)
VERIFY-MINOR condemned-but-reachable source=conservative_only kind=object class=9 payload=none
VERIFY-MINOR condemned-but-reachable source=conservative_only kind=var_ref
VERIFY-MINOR condemned-but-reachable source=conservative_only kind=var_ref
VERIFY-MINOR condemned-but-reachable source=conservative_only kind=var_ref
VERIFY-MINOR 4 of 16735 condemned objects are reachable by a full trace (0 precise, 4 conservative-only)
VERIFY-MINOR condemned-but-reachable source=conservative_only kind=object class=9 payload=none
VERIFY-MINOR condemned-but-reachable source=conservative_only kind=var_ref
VERIFY-MINOR condemned-but-reachable source=conservative_only kind=var_ref
VERIFY-MINOR condemned-but-reachable source=conservative_only kind=var_ref
VERIFY-MINOR 4 of 16898 condemned objects are reachable by a full trace (0 precise, 4 conservative-only)
VERIFY-MINOR condemned-but-reachable source=conservative_only kind=object class=9 payload=none
VERIFY-MINOR condemned-but-reachable source=conservative_only kind=var_ref
VERIFY-MINOR condemned-but-reachable source=conservative_only kind=var_ref
VERIFY-MINOR condemned-but-reachable source=conservative_only kind=var_ref
VERIFY-MINOR 4 of 16901 condemned objects are reachable by a full trace (0 precise, 4 conservative-only)
VERIFY-MINOR condemned-but-reachable source=conservative_only kind=object class=9 payload=none
VERIFY-MINOR condemned-but-reachable source=conservative_only kind=var_ref
VERIFY-MINOR condemned-but-reachable source=conservative_only kind=var_ref
VERIFY-MINOR 3 of 16746 condemned objects are reachable by a full trace (0 precise, 3 conservative-only)
VERIFY-MINOR condemned-but-reachable source=conservative_only kind=object class=9 payload=none
VERIFY-MINOR condemned-but-reachable source=conservative_only kind=var_ref
VERIFY-MINOR 2 of 16784 condemned objects are reachable by a full trace (0 precise, 2 conservative-only)
VERIFY-MINOR condemned-but-reachable source=conservative_only kind=object class=9 payload=none
VERIFY-MINOR condemned-but-reachable source=conservative_only kind=var_ref
VERIFY-MINOR condemned-but-reachable source=conservative_only kind=var_ref
VERIFY-MINOR 3 of 16841 condemned objects are reachable by a full trace (0 precise, 3 conservative-only)
VERIFY-MINOR condemned-but-reachable source=conservative_only kind=object class=9 payload=none
VERIFY-MINOR condemned-but-reachable source=conservative_only kind=var_ref
VERIFY-MINOR condemned-but-reachable source=conservative_only kind=var_ref
VERIFY-MINOR condemned-but-reachable source=conservative_only kind=var_ref
VERIFY-MINOR 4 of 16819 condemned objects are reachable by a full trace (0 precise, 4 conservative-only)
VERIFY-MINOR condemned-but-reachable source=conservative_only kind=object class=9 payload=none
VERIFY-MINOR condemned-but-reachable source=conservative_only kind=shape
VERIFY-MINOR condemned-but-reachable source=conservative_only kind=var_ref
VERIFY-MINOR condemned-but-reachable source=conservative_only kind=var_ref
VERIFY-MINOR condemned-but-reachable source=conservative_only kind=var_ref
VERIFY-MINOR 5 of 16731 condemned objects are reachable by a full trace (0 precise, 5 conservative-only)
VERIFY-MINOR condemned-but-reachable source=conservative_only kind=object class=9 payload=none
VERIFY-MINOR condemned-but-reachable source=conservative_only kind=var_ref
VERIFY-MINOR condemned-but-reachable source=conservative_only kind=var_ref
VERIFY-MINOR 3 of 16740 condemned objects are reachable by a full trace (0 precise, 3 conservative-only)
VERIFY-MINOR condemned-but-reachable source=conservative_only kind=object class=9 payload=none
VERIFY-MINOR condemned-but-reachable source=conservative_only kind=var_ref
VERIFY-MINOR condemned-but-reachable source=conservative_only kind=var_ref
VERIFY-MINOR 3 of 16755 condemned objects are reachable by a full trace (0 precise, 3 conservative-only)
VERIFY-MINOR condemned-but-reachable source=conservative_only kind=object class=9 payload=none
VERIFY-MINOR condemned-but-reachable source=conservative_only kind=var_ref
VERIFY-MINOR condemned-but-reachable source=conservative_only kind=var_ref
VERIFY-MINOR 3 of 16757 condemned objects are reachable by a full trace (0 precise, 3 conservative-only)
VERIFY-MINOR condemned-but-reachable source=conservative_only kind=object class=9 payload=none
VERIFY-MINOR condemned-but-reachable source=conservative_only kind=var_ref
VERIFY-MINOR condemned-but-reachable source=conservative_only kind=var_ref
VERIFY-MINOR condemned-but-reachable source=conservative_only kind=var_ref
VERIFY-MINOR 4 of 16745 condemned objects are reachable by a full trace (0 precise, 4 conservative-only)
VERIFY-MINOR condemned-but-reachable source=conservative_only kind=object class=9 payload=none
VERIFY-MINOR condemned-but-reachable source=conservative_only kind=var_ref
VERIFY-MINOR condemned-but-reachable source=conservative_only kind=var_ref
VERIFY-MINOR 3 of 16863 condemned objects are reachable by a full trace (0 precise, 3 conservative-only)
VERIFY-MINOR condemned-but-reachable source=conservative_only kind=object class=9 payload=none
VERIFY-MINOR condemned-but-reachable source=conservative_only kind=var_ref
VERIFY-MINOR condemned-but-reachable source=conservative_only kind=var_ref
VERIFY-MINOR 3 of 16732 condemned objects are reachable by a full trace (0 precise, 3 conservative-only)
VERIFY-MINOR condemned-but-reachable source=conservative_only kind=object class=9 payload=none
VERIFY-MINOR condemned-but-reachable source=conservative_only kind=var_ref
VERIFY-MINOR condemned-but-reachable source=conservative_only kind=var_ref
VERIFY-MINOR 3 of 16882 condemned objects are reachable by a full trace (0 precise, 3 conservative-only)
VERIFY-MINOR condemned-but-reachable source=conservative_only kind=object class=9 payload=none
VERIFY-MINOR condemned-but-reachable source=conservative_only kind=var_ref
VERIFY-MINOR condemned-but-reachable source=conservative_only kind=var_ref
VERIFY-MINOR condemned-but-reachable source=conservative_only kind=var_ref
VERIFY-MINOR 4 of 16750 condemned objects are reachable by a full trace (0 precise, 4 conservative-only)
VERIFY-MINOR condemned-but-reachable source=conservative_only kind=object class=9 payload=none
VERIFY-MINOR condemned-but-reachable source=conservative_only kind=var_ref
VERIFY-MINOR condemned-but-reachable source=conservative_only kind=var_ref
VERIFY-MINOR 3 of 16892 condemned objects are reachable by a full trace (0 precise, 3 conservative-only)
VERIFY-MINOR condemned-but-reachable source=conservative_only kind=object class=9 payload=none
VERIFY-MINOR condemned-but-reachable source=conservative_only kind=var_ref
VERIFY-MINOR condemned-but-reachable source=conservative_only kind=var_ref
VERIFY-MINOR 3 of 16735 condemned objects are reachable by a full trace (0 precise, 3 conservative-only)
VERIFY-MINOR condemned-but-reachable source=conservative_only kind=object class=9 payload=none
VERIFY-MINOR condemned-but-reachable source=conservative_only kind=var_ref
VERIFY-MINOR condemned-but-reachable source=conservative_only kind=var_ref
VERIFY-MINOR 3 of 16768 condemned objects are reachable by a full trace (0 precise, 3 conservative-only)
VERIFY-MINOR condemned-but-reachable source=conservative_only kind=object class=9 payload=none
VERIFY-MINOR condemned-but-reachable source=conservative_only kind=var_ref
VERIFY-MINOR condemned-but-reachable source=conservative_only kind=var_ref
VERIFY-MINOR 3 of 16877 condemned objects are reachable by a full trace (0 precise, 3 conservative-only)
VERIFY-MINOR condemned-but-reachable source=conservative_only kind=object class=9 payload=none
VERIFY-MINOR condemned-but-reachable source=conservative_only kind=var_ref
VERIFY-MINOR 2 of 16803 condemned objects are reachable by a full trace (0 precise, 2 conservative-only)
VERIFY-MINOR condemned-but-reachable source=conservative_only kind=object class=9 payload=none
VERIFY-MINOR condemned-but-reachable source=conservative_only kind=var_ref
VERIFY-MINOR condemned-but-reachable source=conservative_only kind=var_ref
VERIFY-MINOR 3 of 16707 condemned objects are reachable by a full trace (0 precise, 3 conservative-only)
VERIFY-MINOR condemned-but-reachable source=conservative_only kind=object class=9 payload=none
VERIFY-MINOR condemned-but-reachable source=conservative_only kind=var_ref
VERIFY-MINOR condemned-but-reachable source=conservative_only kind=var_ref
VERIFY-MINOR condemned-but-reachable source=conservative_only kind=var_ref
VERIFY-MINOR 4 of 16854 condemned objects are reachable by a full trace (0 precise, 4 conservative-only)
VERIFY-MINOR condemned-but-reachable source=conservative_only kind=object class=9 payload=none
VERIFY-MINOR condemned-but-reachable source=conservative_only kind=object class=9 payload=none
VERIFY-MINOR condemned-but-reachable source=conservative_only kind=object class=1 payload=none
VERIFY-MINOR condemned-but-reachable source=conservative_only kind=var_ref
VERIFY-MINOR condemned-but-reachable source=conservative_only kind=var_ref
VERIFY-MINOR condemned-but-reachable source=conservative_only kind=var_ref
VERIFY-MINOR condemned-but-reachable source=conservative_only kind=var_ref
VERIFY-MINOR 7 of 16798 condemned objects are reachable by a full trace (0 precise, 7 conservative-only)
VERIFY-MINOR condemned-but-reachable source=conservative_only kind=object class=9 payload=none
VERIFY-MINOR condemned-but-reachable source=conservative_only kind=var_ref
VERIFY-MINOR condemned-but-reachable source=conservative_only kind=var_ref
VERIFY-MINOR 3 of 16835 condemned objects are reachable by a full trace (0 precise, 3 conservative-only)
VERIFY-MINOR condemned-but-reachable source=conservative_only kind=object class=9 payload=none
VERIFY-MINOR condemned-but-reachable source=conservative_only kind=var_ref
VERIFY-MINOR condemned-but-reachable source=conservative_only kind=var_ref
VERIFY-MINOR 3 of 16758 condemned objects are reachable by a full trace (0 precise, 3 conservative-only)
VERIFY-MINOR condemned-but-reachable source=conservative_only kind=object class=9 payload=none
VERIFY-MINOR condemned-but-reachable source=conservative_only kind=var_ref
VERIFY-MINOR condemned-but-reachable source=conservative_only kind=var_ref
VERIFY-MINOR 3 of 16858 condemned objects are reachable by a full trace (0 precise, 3 conservative-only)
VERIFY-MINOR condemned-but-reachable source=conservative_only kind=object class=9 payload=none
VERIFY-MINOR condemned-but-reachable source=conservative_only kind=var_ref
VERIFY-MINOR condemned-but-reachable source=conservative_only kind=var_ref
VERIFY-MINOR 3 of 16771 condemned objects are reachable by a full trace (0 precise, 3 conservative-only)
VERIFY-MINOR condemned-but-reachable source=conservative_only kind=object class=9 payload=none
VERIFY-MINOR condemned-but-reachable source=conservative_only kind=var_ref
VERIFY-MINOR condemned-but-reachable source=conservative_only kind=var_ref
VERIFY-MINOR 3 of 16750 condemned objects are reachable by a full trace (0 precise, 3 conservative-only)
VERIFY-MINOR condemned-but-reachable source=conservative_only kind=object class=9 payload=none
VERIFY-MINOR condemned-but-reachable source=conservative_only kind=var_ref
VERIFY-MINOR condemned-but-reachable source=conservative_only kind=var_ref
VERIFY-MINOR 3 of 16803 condemned objects are reachable by a full trace (0 precise, 3 conservative-only)
VERIFY-MINOR condemned-but-reachable source=conservative_only kind=object class=1 payload=none
VERIFY-MINOR condemned-but-reachable source=conservative_only kind=object class=1 payload=none
VERIFY-MINOR condemned-but-reachable source=conservative_only kind=object class=9 payload=none
VERIFY-MINOR condemned-but-reachable source=conservative_only kind=var_ref
VERIFY-MINOR condemned-but-reachable source=conservative_only kind=var_ref
VERIFY-MINOR 5 of 16752 condemned objects are reachable by a full trace (0 precise, 5 conservative-only)
VERIFY-MINOR condemned-but-reachable source=conservative_only kind=object class=9 payload=none
VERIFY-MINOR condemned-but-reachable source=conservative_only kind=object class=1 payload=none
VERIFY-MINOR condemned-but-reachable source=conservative_only kind=var_ref
VERIFY-MINOR condemned-but-reachable source=conservative_only kind=var_ref
VERIFY-MINOR condemned-but-reachable source=conservative_only kind=var_ref
VERIFY-MINOR 5 of 16773 condemned objects are reachable by a full trace (0 precise, 5 conservative-only)
VERIFY-MINOR condemned-but-reachable source=conservative_only kind=object class=9 payload=none
VERIFY-MINOR condemned-but-reachable source=conservative_only kind=var_ref
VERIFY-MINOR condemned-but-reachable source=conservative_only kind=var_ref
VERIFY-MINOR 3 of 16734 condemned objects are reachable by a full trace (0 precise, 3 conservative-only)
VERIFY-MINOR condemned-but-reachable source=conservative_only kind=object class=9 payload=none
VERIFY-MINOR condemned-but-reachable source=conservative_only kind=var_ref
VERIFY-MINOR condemned-but-reachable source=conservative_only kind=var_ref
VERIFY-MINOR 3 of 16877 condemned objects are reachable by a full trace (0 precise, 3 conservative-only)
VERIFY-MINOR condemned-but-reachable source=conservative_only kind=object class=9 payload=none
VERIFY-MINOR condemned-but-reachable source=conservative_only kind=var_ref
VERIFY-MINOR condemned-but-reachable source=conservative_only kind=var_ref
VERIFY-MINOR 3 of 16782 condemned objects are reachable by a full trace (0 precise, 3 conservative-only)
VERIFY-MINOR condemned-but-reachable source=conservative_only kind=object class=9 payload=none
VERIFY-MINOR condemned-but-reachable source=conservative_only kind=var_ref
VERIFY-MINOR 2 of 16758 condemned objects are reachable by a full trace (0 precise, 2 conservative-only)
VERIFY-MINOR condemned-but-reachable source=conservative_only kind=object class=9 payload=none
VERIFY-MINOR condemned-but-reachable source=conservative_only kind=var_ref
VERIFY-MINOR condemned-but-reachable source=conservative_only kind=var_ref
VERIFY-MINOR condemned-but-reachable source=conservative_only kind=var_ref
VERIFY-MINOR 4 of 16745 condemned objects are reachable by a full trace (0 precise, 4 conservative-only)
VERIFY-MINOR condemned-but-reachable source=conservative_only kind=object class=9 payload=none
VERIFY-MINOR condemned-but-reachable source=conservative_only kind=var_ref
VERIFY-MINOR condemned-but-reachable source=conservative_only kind=var_ref
VERIFY-MINOR 3 of 16890 condemned objects are reachable by a full trace (0 precise, 3 conservative-only)
VERIFY-MINOR condemned-but-reachable source=conservative_only kind=object class=9 payload=none
VERIFY-MINOR condemned-but-reachable source=conservative_only kind=var_ref
VERIFY-MINOR condemned-but-reachable source=conservative_only kind=var_ref
VERIFY-MINOR condemned-but-reachable source=conservative_only kind=var_ref
VERIFY-MINOR 4 of 16867 condemned objects are reachable by a full trace (0 precise, 4 conservative-only)
VERIFY-MINOR condemned-but-reachable source=conservative_only kind=object class=1 payload=none
VERIFY-MINOR condemned-but-reachable source=conservative_only kind=var_ref
VERIFY-MINOR 2 of 16773 condemned objects are reachable by a full trace (0 precise, 2 conservative-only)
VERIFY-MINOR condemned-but-reachable source=conservative_only kind=object class=9 payload=none
VERIFY-MINOR condemned-but-reachable source=conservative_only kind=var_ref
VERIFY-MINOR condemned-but-reachable source=conservative_only kind=var_ref
VERIFY-MINOR 3 of 16738 condemned objects are reachable by a full trace (0 precise, 3 conservative-only)
VERIFY-MINOR condemned-but-reachable source=conservative_only kind=object class=9 payload=none
VERIFY-MINOR condemned-but-reachable source=conservative_only kind=var_ref
VERIFY-MINOR condemned-but-reachable source=conservative_only kind=var_ref
VERIFY-MINOR 3 of 16890 condemned objects are reachable by a full trace (0 precise, 3 conservative-only)
VERIFY-MINOR condemned-but-reachable source=conservative_only kind=object class=9 payload=none
VERIFY-MINOR condemned-but-reachable source=conservative_only kind=object class=1 payload=none
VERIFY-MINOR condemned-but-reachable source=conservative_only kind=var_ref
VERIFY-MINOR condemned-but-reachable source=conservative_only kind=var_ref
VERIFY-MINOR 4 of 16747 condemned objects are reachable by a full trace (0 precise, 4 conservative-only)
VERIFY-MINOR condemned-but-reachable source=conservative_only kind=object class=9 payload=none
VERIFY-MINOR condemned-but-reachable source=conservative_only kind=var_ref
VERIFY-MINOR condemned-but-reachable source=conservative_only kind=var_ref
VERIFY-MINOR 3 of 16785 condemned objects are reachable by a full trace (0 precise, 3 conservative-only)
VERIFY-MINOR condemned-but-reachable source=conservative_only kind=object class=9 payload=none
VERIFY-MINOR condemned-but-reachable source=conservative_only kind=var_ref
VERIFY-MINOR condemned-but-reachable source=conservative_only kind=var_ref
VERIFY-MINOR 3 of 16759 condemned objects are reachable by a full trace (0 precise, 3 conservative-only)
VERIFY-MINOR condemned-but-reachable source=conservative_only kind=object class=9 payload=none
VERIFY-MINOR condemned-but-reachable source=conservative_only kind=var_ref
VERIFY-MINOR condemned-but-reachable source=conservative_only kind=var_ref
VERIFY-MINOR 3 of 16725 condemned objects are reachable by a full trace (0 precise, 3 conservative-only)
VERIFY-MINOR condemned-but-reachable source=conservative_only kind=object class=1 payload=none
VERIFY-MINOR condemned-but-reachable source=conservative_only kind=object class=9 payload=none
VERIFY-MINOR condemned-but-reachable source=conservative_only kind=var_ref
VERIFY-MINOR condemned-but-reachable source=conservative_only kind=var_ref
VERIFY-MINOR condemned-but-reachable source=conservative_only kind=var_ref
VERIFY-MINOR 5 of 16888 condemned objects are reachable by a full trace (0 precise, 5 conservative-only)
VERIFY-MINOR condemned-but-reachable source=conservative_only kind=object class=9 payload=none
VERIFY-MINOR condemned-but-reachable source=conservative_only kind=var_ref
VERIFY-MINOR condemned-but-reachable source=conservative_only kind=var_ref
VERIFY-MINOR 3 of 16768 condemned objects are reachable by a full trace (0 precise, 3 conservative-only)
VERIFY-MINOR condemned-but-reachable source=conservative_only kind=object class=9 payload=none
VERIFY-MINOR condemned-but-reachable source=conservative_only kind=var_ref
VERIFY-MINOR condemned-but-reachable source=conservative_only kind=var_ref
VERIFY-MINOR 3 of 16773 condemned objects are reachable by a full trace (0 precise, 3 conservative-only)
VERIFY-MINOR condemned-but-reachable source=conservative_only kind=object class=9 payload=none
VERIFY-MINOR condemned-but-reachable source=conservative_only kind=var_ref
VERIFY-MINOR condemned-but-reachable source=conservative_only kind=var_ref
VERIFY-MINOR 3 of 16733 condemned objects are reachable by a full trace (0 precise, 3 conservative-only)
VERIFY-MINOR condemned-but-reachable source=conservative_only kind=object class=9 payload=none
VERIFY-MINOR condemned-but-reachable source=conservative_only kind=var_ref
VERIFY-MINOR condemned-but-reachable source=conservative_only kind=var_ref
VERIFY-MINOR 3 of 16899 condemned objects are reachable by a full trace (0 precise, 3 conservative-only)
VERIFY-MINOR condemned-but-reachable source=conservative_only kind=object class=9 payload=none
VERIFY-MINOR condemned-but-reachable source=conservative_only kind=var_ref
VERIFY-MINOR condemned-but-reachable source=conservative_only kind=var_ref
VERIFY-MINOR condemned-but-reachable source=conservative_only kind=var_ref
VERIFY-MINOR 4 of 16891 condemned objects are reachable by a full trace (0 precise, 4 conservative-only)
VERIFY-MINOR condemned-but-reachable source=conservative_only kind=object class=9 payload=none
VERIFY-MINOR condemned-but-reachable source=conservative_only kind=var_ref
VERIFY-MINOR condemned-but-reachable source=conservative_only kind=var_ref
VERIFY-MINOR 3 of 16756 condemned objects are reachable by a full trace (0 precise, 3 conservative-only)
VERIFY-MINOR condemned-but-reachable source=conservative_only kind=object class=9 payload=none
VERIFY-MINOR condemned-but-reachable source=conservative_only kind=var_ref
VERIFY-MINOR condemned-but-reachable source=conservative_only kind=var_ref
VERIFY-MINOR 3 of 16754 condemned objects are reachable by a full trace (0 precise, 3 conservative-only)
VERIFY-MINOR condemned-but-reachable source=conservative_only kind=object class=9 payload=none
VERIFY-MINOR condemned-but-reachable source=conservative_only kind=var_ref
VERIFY-MINOR condemned-but-reachable source=conservative_only kind=var_ref
VERIFY-MINOR 3 of 16760 condemned objects are reachable by a full trace (0 precise, 3 conservative-only)
VERIFY-MINOR condemned-but-reachable source=conservative_only kind=object class=9 payload=none
VERIFY-MINOR condemned-but-reachable source=conservative_only kind=var_ref
VERIFY-MINOR condemned-but-reachable source=conservative_only kind=var_ref
VERIFY-MINOR condemned-but-reachable source=conservative_only kind=var_ref
VERIFY-MINOR 4 of 16888 condemned objects are reachable by a full trace (0 precise, 4 conservative-only)
VERIFY-MINOR condemned-but-reachable source=conservative_only kind=object class=9 payload=none
VERIFY-MINOR condemned-but-reachable source=conservative_only kind=var_ref
VERIFY-MINOR condemned-but-reachable source=conservative_only kind=var_ref
VERIFY-MINOR condemned-but-reachable source=conservative_only kind=var_ref
VERIFY-MINOR 4 of 16745 condemned objects are reachable by a full trace (0 precise, 4 conservative-only)
VERIFY-MINOR condemned-but-reachable source=conservative_only kind=object class=9 payload=none
VERIFY-MINOR condemned-but-reachable source=conservative_only kind=object class=1 payload=none
VERIFY-MINOR condemned-but-reachable source=conservative_only kind=var_ref
VERIFY-MINOR condemned-but-reachable source=conservative_only kind=var_ref
VERIFY-MINOR 4 of 16730 condemned objects are reachable by a full trace (0 precise, 4 conservative-only)
VERIFY-MINOR condemned-but-reachable source=conservative_only kind=object class=9 payload=none
VERIFY-MINOR condemned-but-reachable source=conservative_only kind=var_ref
VERIFY-MINOR 2 of 16848 condemned objects are reachable by a full trace (0 precise, 2 conservative-only)
VERIFY-MINOR condemned-but-reachable source=conservative_only kind=object class=9 payload=none
VERIFY-MINOR condemned-but-reachable source=conservative_only kind=object class=1 payload=none
VERIFY-MINOR condemned-but-reachable source=conservative_only kind=var_ref
VERIFY-MINOR condemned-but-reachable source=conservative_only kind=var_ref
VERIFY-MINOR condemned-but-reachable source=conservative_only kind=var_ref
VERIFY-MINOR 5 of 16754 condemned objects are reachable by a full trace (0 precise, 5 conservative-only)
VERIFY-MINOR condemned-but-reachable source=conservative_only kind=object class=9 payload=none
VERIFY-MINOR condemned-but-reachable source=conservative_only kind=var_ref
VERIFY-MINOR condemned-but-reachable source=conservative_only kind=var_ref
VERIFY-MINOR 3 of 16734 condemned objects are reachable by a full trace (0 precise, 3 conservative-only)
VERIFY-MINOR condemned-but-reachable source=conservative_only kind=object class=9 payload=none
VERIFY-MINOR condemned-but-reachable source=conservative_only kind=var_ref
VERIFY-MINOR condemned-but-reachable source=conservative_only kind=var_ref
VERIFY-MINOR 3 of 16809 condemned objects are reachable by a full trace (0 precise, 3 conservative-only)
VERIFY-MINOR condemned-but-reachable source=conservative_only kind=object class=9 payload=none
VERIFY-MINOR condemned-but-reachable source=conservative_only kind=var_ref
VERIFY-MINOR condemned-but-reachable source=conservative_only kind=var_ref
VERIFY-MINOR condemned-but-reachable source=conservative_only kind=var_ref
VERIFY-MINOR 4 of 16894 condemned objects are reachable by a full trace (0 precise, 4 conservative-only)
VERIFY-MINOR condemned-but-reachable source=conservative_only kind=object class=1 payload=none
VERIFY-MINOR condemned-but-reachable source=conservative_only kind=object class=9 payload=none
VERIFY-MINOR condemned-but-reachable source=conservative_only kind=shape
VERIFY-MINOR condemned-but-reachable source=conservative_only kind=var_ref
VERIFY-MINOR condemned-but-reachable source=conservative_only kind=var_ref
VERIFY-MINOR 5 of 16749 condemned objects are reachable by a full trace (0 precise, 5 conservative-only)
VERIFY-MINOR condemned-but-reachable source=conservative_only kind=object class=9 payload=none
VERIFY-MINOR condemned-but-reachable source=conservative_only kind=var_ref
VERIFY-MINOR condemned-but-reachable source=conservative_only kind=var_ref
VERIFY-MINOR 3 of 16819 condemned objects are reachable by a full trace (0 precise, 3 conservative-only)
VERIFY-MINOR condemned-but-reachable source=conservative_only kind=object class=9 payload=none
VERIFY-MINOR condemned-but-reachable source=conservative_only kind=var_ref
VERIFY-MINOR condemned-but-reachable source=conservative_only kind=var_ref
VERIFY-MINOR condemned-but-reachable source=conservative_only kind=var_ref
VERIFY-MINOR 4 of 16736 condemned objects are reachable by a full trace (0 precise, 4 conservative-only)
VERIFY-MINOR condemned-but-reachable source=conservative_only kind=object class=9 payload=none
VERIFY-MINOR condemned-but-reachable source=conservative_only kind=var_ref
VERIFY-MINOR condemned-but-reachable source=conservative_only kind=var_ref
VERIFY-MINOR 3 of 16787 condemned objects are reachable by a full trace (0 precise, 3 conservative-only)
VERIFY-MINOR condemned-but-reachable source=conservative_only kind=object class=9 payload=none
VERIFY-MINOR condemned-but-reachable source=conservative_only kind=var_ref
VERIFY-MINOR condemned-but-reachable source=conservative_only kind=var_ref
VERIFY-MINOR 3 of 16737 condemned objects are reachable by a full trace (0 precise, 3 conservative-only)
VERIFY-MINOR condemned-but-reachable source=conservative_only kind=object class=9 payload=none
VERIFY-MINOR condemned-but-reachable source=conservative_only kind=var_ref
VERIFY-MINOR condemned-but-reachable source=conservative_only kind=var_ref
VERIFY-MINOR 3 of 16891 condemned objects are reachable by a full trace (0 precise, 3 conservative-only)
VERIFY-MINOR condemned-but-reachable source=conservative_only kind=object class=9 payload=none
VERIFY-MINOR condemned-but-reachable source=conservative_only kind=var_ref
VERIFY-MINOR condemned-but-reachable source=conservative_only kind=var_ref
VERIFY-MINOR 3 of 16726 condemned objects are reachable by a full trace (0 precise, 3 conservative-only)
VERIFY-MINOR condemned-but-reachable source=conservative_only kind=object class=9 payload=none
VERIFY-MINOR condemned-but-reachable source=conservative_only kind=var_ref
VERIFY-MINOR condemned-but-reachable source=conservative_only kind=var_ref
VERIFY-MINOR condemned-but-reachable source=conservative_only kind=var_ref
VERIFY-MINOR 4 of 16881 condemned objects are reachable by a full trace (0 precise, 4 conservative-only)
VERIFY-MINOR condemned-but-reachable source=conservative_only kind=object class=9 payload=none
VERIFY-MINOR condemned-but-reachable source=conservative_only kind=var_ref
VERIFY-MINOR condemned-but-reachable source=conservative_only kind=var_ref
VERIFY-MINOR 3 of 16736 condemned objects are reachable by a full trace (0 precise, 3 conservative-only)
VERIFY-MINOR condemned-but-reachable source=conservative_only kind=object class=9 payload=none
VERIFY-MINOR condemned-but-reachable source=conservative_only kind=var_ref
VERIFY-MINOR condemned-but-reachable source=conservative_only kind=var_ref
VERIFY-MINOR 3 of 16737 condemned objects are reachable by a full trace (0 precise, 3 conservative-only)
VERIFY-MINOR condemned-but-reachable source=conservative_only kind=object class=9 payload=none
VERIFY-MINOR condemned-but-reachable source=conservative_only kind=var_ref
VERIFY-MINOR condemned-but-reachable source=conservative_only kind=var_ref
VERIFY-MINOR 3 of 16891 condemned objects are reachable by a full trace (0 precise, 3 conservative-only)
VERIFY-MINOR condemned-but-reachable source=conservative_only kind=object class=9 payload=none
VERIFY-MINOR condemned-but-reachable source=conservative_only kind=var_ref
VERIFY-MINOR condemned-but-reachable source=conservative_only kind=var_ref
VERIFY-MINOR 3 of 16782 condemned objects are reachable by a full trace (0 precise, 3 conservative-only)
VERIFY-MINOR condemned-but-reachable source=conservative_only kind=object class=9 payload=none
VERIFY-MINOR condemned-but-reachable source=conservative_only kind=var_ref
VERIFY-MINOR condemned-but-reachable source=conservative_only kind=var_ref
VERIFY-MINOR 3 of 16756 condemned objects are reachable by a full trace (0 precise, 3 conservative-only)
VERIFY-MINOR condemned-but-reachable source=conservative_only kind=object class=9 payload=none
VERIFY-MINOR condemned-but-reachable source=conservative_only kind=var_ref
VERIFY-MINOR condemned-but-reachable source=conservative_only kind=var_ref
VERIFY-MINOR 3 of 16822 condemned objects are reachable by a full trace (0 precise, 3 conservative-only)
VERIFY-MINOR condemned-but-reachable source=conservative_only kind=object class=9 payload=none
VERIFY-MINOR condemned-but-reachable source=conservative_only kind=var_ref
VERIFY-MINOR condemned-but-reachable source=conservative_only kind=var_ref
VERIFY-MINOR 3 of 16853 condemned objects are reachable by a full trace (0 precise, 3 conservative-only)
VERIFY-MINOR condemned-but-reachable source=conservative_only kind=object class=9 payload=none
VERIFY-MINOR condemned-but-reachable source=conservative_only kind=var_ref
VERIFY-MINOR condemned-but-reachable source=conservative_only kind=var_ref
VERIFY-MINOR 3 of 16758 condemned objects are reachable by a full trace (0 precise, 3 conservative-only)
VERIFY-MINOR condemned-but-reachable source=conservative_only kind=object class=9 payload=none
VERIFY-MINOR condemned-but-reachable source=conservative_only kind=var_ref
VERIFY-MINOR condemned-but-reachable source=conservative_only kind=var_ref
VERIFY-MINOR 3 of 16781 condemned objects are reachable by a full trace (0 precise, 3 conservative-only)
VERIFY-MINOR condemned-but-reachable source=conservative_only kind=object class=9 payload=none
VERIFY-MINOR condemned-but-reachable source=conservative_only kind=var_ref
VERIFY-MINOR condemned-but-reachable source=conservative_only kind=var_ref
VERIFY-MINOR 3 of 16723 condemned objects are reachable by a full trace (0 precise, 3 conservative-only)
VERIFY-MINOR condemned-but-reachable source=conservative_only kind=object class=9 payload=none
VERIFY-MINOR condemned-but-reachable source=conservative_only kind=var_ref
VERIFY-MINOR condemned-but-reachable source=conservative_only kind=var_ref
VERIFY-MINOR condemned-but-reachable source=conservative_only kind=var_ref
VERIFY-MINOR 4 of 16824 condemned objects are reachable by a full trace (0 precise, 4 conservative-only)
VERIFY-MINOR condemned-but-reachable source=conservative_only kind=object class=9 payload=none
VERIFY-MINOR condemned-but-reachable source=conservative_only kind=var_ref
VERIFY-MINOR condemned-but-reachable source=conservative_only kind=var_ref
VERIFY-MINOR 3 of 16720 condemned objects are reachable by a full trace (0 precise, 3 conservative-only)
VERIFY-MINOR condemned-but-reachable source=conservative_only kind=object class=9 payload=none
VERIFY-MINOR condemned-but-reachable source=conservative_only kind=var_ref
VERIFY-MINOR 2 of 16728 condemned objects are reachable by a full trace (0 precise, 2 conservative-only)
VERIFY-MINOR condemned-but-reachable source=conservative_only kind=object class=9 payload=none
VERIFY-MINOR condemned-but-reachable source=conservative_only kind=var_ref
VERIFY-MINOR 2 of 16874 condemned objects are reachable by a full trace (0 precise, 2 conservative-only)
VERIFY-MINOR condemned-but-reachable source=conservative_only kind=object class=9 payload=none
VERIFY-MINOR condemned-but-reachable source=conservative_only kind=var_ref
VERIFY-MINOR condemned-but-reachable source=conservative_only kind=var_ref
VERIFY-MINOR 3 of 16733 condemned objects are reachable by a full trace (0 precise, 3 conservative-only)
VERIFY-MINOR condemned-but-reachable source=conservative_only kind=object class=9 payload=none
VERIFY-MINOR condemned-but-reachable source=conservative_only kind=var_ref
VERIFY-MINOR condemned-but-reachable source=conservative_only kind=var_ref
VERIFY-MINOR 3 of 16751 condemned objects are reachable by a full trace (0 precise, 3 conservative-only)
VERIFY-MINOR condemned-but-reachable source=conservative_only kind=object class=9 payload=none
VERIFY-MINOR condemned-but-reachable source=conservative_only kind=shape
VERIFY-MINOR condemned-but-reachable source=conservative_only kind=var_ref
VERIFY-MINOR condemned-but-reachable source=conservative_only kind=var_ref
VERIFY-MINOR condemned-but-reachable source=conservative_only kind=var_ref
VERIFY-MINOR 5 of 16790 condemned objects are reachable by a full trace (0 precise, 5 conservative-only)
VERIFY-MINOR condemned-but-reachable source=conservative_only kind=object class=1 payload=none
VERIFY-MINOR condemned-but-reachable source=conservative_only kind=var_ref
VERIFY-MINOR 2 of 16724 condemned objects are reachable by a full trace (0 precise, 2 conservative-only)
VERIFY-MINOR condemned-but-reachable source=conservative_only kind=object class=9 payload=none
VERIFY-MINOR condemned-but-reachable source=conservative_only kind=var_ref
VERIFY-MINOR condemned-but-reachable source=conservative_only kind=var_ref
VERIFY-MINOR 3 of 16884 condemned objects are reachable by a full trace (0 precise, 3 conservative-only)
VERIFY-MINOR condemned-but-reachable source=conservative_only kind=object class=9 payload=none
VERIFY-MINOR condemned-but-reachable source=conservative_only kind=var_ref
VERIFY-MINOR condemned-but-reachable source=conservative_only kind=var_ref
VERIFY-MINOR 3 of 16876 condemned objects are reachable by a full trace (0 precise, 3 conservative-only)
VERIFY-MINOR condemned-but-reachable source=conservative_only kind=object class=9 payload=none
VERIFY-MINOR condemned-but-reachable source=conservative_only kind=var_ref
VERIFY-MINOR condemned-but-reachable source=conservative_only kind=var_ref
VERIFY-MINOR 3 of 16832 condemned objects are reachable by a full trace (0 precise, 3 conservative-only)
VERIFY-MINOR condemned-but-reachable source=conservative_only kind=object class=9 payload=none
VERIFY-MINOR condemned-but-reachable source=conservative_only kind=var_ref
VERIFY-MINOR condemned-but-reachable source=conservative_only kind=var_ref
VERIFY-MINOR 3 of 16708 condemned objects are reachable by a full trace (0 precise, 3 conservative-only)
VERIFY-MINOR condemned-but-reachable source=conservative_only kind=object class=9 payload=none
VERIFY-MINOR condemned-but-reachable source=conservative_only kind=var_ref
VERIFY-MINOR condemned-but-reachable source=conservative_only kind=var_ref
VERIFY-MINOR 3 of 16756 condemned objects are reachable by a full trace (0 precise, 3 conservative-only)
VERIFY-MINOR condemned-but-reachable source=conservative_only kind=object class=9 payload=none
VERIFY-MINOR condemned-but-reachable source=conservative_only kind=object class=9 payload=none
VERIFY-MINOR condemned-but-reachable source=conservative_only kind=var_ref
VERIFY-MINOR condemned-but-reachable source=conservative_only kind=var_ref
VERIFY-MINOR condemned-but-reachable source=conservative_only kind=var_ref
VERIFY-MINOR condemned-but-reachable source=conservative_only kind=var_ref
VERIFY-MINOR 6 of 16858 condemned objects are reachable by a full trace (0 precise, 6 conservative-only)
VERIFY-MINOR condemned-but-reachable source=conservative_only kind=object class=9 payload=none
VERIFY-MINOR condemned-but-reachable source=conservative_only kind=var_ref
VERIFY-MINOR 2 of 16754 condemned objects are reachable by a full trace (0 precise, 2 conservative-only)
VERIFY-MINOR condemned-but-reachable source=conservative_only kind=object class=9 payload=none
VERIFY-MINOR condemned-but-reachable source=conservative_only kind=var_ref
VERIFY-MINOR condemned-but-reachable source=conservative_only kind=var_ref
VERIFY-MINOR 3 of 16749 condemned objects are reachable by a full trace (0 precise, 3 conservative-only)
VERIFY-MINOR condemned-but-reachable source=conservative_only kind=object class=9 payload=none
VERIFY-MINOR condemned-but-reachable source=conservative_only kind=var_ref
VERIFY-MINOR condemned-but-reachable source=conservative_only kind=var_ref
VERIFY-MINOR 3 of 16885 condemned objects are reachable by a full trace (0 precise, 3 conservative-only)
VERIFY-MINOR condemned-but-reachable source=conservative_only kind=object class=9 payload=none
VERIFY-MINOR condemned-but-reachable source=conservative_only kind=var_ref
VERIFY-MINOR condemned-but-reachable source=conservative_only kind=var_ref
VERIFY-MINOR 3 of 16767 condemned objects are reachable by a full trace (0 precise, 3 conservative-only)
VERIFY-MINOR condemned-but-reachable source=conservative_only kind=object class=9 payload=none
VERIFY-MINOR condemned-but-reachable source=conservative_only kind=object class=9 payload=none
VERIFY-MINOR condemned-but-reachable source=conservative_only kind=var_ref
VERIFY-MINOR condemned-but-reachable source=conservative_only kind=var_ref
VERIFY-MINOR condemned-but-reachable source=conservative_only kind=var_ref
VERIFY-MINOR condemned-but-reachable source=conservative_only kind=var_ref
VERIFY-MINOR condemned-but-reachable source=conservative_only kind=var_ref
VERIFY-MINOR condemned-but-reachable source=conservative_only kind=var_ref
VERIFY-MINOR 8 of 16871 condemned objects are reachable by a full trace (0 precise, 8 conservative-only)
VERIFY-MINOR condemned-but-reachable source=conservative_only kind=object class=9 payload=none
VERIFY-MINOR condemned-but-reachable source=conservative_only kind=var_ref
VERIFY-MINOR condemned-but-reachable source=conservative_only kind=var_ref
VERIFY-MINOR 3 of 16824 condemned objects are reachable by a full trace (0 precise, 3 conservative-only)
VERIFY-MINOR condemned-but-reachable source=conservative_only kind=object class=9 payload=none
VERIFY-MINOR condemned-but-reachable source=conservative_only kind=shape
VERIFY-MINOR condemned-but-reachable source=conservative_only kind=var_ref
VERIFY-MINOR condemned-but-reachable source=conservative_only kind=var_ref
VERIFY-MINOR 4 of 16726 condemned objects are reachable by a full trace (0 precise, 4 conservative-only)
VERIFY-MINOR condemned-but-reachable source=conservative_only kind=object class=1 payload=none
VERIFY-MINOR condemned-but-reachable source=conservative_only kind=object class=1 payload=none
VERIFY-MINOR condemned-but-reachable source=conservative_only kind=object class=9 payload=none
VERIFY-MINOR condemned-but-reachable source=conservative_only kind=var_ref
VERIFY-MINOR condemned-but-reachable source=conservative_only kind=var_ref
VERIFY-MINOR 5 of 16804 condemned objects are reachable by a full trace (0 precise, 5 conservative-only)
VERIFY-MINOR condemned-but-reachable source=conservative_only kind=object class=9 payload=none
VERIFY-MINOR condemned-but-reachable source=conservative_only kind=var_ref
VERIFY-MINOR condemned-but-reachable source=conservative_only kind=var_ref
VERIFY-MINOR condemned-but-reachable source=conservative_only kind=var_ref
VERIFY-MINOR 4 of 16763 condemned objects are reachable by a full trace (0 precise, 4 conservative-only)
VERIFY-MINOR condemned-but-reachable source=conservative_only kind=object class=9 payload=none
VERIFY-MINOR condemned-but-reachable source=conservative_only kind=var_ref
VERIFY-MINOR condemned-but-reachable source=conservative_only kind=var_ref
VERIFY-MINOR 3 of 16721 condemned objects are reachable by a full trace (0 precise, 3 conservative-only)
VERIFY-MINOR condemned-but-reachable source=conservative_only kind=object class=9 payload=none
VERIFY-MINOR condemned-but-reachable source=conservative_only kind=var_ref
VERIFY-MINOR condemned-but-reachable source=conservative_only kind=var_ref
VERIFY-MINOR 3 of 16757 condemned objects are reachable by a full trace (0 precise, 3 conservative-only)
VERIFY-MINOR condemned-but-reachable source=conservative_only kind=object class=9 payload=none
VERIFY-MINOR condemned-but-reachable source=conservative_only kind=var_ref
VERIFY-MINOR condemned-but-reachable source=conservative_only kind=var_ref
VERIFY-MINOR 3 of 16750 condemned objects are reachable by a full trace (0 precise, 3 conservative-only)
VERIFY-MINOR condemned-but-reachable source=conservative_only kind=object class=9 payload=none
VERIFY-MINOR condemned-but-reachable source=conservative_only kind=var_ref
VERIFY-MINOR condemned-but-reachable source=conservative_only kind=var_ref
VERIFY-MINOR 3 of 16838 condemned objects are reachable by a full trace (0 precise, 3 conservative-only)
VERIFY-MINOR condemned-but-reachable source=conservative_only kind=object class=9 payload=none
VERIFY-MINOR condemned-but-reachable source=conservative_only kind=var_ref
VERIFY-MINOR condemned-but-reachable source=conservative_only kind=var_ref
VERIFY-MINOR 3 of 16865 condemned objects are reachable by a full trace (0 precise, 3 conservative-only)
VERIFY-MINOR condemned-but-reachable source=conservative_only kind=object class=9 payload=none
VERIFY-MINOR condemned-but-reachable source=conservative_only kind=var_ref
VERIFY-MINOR condemned-but-reachable source=conservative_only kind=var_ref
VERIFY-MINOR condemned-but-reachable source=conservative_only kind=var_ref
VERIFY-MINOR 4 of 16780 condemned objects are reachable by a full trace (0 precise, 4 conservative-only)
VERIFY-MINOR condemned-but-reachable source=conservative_only kind=object class=9 payload=none
VERIFY-MINOR condemned-but-reachable source=conservative_only kind=var_ref
VERIFY-MINOR condemned-but-reachable source=conservative_only kind=var_ref
VERIFY-MINOR 3 of 16778 condemned objects are reachable by a full trace (0 precise, 3 conservative-only)
VERIFY-MINOR condemned-but-reachable source=conservative_only kind=object class=9 payload=none
VERIFY-MINOR condemned-but-reachable source=conservative_only kind=var_ref
VERIFY-MINOR condemned-but-reachable source=conservative_only kind=var_ref
VERIFY-MINOR 3 of 16735 condemned objects are reachable by a full trace (0 precise, 3 conservative-only)
VERIFY-MINOR condemned-but-reachable source=conservative_only kind=object class=9 payload=none
VERIFY-MINOR condemned-but-reachable source=conservative_only kind=object class=9 payload=none
VERIFY-MINOR condemned-but-reachable source=conservative_only kind=var_ref
VERIFY-MINOR condemned-but-reachable source=conservative_only kind=var_ref
VERIFY-MINOR condemned-but-reachable source=conservative_only kind=var_ref
VERIFY-MINOR condemned-but-reachable source=conservative_only kind=var_ref
VERIFY-MINOR condemned-but-reachable source=conservative_only kind=var_ref
VERIFY-MINOR condemned-but-reachable source=conservative_only kind=var_ref
VERIFY-MINOR 8 of 16779 condemned objects are reachable by a full trace (0 precise, 8 conservative-only)
VERIFY-MINOR condemned-but-reachable source=conservative_only kind=object class=9 payload=none
VERIFY-MINOR condemned-but-reachable source=conservative_only kind=var_ref
VERIFY-MINOR condemned-but-reachable source=conservative_only kind=var_ref
VERIFY-MINOR 3 of 16851 condemned objects are reachable by a full trace (0 precise, 3 conservative-only)
VERIFY-MINOR condemned-but-reachable source=conservative_only kind=object class=9 payload=none
VERIFY-MINOR condemned-but-reachable source=conservative_only kind=var_ref
VERIFY-MINOR condemned-but-reachable source=conservative_only kind=var_ref
VERIFY-MINOR condemned-but-reachable source=conservative_only kind=var_ref
VERIFY-MINOR 4 of 16740 condemned objects are reachable by a full trace (0 precise, 4 conservative-only)
VERIFY-MINOR condemned-but-reachable source=conservative_only kind=object class=9 payload=none
VERIFY-MINOR condemned-but-reachable source=conservative_only kind=var_ref
VERIFY-MINOR condemned-but-reachable source=conservative_only kind=var_ref
VERIFY-MINOR 3 of 16894 condemned objects are reachable by a full trace (0 precise, 3 conservative-only)
VERIFY-MINOR condemned-but-reachable source=conservative_only kind=object class=9 payload=none
VERIFY-MINOR condemned-but-reachable source=conservative_only kind=var_ref
VERIFY-MINOR condemned-but-reachable source=conservative_only kind=var_ref
VERIFY-MINOR 3 of 16808 condemned objects are reachable by a full trace (0 precise, 3 conservative-only)
VERIFY-MINOR condemned-but-reachable source=conservative_only kind=object class=9 payload=none
VERIFY-MINOR condemned-but-reachable source=conservative_only kind=var_ref
VERIFY-MINOR condemned-but-reachable source=conservative_only kind=var_ref
VERIFY-MINOR condemned-but-reachable source=conservative_only kind=var_ref
VERIFY-MINOR 4 of 16697 condemned objects are reachable by a full trace (0 precise, 4 conservative-only)
VERIFY-MINOR condemned-but-reachable source=conservative_only kind=object class=9 payload=none
VERIFY-MINOR condemned-but-reachable source=conservative_only kind=var_ref
VERIFY-MINOR condemned-but-reachable source=conservative_only kind=var_ref
VERIFY-MINOR 3 of 16761 condemned objects are reachable by a full trace (0 precise, 3 conservative-only)
VERIFY-MINOR condemned-but-reachable source=conservative_only kind=object class=9 payload=none
VERIFY-MINOR condemned-but-reachable source=conservative_only kind=var_ref
VERIFY-MINOR condemned-but-reachable source=conservative_only kind=var_ref
VERIFY-MINOR condemned-but-reachable source=conservative_only kind=var_ref
VERIFY-MINOR 4 of 16791 condemned objects are reachable by a full trace (0 precise, 4 conservative-only)
VERIFY-MINOR condemned-but-reachable source=conservative_only kind=object class=9 payload=none
VERIFY-MINOR condemned-but-reachable source=conservative_only kind=var_ref
VERIFY-MINOR condemned-but-reachable source=conservative_only kind=var_ref
VERIFY-MINOR 3 of 16885 condemned objects are reachable by a full trace (0 precise, 3 conservative-only)
VERIFY-MINOR condemned-but-reachable source=conservative_only kind=object class=9 payload=none
VERIFY-MINOR condemned-but-reachable source=conservative_only kind=object class=9 payload=none
VERIFY-MINOR condemned-but-reachable source=conservative_only kind=var_ref
VERIFY-MINOR condemned-but-reachable source=conservative_only kind=var_ref
VERIFY-MINOR condemned-but-reachable source=conservative_only kind=var_ref
VERIFY-MINOR condemned-but-reachable source=conservative_only kind=var_ref
VERIFY-MINOR 6 of 16843 condemned objects are reachable by a full trace (0 precise, 6 conservative-only)
VERIFY-MINOR condemned-but-reachable source=conservative_only kind=object class=9 payload=none
VERIFY-MINOR condemned-but-reachable source=conservative_only kind=var_ref
VERIFY-MINOR condemned-but-reachable source=conservative_only kind=var_ref
VERIFY-MINOR condemned-but-reachable source=conservative_only kind=var_ref
VERIFY-MINOR 4 of 16769 condemned objects are reachable by a full trace (0 precise, 4 conservative-only)
VERIFY-MINOR condemned-but-reachable source=conservative_only kind=object class=9 payload=none
VERIFY-MINOR condemned-but-reachable source=conservative_only kind=var_ref
VERIFY-MINOR condemned-but-reachable source=conservative_only kind=var_ref
VERIFY-MINOR condemned-but-reachable source=conservative_only kind=var_ref
VERIFY-MINOR 4 of 16803 condemned objects are reachable by a full trace (0 precise, 4 conservative-only)
VERIFY-MINOR condemned-but-reachable source=conservative_only kind=object class=9 payload=none
VERIFY-MINOR condemned-but-reachable source=conservative_only kind=var_ref
VERIFY-MINOR condemned-but-reachable source=conservative_only kind=var_ref
VERIFY-MINOR 3 of 16756 condemned objects are reachable by a full trace (0 precise, 3 conservative-only)
VERIFY-MINOR condemned-but-reachable source=conservative_only kind=object class=9 payload=none
VERIFY-MINOR condemned-but-reachable source=conservative_only kind=var_ref
VERIFY-MINOR 2 of 16811 condemned objects are reachable by a full trace (0 precise, 2 conservative-only)
VERIFY-MINOR condemned-but-reachable source=conservative_only kind=object class=9 payload=none
VERIFY-MINOR condemned-but-reachable source=conservative_only kind=var_ref
VERIFY-MINOR condemned-but-reachable source=conservative_only kind=var_ref
VERIFY-MINOR condemned-but-reachable source=conservative_only kind=var_ref
VERIFY-MINOR 4 of 16749 condemned objects are reachable by a full trace (0 precise, 4 conservative-only)
VERIFY-MINOR condemned-but-reachable source=conservative_only kind=object class=9 payload=none
VERIFY-MINOR condemned-but-reachable source=conservative_only kind=var_ref
VERIFY-MINOR condemned-but-reachable source=conservative_only kind=var_ref
VERIFY-MINOR 3 of 16889 condemned objects are reachable by a full trace (0 precise, 3 conservative-only)
VERIFY-MINOR condemned-but-reachable source=conservative_only kind=object class=9 payload=none
VERIFY-MINOR condemned-but-reachable source=conservative_only kind=var_ref
VERIFY-MINOR condemned-but-reachable source=conservative_only kind=var_ref
VERIFY-MINOR 3 of 16772 condemned objects are reachable by a full trace (0 precise, 3 conservative-only)
VERIFY-MINOR condemned-but-reachable source=conservative_only kind=object class=9 payload=none
VERIFY-MINOR condemned-but-reachable source=conservative_only kind=var_ref
VERIFY-MINOR condemned-but-reachable source=conservative_only kind=var_ref
VERIFY-MINOR 3 of 16807 condemned objects are reachable by a full trace (0 precise, 3 conservative-only)
VERIFY-MINOR condemned-but-reachable source=conservative_only kind=object class=9 payload=none
VERIFY-MINOR condemned-but-reachable source=conservative_only kind=shape
VERIFY-MINOR condemned-but-reachable source=conservative_only kind=var_ref
VERIFY-MINOR condemned-but-reachable source=conservative_only kind=var_ref
VERIFY-MINOR 4 of 16727 condemned objects are reachable by a full trace (0 precise, 4 conservative-only)
VERIFY-MINOR condemned-but-reachable source=conservative_only kind=object class=9 payload=none
VERIFY-MINOR condemned-but-reachable source=conservative_only kind=var_ref
VERIFY-MINOR condemned-but-reachable source=conservative_only kind=var_ref
VERIFY-MINOR 3 of 16885 condemned objects are reachable by a full trace (0 precise, 3 conservative-only)
VERIFY-MINOR condemned-but-reachable source=conservative_only kind=object class=9 payload=none
VERIFY-MINOR condemned-but-reachable source=conservative_only kind=object class=1 payload=none
VERIFY-MINOR condemned-but-reachable source=conservative_only kind=var_ref
VERIFY-MINOR condemned-but-reachable source=conservative_only kind=var_ref
VERIFY-MINOR 4 of 16725 condemned objects are reachable by a full trace (0 precise, 4 conservative-only)
VERIFY-MINOR condemned-but-reachable source=conservative_only kind=object class=1 payload=none
VERIFY-MINOR 1 of 16889 condemned objects are reachable by a full trace (0 precise, 1 conservative-only)
VERIFY-MINOR condemned-but-reachable source=conservative_only kind=object class=9 payload=none
VERIFY-MINOR condemned-but-reachable source=conservative_only kind=var_ref
VERIFY-MINOR condemned-but-reachable source=conservative_only kind=var_ref
VERIFY-MINOR condemned-but-reachable source=conservative_only kind=var_ref
VERIFY-MINOR 4 of 16708 condemned objects are reachable by a full trace (0 precise, 4 conservative-only)
VERIFY-MINOR condemned-but-reachable source=conservative_only kind=object class=1 payload=none
VERIFY-MINOR 1 of 16771 condemned objects are reachable by a full trace (0 precise, 1 conservative-only)
VERIFY-MINOR condemned-but-reachable source=conservative_only kind=object class=1 payload=none
VERIFY-MINOR condemned-but-reachable source=conservative_only kind=object class=1 payload=none
VERIFY-MINOR condemned-but-reachable source=conservative_only kind=object class=9 payload=none
VERIFY-MINOR condemned-but-reachable source=conservative_only kind=object class=1 payload=none
VERIFY-MINOR condemned-but-reachable source=conservative_only kind=var_ref
VERIFY-MINOR condemned-but-reachable source=conservative_only kind=var_ref
VERIFY-MINOR condemned-but-reachable source=conservative_only kind=var_ref
VERIFY-MINOR 7 of 16753 condemned objects are reachable by a full trace (0 precise, 7 conservative-only)
VERIFY-MINOR condemned-but-reachable source=conservative_only kind=object class=9 payload=none
VERIFY-MINOR condemned-but-reachable source=conservative_only kind=var_ref
VERIFY-MINOR condemned-but-reachable source=conservative_only kind=var_ref
VERIFY-MINOR condemned-but-reachable source=conservative_only kind=var_ref
VERIFY-MINOR 4 of 16770 condemned objects are reachable by a full trace (0 precise, 4 conservative-only)
VERIFY-MINOR condemned-but-reachable source=conservative_only kind=object class=9 payload=none
VERIFY-MINOR condemned-but-reachable source=conservative_only kind=var_ref
VERIFY-MINOR 2 of 16804 condemned objects are reachable by a full trace (0 precise, 2 conservative-only)
VERIFY-MINOR condemned-but-reachable source=conservative_only kind=object class=9 payload=none
VERIFY-MINOR condemned-but-reachable source=conservative_only kind=var_ref
VERIFY-MINOR condemned-but-reachable source=conservative_only kind=var_ref
VERIFY-MINOR 3 of 16775 condemned objects are reachable by a full trace (0 precise, 3 conservative-only)
VERIFY-MINOR condemned-but-reachable source=conservative_only kind=object class=9 payload=none
VERIFY-MINOR condemned-but-reachable source=conservative_only kind=var_ref
VERIFY-MINOR condemned-but-reachable source=conservative_only kind=var_ref
VERIFY-MINOR 3 of 16888 condemned objects are reachable by a full trace (0 precise, 3 conservative-only)
VERIFY-MINOR condemned-but-reachable source=conservative_only kind=object class=9 payload=none
VERIFY-MINOR condemned-but-reachable source=conservative_only kind=var_ref
VERIFY-MINOR condemned-but-reachable source=conservative_only kind=var_ref
VERIFY-MINOR 3 of 16787 condemned objects are reachable by a full trace (0 precise, 3 conservative-only)
VERIFY-MINOR condemned-but-reachable source=conservative_only kind=object class=9 payload=none
VERIFY-MINOR condemned-but-reachable source=conservative_only kind=var_ref
VERIFY-MINOR condemned-but-reachable source=conservative_only kind=var_ref
VERIFY-MINOR 3 of 16819 condemned objects are reachable by a full trace (0 precise, 3 conservative-only)
VERIFY-MINOR condemned-but-reachable source=conservative_only kind=object class=9 payload=none
VERIFY-MINOR condemned-but-reachable source=conservative_only kind=object class=9 payload=none
VERIFY-MINOR condemned-but-reachable source=conservative_only kind=var_ref
VERIFY-MINOR condemned-but-reachable source=conservative_only kind=var_ref
VERIFY-MINOR condemned-but-reachable source=conservative_only kind=var_ref
VERIFY-MINOR condemned-but-reachable source=conservative_only kind=var_ref
VERIFY-MINOR condemned-but-reachable source=conservative_only kind=var_ref
VERIFY-MINOR 7 of 16744 condemned objects are reachable by a full trace (0 precise, 7 conservative-only)
VERIFY-MINOR condemned-but-reachable source=conservative_only kind=object class=9 payload=none
VERIFY-MINOR condemned-but-reachable source=conservative_only kind=var_ref
VERIFY-MINOR condemned-but-reachable source=conservative_only kind=var_ref
VERIFY-MINOR 3 of 16756 condemned objects are reachable by a full trace (0 precise, 3 conservative-only)
VERIFY-MINOR condemned-but-reachable source=conservative_only kind=object class=9 payload=none
VERIFY-MINOR condemned-but-reachable source=conservative_only kind=var_ref
VERIFY-MINOR 2 of 16780 condemned objects are reachable by a full trace (0 precise, 2 conservative-only)
VERIFY-MINOR condemned-but-reachable source=conservative_only kind=object class=1 payload=none
VERIFY-MINOR condemned-but-reachable source=conservative_only kind=object class=1 payload=none
VERIFY-MINOR condemned-but-reachable source=conservative_only kind=object class=9 payload=none
VERIFY-MINOR condemned-but-reachable source=conservative_only kind=var_ref
VERIFY-MINOR condemned-but-reachable source=conservative_only kind=var_ref
VERIFY-MINOR 5 of 16892 condemned objects are reachable by a full trace (0 precise, 5 conservative-only)
VERIFY-MINOR condemned-but-reachable source=conservative_only kind=object class=9 payload=none
VERIFY-MINOR condemned-but-reachable source=conservative_only kind=var_ref
VERIFY-MINOR condemned-but-reachable source=conservative_only kind=var_ref
VERIFY-MINOR 3 of 16813 condemned objects are reachable by a full trace (0 precise, 3 conservative-only)
VERIFY-MINOR condemned-but-reachable source=conservative_only kind=object class=9 payload=none
VERIFY-MINOR condemned-but-reachable source=conservative_only kind=var_ref
VERIFY-MINOR condemned-but-reachable source=conservative_only kind=var_ref
VERIFY-MINOR 3 of 16713 condemned objects are reachable by a full trace (0 precise, 3 conservative-only)
VERIFY-MINOR condemned-but-reachable source=conservative_only kind=object class=9 payload=none
VERIFY-MINOR condemned-but-reachable source=conservative_only kind=var_ref
VERIFY-MINOR condemned-but-reachable source=conservative_only kind=var_ref
VERIFY-MINOR 3 of 16744 condemned objects are reachable by a full trace (0 precise, 3 conservative-only)
VERIFY-MINOR condemned-but-reachable source=conservative_only kind=object class=9 payload=none
VERIFY-MINOR condemned-but-reachable source=conservative_only kind=var_ref
VERIFY-MINOR condemned-but-reachable source=conservative_only kind=var_ref
VERIFY-MINOR 3 of 16733 condemned objects are reachable by a full trace (0 precise, 3 conservative-only)
VERIFY-MINOR condemned-but-reachable source=conservative_only kind=object class=9 payload=none
VERIFY-MINOR condemned-but-reachable source=conservative_only kind=var_ref
VERIFY-MINOR condemned-but-reachable source=conservative_only kind=var_ref
VERIFY-MINOR 3 of 16752 condemned objects are reachable by a full trace (0 precise, 3 conservative-only)
VERIFY-MINOR condemned-but-reachable source=conservative_only kind=object class=9 payload=none
VERIFY-MINOR condemned-but-reachable source=conservative_only kind=var_ref
VERIFY-MINOR condemned-but-reachable source=conservative_only kind=var_ref
VERIFY-MINOR 3 of 16844 condemned objects are reachable by a full trace (0 precise, 3 conservative-only)
VERIFY-MINOR condemned-but-reachable source=conservative_only kind=object class=9 payload=none
VERIFY-MINOR condemned-but-reachable source=conservative_only kind=var_ref
VERIFY-MINOR condemned-but-reachable source=conservative_only kind=var_ref
VERIFY-MINOR 3 of 16772 condemned objects are reachable by a full trace (0 precise, 3 conservative-only)
VERIFY-MINOR condemned-but-reachable source=conservative_only kind=object class=9 payload=none
VERIFY-MINOR condemned-but-reachable source=conservative_only kind=shape
VERIFY-MINOR condemned-but-reachable source=conservative_only kind=var_ref
VERIFY-MINOR condemned-but-reachable source=conservative_only kind=var_ref
VERIFY-MINOR condemned-but-reachable source=conservative_only kind=var_ref
VERIFY-MINOR 5 of 16750 condemned objects are reachable by a full trace (0 precise, 5 conservative-only)
VERIFY-MINOR condemned-but-reachable source=conservative_only kind=object class=9 payload=none
VERIFY-MINOR condemned-but-reachable source=conservative_only kind=var_ref
VERIFY-MINOR 2 of 16813 condemned objects are reachable by a full trace (0 precise, 2 conservative-only)
VERIFY-MINOR condemned-but-reachable source=conservative_only kind=object class=9 payload=none
VERIFY-MINOR condemned-but-reachable source=conservative_only kind=var_ref
VERIFY-MINOR condemned-but-reachable source=conservative_only kind=var_ref
VERIFY-MINOR condemned-but-reachable source=conservative_only kind=var_ref
VERIFY-MINOR 4 of 16770 condemned objects are reachable by a full trace (0 precise, 4 conservative-only)
VERIFY-MINOR condemned-but-reachable source=conservative_only kind=object class=9 payload=none
VERIFY-MINOR condemned-but-reachable source=conservative_only kind=object class=1 payload=none
VERIFY-MINOR condemned-but-reachable source=conservative_only kind=var_ref
VERIFY-MINOR condemned-but-reachable source=conservative_only kind=var_ref
VERIFY-MINOR 4 of 16787 condemned objects are reachable by a full trace (0 precise, 4 conservative-only)
VERIFY-MINOR condemned-but-reachable source=conservative_only kind=object class=9 payload=none
VERIFY-MINOR condemned-but-reachable source=conservative_only kind=var_ref
VERIFY-MINOR condemned-but-reachable source=conservative_only kind=var_ref
VERIFY-MINOR 3 of 16752 condemned objects are reachable by a full trace (0 precise, 3 conservative-only)
VERIFY-MINOR condemned-but-reachable source=conservative_only kind=object class=9 payload=none
VERIFY-MINOR condemned-but-reachable source=conservative_only kind=var_ref
VERIFY-MINOR 2 of 16781 condemned objects are reachable by a full trace (0 precise, 2 conservative-only)
VERIFY-MINOR condemned-but-reachable source=conservative_only kind=object class=9 payload=none
VERIFY-MINOR condemned-but-reachable source=conservative_only kind=var_ref
VERIFY-MINOR condemned-but-reachable source=conservative_only kind=var_ref
VERIFY-MINOR 3 of 16878 condemned objects are reachable by a full trace (0 precise, 3 conservative-only)
VERIFY-MINOR condemned-but-reachable source=conservative_only kind=object class=1 payload=none
VERIFY-MINOR condemned-but-reachable source=conservative_only kind=object class=1 payload=none
VERIFY-MINOR condemned-but-reachable source=conservative_only kind=object class=9 payload=none
VERIFY-MINOR condemned-but-reachable source=conservative_only kind=var_ref
VERIFY-MINOR condemned-but-reachable source=conservative_only kind=var_ref
VERIFY-MINOR 5 of 16886 condemned objects are reachable by a full trace (0 precise, 5 conservative-only)
VERIFY-MINOR condemned-but-reachable source=conservative_only kind=object class=9 payload=none
VERIFY-MINOR condemned-but-reachable source=conservative_only kind=var_ref
VERIFY-MINOR condemned-but-reachable source=conservative_only kind=var_ref
VERIFY-MINOR 3 of 16734 condemned objects are reachable by a full trace (0 precise, 3 conservative-only)
VERIFY-MINOR condemned-but-reachable source=conservative_only kind=object class=9 payload=none
VERIFY-MINOR condemned-but-reachable source=conservative_only kind=var_ref
VERIFY-MINOR condemned-but-reachable source=conservative_only kind=var_ref
VERIFY-MINOR 3 of 16813 condemned objects are reachable by a full trace (0 precise, 3 conservative-only)
VERIFY-MINOR condemned-but-reachable source=conservative_only kind=object class=9 payload=none
VERIFY-MINOR condemned-but-reachable source=conservative_only kind=shape
VERIFY-MINOR condemned-but-reachable source=conservative_only kind=var_ref
VERIFY-MINOR condemned-but-reachable source=conservative_only kind=var_ref
VERIFY-MINOR condemned-but-reachable source=conservative_only kind=var_ref
VERIFY-MINOR 5 of 16728 condemned objects are reachable by a full trace (0 precise, 5 conservative-only)
VERIFY-MINOR condemned-but-reachable source=conservative_only kind=object class=9 payload=none
VERIFY-MINOR condemned-but-reachable source=conservative_only kind=var_ref
VERIFY-MINOR condemned-but-reachable source=conservative_only kind=var_ref
VERIFY-MINOR condemned-but-reachable source=conservative_only kind=var_ref
VERIFY-MINOR 4 of 16882 condemned objects are reachable by a full trace (0 precise, 4 conservative-only)
VERIFY-MINOR condemned-but-reachable source=conservative_only kind=object class=1 payload=none
VERIFY-MINOR 1 of 16733 condemned objects are reachable by a full trace (0 precise, 1 conservative-only)
VERIFY-MINOR condemned-but-reachable source=conservative_only kind=object class=9 payload=none
VERIFY-MINOR condemned-but-reachable source=conservative_only kind=var_ref
VERIFY-MINOR condemned-but-reachable source=conservative_only kind=var_ref
VERIFY-MINOR condemned-but-reachable source=conservative_only kind=var_ref
VERIFY-MINOR 4 of 16810 condemned objects are reachable by a full trace (0 precise, 4 conservative-only)
VERIFY-MINOR condemned-but-reachable source=conservative_only kind=object class=9 payload=none
VERIFY-MINOR condemned-but-reachable source=conservative_only kind=var_ref
VERIFY-MINOR condemned-but-reachable source=conservative_only kind=var_ref
VERIFY-MINOR 3 of 16710 condemned objects are reachable by a full trace (0 precise, 3 conservative-only)
VERIFY-MINOR condemned-but-reachable source=conservative_only kind=object class=9 payload=none
VERIFY-MINOR condemned-but-reachable source=conservative_only kind=var_ref
VERIFY-MINOR condemned-but-reachable source=conservative_only kind=var_ref
VERIFY-MINOR 3 of 16845 condemned objects are reachable by a full trace (0 precise, 3 conservative-only)
VERIFY-MINOR condemned-but-reachable source=conservative_only kind=object class=9 payload=none
VERIFY-MINOR condemned-but-reachable source=conservative_only kind=var_ref
VERIFY-MINOR condemned-but-reachable source=conservative_only kind=var_ref
VERIFY-MINOR 3 of 16758 condemned objects are reachable by a full trace (0 precise, 3 conservative-only)
VERIFY-MINOR condemned-but-reachable source=conservative_only kind=object class=9 payload=none
VERIFY-MINOR condemned-but-reachable source=conservative_only kind=var_ref
VERIFY-MINOR condemned-but-reachable source=conservative_only kind=var_ref
VERIFY-MINOR 3 of 16734 condemned objects are reachable by a full trace (0 precise, 3 conservative-only)
VERIFY-MINOR condemned-but-reachable source=conservative_only kind=object class=9 payload=none
VERIFY-MINOR condemned-but-reachable source=conservative_only kind=var_ref
VERIFY-MINOR condemned-but-reachable source=conservative_only kind=var_ref
VERIFY-MINOR 3 of 16892 condemned objects are reachable by a full trace (0 precise, 3 conservative-only)
VERIFY-MINOR condemned-but-reachable source=conservative_only kind=object class=9 payload=none
VERIFY-MINOR condemned-but-reachable source=conservative_only kind=var_ref
VERIFY-MINOR condemned-but-reachable source=conservative_only kind=var_ref
VERIFY-MINOR condemned-but-reachable source=conservative_only kind=var_ref
VERIFY-MINOR 4 of 16763 condemned objects are reachable by a full trace (0 precise, 4 conservative-only)
VERIFY-MINOR condemned-but-reachable source=conservative_only kind=object class=9 payload=none
VERIFY-MINOR condemned-but-reachable source=conservative_only kind=var_ref
VERIFY-MINOR 2 of 16889 condemned objects are reachable by a full trace (0 precise, 2 conservative-only)
VERIFY-MINOR condemned-but-reachable source=conservative_only kind=object class=9 payload=none
VERIFY-MINOR condemned-but-reachable source=conservative_only kind=var_ref
VERIFY-MINOR condemned-but-reachable source=conservative_only kind=var_ref
VERIFY-MINOR condemned-but-reachable source=conservative_only kind=var_ref
VERIFY-MINOR 4 of 16772 condemned objects are reachable by a full trace (0 precise, 4 conservative-only)
VERIFY-MINOR condemned-but-reachable source=conservative_only kind=object class=9 payload=none
VERIFY-MINOR condemned-but-reachable source=conservative_only kind=var_ref
VERIFY-MINOR condemned-but-reachable source=conservative_only kind=var_ref
VERIFY-MINOR 3 of 16761 condemned objects are reachable by a full trace (0 precise, 3 conservative-only)
VERIFY-MINOR condemned-but-reachable source=conservative_only kind=object class=9 payload=none
VERIFY-MINOR condemned-but-reachable source=conservative_only kind=object class=1 payload=none
VERIFY-MINOR condemned-but-reachable source=conservative_only kind=var_ref
VERIFY-MINOR condemned-but-reachable source=conservative_only kind=var_ref
VERIFY-MINOR 4 of 16728 condemned objects are reachable by a full trace (0 precise, 4 conservative-only)
VERIFY-MINOR condemned-but-reachable source=conservative_only kind=object class=9 payload=none
VERIFY-MINOR condemned-but-reachable source=conservative_only kind=var_ref
VERIFY-MINOR condemned-but-reachable source=conservative_only kind=var_ref
VERIFY-MINOR 3 of 16741 condemned objects are reachable by a full trace (0 precise, 3 conservative-only)
VERIFY-MINOR condemned-but-reachable source=conservative_only kind=object class=9 payload=none
VERIFY-MINOR condemned-but-reachable source=conservative_only kind=var_ref
VERIFY-MINOR 2 of 16885 condemned objects are reachable by a full trace (0 precise, 2 conservative-only)
VERIFY-MINOR condemned-but-reachable source=conservative_only kind=object class=9 payload=none
VERIFY-MINOR condemned-but-reachable source=conservative_only kind=var_ref
VERIFY-MINOR condemned-but-reachable source=conservative_only kind=var_ref
VERIFY-MINOR condemned-but-reachable source=conservative_only kind=var_ref
VERIFY-MINOR 4 of 16813 condemned objects are reachable by a full trace (0 precise, 4 conservative-only)
VERIFY-MINOR condemned-but-reachable source=conservative_only kind=object class=9 payload=none
VERIFY-MINOR condemned-but-reachable source=conservative_only kind=var_ref
VERIFY-MINOR condemned-but-reachable source=conservative_only kind=var_ref
VERIFY-MINOR 3 of 16721 condemned objects are reachable by a full trace (0 precise, 3 conservative-only)
VERIFY-MINOR condemned-but-reachable source=conservative_only kind=object class=9 payload=none
VERIFY-MINOR condemned-but-reachable source=conservative_only kind=var_ref
VERIFY-MINOR condemned-but-reachable source=conservative_only kind=var_ref
VERIFY-MINOR 3 of 16750 condemned objects are reachable by a full trace (0 precise, 3 conservative-only)
VERIFY-MINOR condemned-but-reachable source=conservative_only kind=object class=9 payload=none
VERIFY-MINOR condemned-but-reachable source=conservative_only kind=var_ref
VERIFY-MINOR condemned-but-reachable source=conservative_only kind=var_ref
VERIFY-MINOR condemned-but-reachable source=conservative_only kind=var_ref
VERIFY-MINOR 4 of 16808 condemned objects are reachable by a full trace (0 precise, 4 conservative-only)
VERIFY-MINOR condemned-but-reachable source=conservative_only kind=object class=9 payload=none
VERIFY-MINOR condemned-but-reachable source=conservative_only kind=var_ref
VERIFY-MINOR condemned-but-reachable source=conservative_only kind=var_ref
VERIFY-MINOR 3 of 16774 condemned objects are reachable by a full trace (0 precise, 3 conservative-only)
VERIFY-MINOR condemned-but-reachable source=conservative_only kind=object class=9 payload=none
VERIFY-MINOR condemned-but-reachable source=conservative_only kind=var_ref
VERIFY-MINOR condemned-but-reachable source=conservative_only kind=var_ref
VERIFY-MINOR 3 of 16737 condemned objects are reachable by a full trace (0 precise, 3 conservative-only)
VERIFY-MINOR condemned-but-reachable source=conservative_only kind=object class=9 payload=none
VERIFY-MINOR condemned-but-reachable source=conservative_only kind=var_ref
VERIFY-MINOR condemned-but-reachable source=conservative_only kind=var_ref
VERIFY-MINOR 3 of 16814 condemned objects are reachable by a full trace (0 precise, 3 conservative-only)
VERIFY-MINOR condemned-but-reachable source=conservative_only kind=object class=9 payload=none
VERIFY-MINOR condemned-but-reachable source=conservative_only kind=var_ref
VERIFY-MINOR condemned-but-reachable source=conservative_only kind=var_ref
VERIFY-MINOR 3 of 16736 condemned objects are reachable by a full trace (0 precise, 3 conservative-only)
VERIFY-MINOR condemned-but-reachable source=conservative_only kind=object class=9 payload=none
VERIFY-MINOR condemned-but-reachable source=conservative_only kind=var_ref
VERIFY-MINOR condemned-but-reachable source=conservative_only kind=var_ref
VERIFY-MINOR condemned-but-reachable source=conservative_only kind=var_ref
VERIFY-MINOR 4 of 16764 condemned objects are reachable by a full trace (0 precise, 4 conservative-only)
VERIFY-MINOR condemned-but-reachable source=conservative_only kind=object class=9 payload=none
VERIFY-MINOR condemned-but-reachable source=conservative_only kind=var_ref
VERIFY-MINOR condemned-but-reachable source=conservative_only kind=var_ref
VERIFY-MINOR 3 of 16754 condemned objects are reachable by a full trace (0 precise, 3 conservative-only)
VERIFY-MINOR condemned-but-reachable source=conservative_only kind=object class=9 payload=none
VERIFY-MINOR condemned-but-reachable source=conservative_only kind=var_ref
VERIFY-MINOR condemned-but-reachable source=conservative_only kind=var_ref
VERIFY-MINOR condemned-but-reachable source=conservative_only kind=var_ref
VERIFY-MINOR 4 of 16886 condemned objects are reachable by a full trace (0 precise, 4 conservative-only)
VERIFY-MINOR condemned-but-reachable source=conservative_only kind=object class=9 payload=none
VERIFY-MINOR condemned-but-reachable source=conservative_only kind=var_ref
VERIFY-MINOR condemned-but-reachable source=conservative_only kind=var_ref
VERIFY-MINOR 3 of 16718 condemned objects are reachable by a full trace (0 precise, 3 conservative-only)
VERIFY-MINOR condemned-but-reachable source=conservative_only kind=object class=9 payload=none
VERIFY-MINOR condemned-but-reachable source=conservative_only kind=var_ref
VERIFY-MINOR condemned-but-reachable source=conservative_only kind=var_ref
VERIFY-MINOR condemned-but-reachable source=conservative_only kind=var_ref
VERIFY-MINOR 4 of 16772 condemned objects are reachable by a full trace (0 precise, 4 conservative-only)
VERIFY-MINOR condemned-but-reachable source=conservative_only kind=object class=9 payload=none
VERIFY-MINOR condemned-but-reachable source=conservative_only kind=object class=9 payload=none
VERIFY-MINOR condemned-but-reachable source=conservative_only kind=var_ref
VERIFY-MINOR condemned-but-reachable source=conservative_only kind=var_ref
VERIFY-MINOR condemned-but-reachable source=conservative_only kind=var_ref
VERIFY-MINOR 5 of 16856 condemned objects are reachable by a full trace (0 precise, 5 conservative-only)
VERIFY-MINOR condemned-but-reachable source=conservative_only kind=object class=9 payload=none
VERIFY-MINOR condemned-but-reachable source=conservative_only kind=shape
VERIFY-MINOR condemned-but-reachable source=conservative_only kind=var_ref
VERIFY-MINOR condemned-but-reachable source=conservative_only kind=var_ref
VERIFY-MINOR 4 of 16732 condemned objects are reachable by a full trace (0 precise, 4 conservative-only)
VERIFY-MINOR condemned-but-reachable source=conservative_only kind=object class=9 payload=none
VERIFY-MINOR condemned-but-reachable source=conservative_only kind=var_ref
VERIFY-MINOR condemned-but-reachable source=conservative_only kind=var_ref
VERIFY-MINOR 3 of 16797 condemned objects are reachable by a full trace (0 precise, 3 conservative-only)
VERIFY-MINOR condemned-but-reachable source=conservative_only kind=object class=9 payload=none
VERIFY-MINOR condemned-but-reachable source=conservative_only kind=var_ref
VERIFY-MINOR condemned-but-reachable source=conservative_only kind=var_ref
VERIFY-MINOR condemned-but-reachable source=conservative_only kind=var_ref
VERIFY-MINOR 4 of 16840 condemned objects are reachable by a full trace (0 precise, 4 conservative-only)
VERIFY-MINOR condemned-but-reachable source=conservative_only kind=object class=9 payload=none
VERIFY-MINOR condemned-but-reachable source=conservative_only kind=object class=9 payload=none
VERIFY-MINOR condemned-but-reachable source=conservative_only kind=object class=1 payload=none
VERIFY-MINOR condemned-but-reachable source=conservative_only kind=var_ref
VERIFY-MINOR condemned-but-reachable source=conservative_only kind=var_ref
VERIFY-MINOR condemned-but-reachable source=conservative_only kind=var_ref
VERIFY-MINOR condemned-but-reachable source=conservative_only kind=var_ref
VERIFY-MINOR 7 of 16738 condemned objects are reachable by a full trace (0 precise, 7 conservative-only)
VERIFY-MINOR condemned-but-reachable source=conservative_only kind=object class=9 payload=none
VERIFY-MINOR condemned-but-reachable source=conservative_only kind=var_ref
VERIFY-MINOR condemned-but-reachable source=conservative_only kind=var_ref
VERIFY-MINOR 3 of 16855 condemned objects are reachable by a full trace (0 precise, 3 conservative-only)
VERIFY-MINOR condemned-but-reachable source=conservative_only kind=object class=9 payload=none
VERIFY-MINOR condemned-but-reachable source=conservative_only kind=object class=9 payload=none
VERIFY-MINOR condemned-but-reachable source=conservative_only kind=var_ref
VERIFY-MINOR condemned-but-reachable source=conservative_only kind=var_ref
VERIFY-MINOR condemned-but-reachable source=conservative_only kind=var_ref
VERIFY-MINOR condemned-but-reachable source=conservative_only kind=var_ref
VERIFY-MINOR 6 of 16797 condemned objects are reachable by a full trace (0 precise, 6 conservative-only)
VERIFY-MINOR condemned-but-reachable source=conservative_only kind=object class=9 payload=none
VERIFY-MINOR condemned-but-reachable source=conservative_only kind=shape
VERIFY-MINOR condemned-but-reachable source=conservative_only kind=var_ref
VERIFY-MINOR condemned-but-reachable source=conservative_only kind=var_ref
VERIFY-MINOR 4 of 16743 condemned objects are reachable by a full trace (0 precise, 4 conservative-only)
VERIFY-MINOR condemned-but-reachable source=conservative_only kind=object class=9 payload=none
VERIFY-MINOR condemned-but-reachable source=conservative_only kind=var_ref
VERIFY-MINOR condemned-but-reachable source=conservative_only kind=var_ref
VERIFY-MINOR 3 of 16883 condemned objects are reachable by a full trace (0 precise, 3 conservative-only)
VERIFY-MINOR condemned-but-reachable source=conservative_only kind=object class=9 payload=none
VERIFY-MINOR condemned-but-reachable source=conservative_only kind=var_ref
VERIFY-MINOR condemned-but-reachable source=conservative_only kind=var_ref
VERIFY-MINOR 3 of 16703 condemned objects are reachable by a full trace (0 precise, 3 conservative-only)
VERIFY-MINOR condemned-but-reachable source=conservative_only kind=object class=9 payload=none
VERIFY-MINOR condemned-but-reachable source=conservative_only kind=var_ref
VERIFY-MINOR condemned-but-reachable source=conservative_only kind=var_ref
VERIFY-MINOR condemned-but-reachable source=conservative_only kind=var_ref
VERIFY-MINOR 4 of 16814 condemned objects are reachable by a full trace (0 precise, 4 conservative-only)
VERIFY-MINOR condemned-but-reachable source=conservative_only kind=object class=9 payload=none
VERIFY-MINOR condemned-but-reachable source=conservative_only kind=var_ref
VERIFY-MINOR condemned-but-reachable source=conservative_only kind=var_ref
VERIFY-MINOR condemned-but-reachable source=conservative_only kind=var_ref
VERIFY-MINOR 4 of 16793 condemned objects are reachable by a full trace (0 precise, 4 conservative-only)
VERIFY-MINOR condemned-but-reachable source=conservative_only kind=object class=9 payload=none
VERIFY-MINOR condemned-but-reachable source=conservative_only kind=var_ref
VERIFY-MINOR 2 of 16754 condemned objects are reachable by a full trace (0 precise, 2 conservative-only)
VERIFY-MINOR condemned-but-reachable source=conservative_only kind=object class=9 payload=none
VERIFY-MINOR condemned-but-reachable source=conservative_only kind=var_ref
VERIFY-MINOR condemned-but-reachable source=conservative_only kind=var_ref
VERIFY-MINOR 3 of 16750 condemned objects are reachable by a full trace (0 precise, 3 conservative-only)
VERIFY-MINOR condemned-but-reachable source=conservative_only kind=object class=9 payload=none
VERIFY-MINOR condemned-but-reachable source=conservative_only kind=object class=1 payload=none
VERIFY-MINOR condemned-but-reachable source=conservative_only kind=var_ref
VERIFY-MINOR condemned-but-reachable source=conservative_only kind=var_ref
VERIFY-MINOR 4 of 16732 condemned objects are reachable by a full trace (0 precise, 4 conservative-only)
VERIFY-MINOR condemned-but-reachable source=conservative_only kind=object class=9 payload=none
VERIFY-MINOR condemned-but-reachable source=conservative_only kind=var_ref
VERIFY-MINOR condemned-but-reachable source=conservative_only kind=var_ref
VERIFY-MINOR condemned-but-reachable source=conservative_only kind=var_ref
VERIFY-MINOR 4 of 16848 condemned objects are reachable by a full trace (0 precise, 4 conservative-only)
VERIFY-MINOR condemned-but-reachable source=conservative_only kind=object class=1 payload=none
VERIFY-MINOR condemned-but-reachable source=conservative_only kind=object class=1 payload=none
VERIFY-MINOR condemned-but-reachable source=conservative_only kind=object class=9 payload=none
VERIFY-MINOR condemned-but-reachable source=conservative_only kind=var_ref
VERIFY-MINOR condemned-but-reachable source=conservative_only kind=var_ref
VERIFY-MINOR 5 of 16823 condemned objects are reachable by a full trace (0 precise, 5 conservative-only)
VERIFY-MINOR condemned-but-reachable source=conservative_only kind=object class=1 payload=none
VERIFY-MINOR condemned-but-reachable source=conservative_only kind=object class=1 payload=none
VERIFY-MINOR 2 of 16734 condemned objects are reachable by a full trace (0 precise, 2 conservative-only)
VERIFY-MINOR condemned-but-reachable source=conservative_only kind=object class=9 payload=none
VERIFY-MINOR condemned-but-reachable source=conservative_only kind=var_ref
VERIFY-MINOR condemned-but-reachable source=conservative_only kind=var_ref
VERIFY-MINOR 3 of 16888 condemned objects are reachable by a full trace (0 precise, 3 conservative-only)
VERIFY-MINOR condemned-but-reachable source=conservative_only kind=object class=9 payload=none
VERIFY-MINOR condemned-but-reachable source=conservative_only kind=object class=9 payload=none
VERIFY-MINOR condemned-but-reachable source=conservative_only kind=var_ref
VERIFY-MINOR condemned-but-reachable source=conservative_only kind=var_ref
VERIFY-MINOR condemned-but-reachable source=conservative_only kind=var_ref
VERIFY-MINOR condemned-but-reachable source=conservative_only kind=var_ref
VERIFY-MINOR 6 of 16791 condemned objects are reachable by a full trace (0 precise, 6 conservative-only)
VERIFY-MINOR condemned-but-reachable source=conservative_only kind=object class=9 payload=none
VERIFY-MINOR condemned-but-reachable source=conservative_only kind=var_ref
VERIFY-MINOR condemned-but-reachable source=conservative_only kind=var_ref
VERIFY-MINOR 3 of 16821 condemned objects are reachable by a full trace (0 precise, 3 conservative-only)
VERIFY-MINOR condemned-but-reachable source=conservative_only kind=object class=9 payload=none
VERIFY-MINOR condemned-but-reachable source=conservative_only kind=var_ref
VERIFY-MINOR condemned-but-reachable source=conservative_only kind=var_ref
VERIFY-MINOR 3 of 16788 condemned objects are reachable by a full trace (0 precise, 3 conservative-only)
VERIFY-MINOR condemned-but-reachable source=conservative_only kind=object class=9 payload=none
VERIFY-MINOR condemned-but-reachable source=conservative_only kind=var_ref
VERIFY-MINOR condemned-but-reachable source=conservative_only kind=var_ref
VERIFY-MINOR condemned-but-reachable source=conservative_only kind=var_ref
VERIFY-MINOR 4 of 16787 condemned objects are reachable by a full trace (0 precise, 4 conservative-only)
VERIFY-MINOR condemned-but-reachable source=conservative_only kind=object class=9 payload=none
VERIFY-MINOR condemned-but-reachable source=conservative_only kind=shape
VERIFY-MINOR condemned-but-reachable source=conservative_only kind=var_ref
VERIFY-MINOR condemned-but-reachable source=conservative_only kind=var_ref
VERIFY-MINOR 4 of 16746 condemned objects are reachable by a full trace (0 precise, 4 conservative-only)
VERIFY-MINOR condemned-but-reachable source=conservative_only kind=object class=9 payload=none
VERIFY-MINOR condemned-but-reachable source=conservative_only kind=var_ref
VERIFY-MINOR condemned-but-reachable source=conservative_only kind=var_ref
VERIFY-MINOR 3 of 16834 condemned objects are reachable by a full trace (0 precise, 3 conservative-only)
VERIFY-MINOR condemned-but-reachable source=conservative_only kind=object class=9 payload=none
VERIFY-MINOR condemned-but-reachable source=conservative_only kind=var_ref
VERIFY-MINOR condemned-but-reachable source=conservative_only kind=var_ref
VERIFY-MINOR 3 of 16730 condemned objects are reachable by a full trace (0 precise, 3 conservative-only)
VERIFY-MINOR condemned-but-reachable source=conservative_only kind=object class=9 payload=none
VERIFY-MINOR condemned-but-reachable source=conservative_only kind=var_ref
VERIFY-MINOR condemned-but-reachable source=conservative_only kind=var_ref
VERIFY-MINOR 3 of 16891 condemned objects are reachable by a full trace (0 precise, 3 conservative-only)
VERIFY-MINOR condemned-but-reachable source=conservative_only kind=object class=9 payload=none
VERIFY-MINOR condemned-but-reachable source=conservative_only kind=var_ref
VERIFY-MINOR condemned-but-reachable source=conservative_only kind=var_ref
VERIFY-MINOR 3 of 16895 condemned objects are reachable by a full trace (0 precise, 3 conservative-only)
VERIFY-MINOR condemned-but-reachable source=conservative_only kind=object class=9 payload=none
VERIFY-MINOR condemned-but-reachable source=conservative_only kind=var_ref
VERIFY-MINOR condemned-but-reachable source=conservative_only kind=var_ref
VERIFY-MINOR 3 of 16818 condemned objects are reachable by a full trace (0 precise, 3 conservative-only)
VERIFY-MINOR condemned-but-reachable source=conservative_only kind=object class=9 payload=none
VERIFY-MINOR condemned-but-reachable source=conservative_only kind=var_ref
VERIFY-MINOR condemned-but-reachable source=conservative_only kind=var_ref
VERIFY-MINOR 3 of 16743 condemned objects are reachable by a full trace (0 precise, 3 conservative-only)
VERIFY-MINOR condemned-but-reachable source=conservative_only kind=object class=9 payload=none
VERIFY-MINOR condemned-but-reachable source=conservative_only kind=var_ref
VERIFY-MINOR condemned-but-reachable source=conservative_only kind=var_ref
VERIFY-MINOR 3 of 16799 condemned objects are reachable by a full trace (0 precise, 3 conservative-only)
VERIFY-MINOR condemned-but-reachable source=conservative_only kind=object class=9 payload=none
VERIFY-MINOR condemned-but-reachable source=conservative_only kind=var_ref
VERIFY-MINOR condemned-but-reachable source=conservative_only kind=var_ref
VERIFY-MINOR 3 of 16692 condemned objects are reachable by a full trace (0 precise, 3 conservative-only)
VERIFY-MINOR condemned-but-reachable source=conservative_only kind=object class=9 payload=none
VERIFY-MINOR condemned-but-reachable source=conservative_only kind=var_ref
VERIFY-MINOR condemned-but-reachable source=conservative_only kind=var_ref
VERIFY-MINOR 3 of 16746 condemned objects are reachable by a full trace (0 precise, 3 conservative-only)
VERIFY-MINOR condemned-but-reachable source=conservative_only kind=object class=9 payload=none
VERIFY-MINOR condemned-but-reachable source=conservative_only kind=var_ref
VERIFY-MINOR condemned-but-reachable source=conservative_only kind=var_ref
VERIFY-MINOR condemned-but-reachable source=conservative_only kind=var_ref
VERIFY-MINOR 4 of 16836 condemned objects are reachable by a full trace (0 precise, 4 conservative-only)
VERIFY-MINOR condemned-but-reachable source=conservative_only kind=object class=9 payload=none
VERIFY-MINOR condemned-but-reachable source=conservative_only kind=var_ref
VERIFY-MINOR 2 of 16763 condemned objects are reachable by a full trace (0 precise, 2 conservative-only)
VERIFY-MINOR condemned-but-reachable source=conservative_only kind=object class=9 payload=none
VERIFY-MINOR condemned-but-reachable source=conservative_only kind=var_ref
VERIFY-MINOR condemned-but-reachable source=conservative_only kind=var_ref
VERIFY-MINOR 3 of 16782 condemned objects are reachable by a full trace (0 precise, 3 conservative-only)
VERIFY-MINOR condemned-but-reachable source=conservative_only kind=object class=9 payload=none
VERIFY-MINOR condemned-but-reachable source=conservative_only kind=object class=1 payload=none
VERIFY-MINOR condemned-but-reachable source=conservative_only kind=var_ref
VERIFY-MINOR condemned-but-reachable source=conservative_only kind=var_ref
VERIFY-MINOR 4 of 16787 condemned objects are reachable by a full trace (0 precise, 4 conservative-only)
VERIFY-MINOR condemned-but-reachable source=conservative_only kind=object class=9 payload=none
VERIFY-MINOR condemned-but-reachable source=conservative_only kind=var_ref
VERIFY-MINOR condemned-but-reachable source=conservative_only kind=var_ref
VERIFY-MINOR 3 of 16743 condemned objects are reachable by a full trace (0 precise, 3 conservative-only)
VERIFY-MINOR condemned-but-reachable source=conservative_only kind=object class=1 payload=none
VERIFY-MINOR 1 of 16795 condemned objects are reachable by a full trace (0 precise, 1 conservative-only)
VERIFY-MINOR condemned-but-reachable source=conservative_only kind=object class=9 payload=none
VERIFY-MINOR condemned-but-reachable source=conservative_only kind=var_ref
VERIFY-MINOR condemned-but-reachable source=conservative_only kind=var_ref
VERIFY-MINOR 3 of 16746 condemned objects are reachable by a full trace (0 precise, 3 conservative-only)
VERIFY-MINOR condemned-but-reachable source=conservative_only kind=object class=9 payload=none
VERIFY-MINOR condemned-but-reachable source=conservative_only kind=var_ref
VERIFY-MINOR condemned-but-reachable source=conservative_only kind=var_ref
VERIFY-MINOR 3 of 16740 condemned objects are reachable by a full trace (0 precise, 3 conservative-only)
VERIFY-MINOR condemned-but-reachable source=conservative_only kind=object class=9 payload=none
VERIFY-MINOR condemned-but-reachable source=conservative_only kind=var_ref
VERIFY-MINOR 2 of 16854 condemned objects are reachable by a full trace (0 precise, 2 conservative-only)
VERIFY-MINOR condemned-but-reachable source=conservative_only kind=object class=9 payload=none
VERIFY-MINOR condemned-but-reachable source=conservative_only kind=var_ref
VERIFY-MINOR condemned-but-reachable source=conservative_only kind=var_ref
VERIFY-MINOR condemned-but-reachable source=conservative_only kind=var_ref
VERIFY-MINOR 4 of 16792 condemned objects are reachable by a full trace (0 precise, 4 conservative-only)
VERIFY-MINOR condemned-but-reachable source=conservative_only kind=object class=9 payload=none
VERIFY-MINOR condemned-but-reachable source=conservative_only kind=var_ref
VERIFY-MINOR condemned-but-reachable source=conservative_only kind=var_ref
VERIFY-MINOR condemned-but-reachable source=conservative_only kind=var_ref
VERIFY-MINOR 4 of 16708 condemned objects are reachable by a full trace (0 precise, 4 conservative-only)
VERIFY-MINOR condemned-but-reachable source=conservative_only kind=object class=9 payload=none
VERIFY-MINOR condemned-but-reachable source=conservative_only kind=var_ref
VERIFY-MINOR condemned-but-reachable source=conservative_only kind=var_ref
VERIFY-MINOR condemned-but-reachable source=conservative_only kind=var_ref
VERIFY-MINOR 4 of 16884 condemned objects are reachable by a full trace (0 precise, 4 conservative-only)
VERIFY-MINOR condemned-but-reachable source=conservative_only kind=object class=9 payload=none
VERIFY-MINOR condemned-but-reachable source=conservative_only kind=var_ref
VERIFY-MINOR condemned-but-reachable source=conservative_only kind=var_ref
VERIFY-MINOR 3 of 16828 condemned objects are reachable by a full trace (0 precise, 3 conservative-only)
VERIFY-MINOR condemned-but-reachable source=conservative_only kind=object class=9 payload=none
VERIFY-MINOR condemned-but-reachable source=conservative_only kind=var_ref
VERIFY-MINOR condemned-but-reachable source=conservative_only kind=var_ref
VERIFY-MINOR 3 of 16697 condemned objects are reachable by a full trace (0 precise, 3 conservative-only)
VERIFY-MINOR condemned-but-reachable source=conservative_only kind=object class=9 payload=none
VERIFY-MINOR condemned-but-reachable source=conservative_only kind=var_ref
VERIFY-MINOR condemned-but-reachable source=conservative_only kind=var_ref
VERIFY-MINOR condemned-but-reachable source=conservative_only kind=var_ref
VERIFY-MINOR 4 of 16853 condemned objects are reachable by a full trace (0 precise, 4 conservative-only)
VERIFY-MINOR condemned-but-reachable source=conservative_only kind=object class=9 payload=none
VERIFY-MINOR condemned-but-reachable source=conservative_only kind=var_ref
VERIFY-MINOR condemned-but-reachable source=conservative_only kind=var_ref
VERIFY-MINOR 3 of 16748 condemned objects are reachable by a full trace (0 precise, 3 conservative-only)
VERIFY-MINOR condemned-but-reachable source=conservative_only kind=object class=9 payload=none
VERIFY-MINOR condemned-but-reachable source=conservative_only kind=var_ref
VERIFY-MINOR condemned-but-reachable source=conservative_only kind=var_ref
VERIFY-MINOR 3 of 16871 condemned objects are reachable by a full trace (0 precise, 3 conservative-only)
VERIFY-MINOR condemned-but-reachable source=conservative_only kind=object class=1 payload=none
VERIFY-MINOR condemned-but-reachable source=conservative_only kind=object class=1 payload=none
VERIFY-MINOR condemned-but-reachable source=conservative_only kind=object class=1 payload=none
VERIFY-MINOR 3 of 16776 condemned objects are reachable by a full trace (0 precise, 3 conservative-only)
VERIFY-MINOR condemned-but-reachable source=conservative_only kind=object class=9 payload=none
VERIFY-MINOR condemned-but-reachable source=conservative_only kind=var_ref
VERIFY-MINOR condemned-but-reachable source=conservative_only kind=var_ref
VERIFY-MINOR 3 of 16795 condemned objects are reachable by a full trace (0 precise, 3 conservative-only)
VERIFY-MINOR condemned-but-reachable source=conservative_only kind=object class=9 payload=none
VERIFY-MINOR condemned-but-reachable source=conservative_only kind=var_ref
VERIFY-MINOR condemned-but-reachable source=conservative_only kind=var_ref
VERIFY-MINOR 3 of 16739 condemned objects are reachable by a full trace (0 precise, 3 conservative-only)
VERIFY-MINOR condemned-but-reachable source=conservative_only kind=object class=9 payload=none
VERIFY-MINOR condemned-but-reachable source=conservative_only kind=var_ref
VERIFY-MINOR condemned-but-reachable source=conservative_only kind=var_ref
VERIFY-MINOR 3 of 16895 condemned objects are reachable by a full trace (0 precise, 3 conservative-only)
VERIFY-MINOR condemned-but-reachable source=conservative_only kind=object class=9 payload=none
VERIFY-MINOR condemned-but-reachable source=conservative_only kind=var_ref
VERIFY-MINOR condemned-but-reachable source=conservative_only kind=var_ref
VERIFY-MINOR 3 of 16846 condemned objects are reachable by a full trace (0 precise, 3 conservative-only)
VERIFY-MINOR condemned-but-reachable source=conservative_only kind=object class=9 payload=none
VERIFY-MINOR condemned-but-reachable source=conservative_only kind=var_ref
VERIFY-MINOR condemned-but-reachable source=conservative_only kind=var_ref
VERIFY-MINOR 3 of 16768 condemned objects are reachable by a full trace (0 precise, 3 conservative-only)
VERIFY-MINOR condemned-but-reachable source=conservative_only kind=object class=9 payload=none
VERIFY-MINOR condemned-but-reachable source=conservative_only kind=var_ref
VERIFY-MINOR condemned-but-reachable source=conservative_only kind=var_ref
VERIFY-MINOR 3 of 16743 condemned objects are reachable by a full trace (0 precise, 3 conservative-only)
VERIFY-MINOR condemned-but-reachable source=conservative_only kind=object class=9 payload=none
VERIFY-MINOR condemned-but-reachable source=conservative_only kind=var_ref
VERIFY-MINOR condemned-but-reachable source=conservative_only kind=var_ref
VERIFY-MINOR 3 of 16727 condemned objects are reachable by a full trace (0 precise, 3 conservative-only)
VERIFY-MINOR condemned-but-reachable source=conservative_only kind=object class=9 payload=none
VERIFY-MINOR condemned-but-reachable source=conservative_only kind=var_ref
VERIFY-MINOR condemned-but-reachable source=conservative_only kind=var_ref
VERIFY-MINOR 3 of 16813 condemned objects are reachable by a full trace (0 precise, 3 conservative-only)
VERIFY-MINOR condemned-but-reachable source=conservative_only kind=object class=9 payload=none
VERIFY-MINOR condemned-but-reachable source=conservative_only kind=var_ref
VERIFY-MINOR condemned-but-reachable source=conservative_only kind=var_ref
VERIFY-MINOR 3 of 16740 condemned objects are reachable by a full trace (0 precise, 3 conservative-only)
VERIFY-MINOR condemned-but-reachable source=conservative_only kind=object class=9 payload=none
VERIFY-MINOR condemned-but-reachable source=conservative_only kind=var_ref
VERIFY-MINOR condemned-but-reachable source=conservative_only kind=var_ref
VERIFY-MINOR condemned-but-reachable source=conservative_only kind=var_ref
VERIFY-MINOR 4 of 16828 condemned objects are reachable by a full trace (0 precise, 4 conservative-only)
VERIFY-MINOR condemned-but-reachable source=conservative_only kind=object class=9 payload=none
VERIFY-MINOR condemned-but-reachable source=conservative_only kind=var_ref
VERIFY-MINOR condemned-but-reachable source=conservative_only kind=var_ref
VERIFY-MINOR condemned-but-reachable source=conservative_only kind=var_ref
VERIFY-MINOR 4 of 16724 condemned objects are reachable by a full trace (0 precise, 4 conservative-only)
VERIFY-MINOR condemned-but-reachable source=conservative_only kind=object class=9 payload=none
VERIFY-MINOR condemned-but-reachable source=conservative_only kind=var_ref
VERIFY-MINOR condemned-but-reachable source=conservative_only kind=var_ref
VERIFY-MINOR 3 of 16845 condemned objects are reachable by a full trace (0 precise, 3 conservative-only)
VERIFY-MINOR condemned-but-reachable source=conservative_only kind=object class=9 payload=none
VERIFY-MINOR condemned-but-reachable source=conservative_only kind=var_ref
VERIFY-MINOR condemned-but-reachable source=conservative_only kind=var_ref
VERIFY-MINOR 3 of 16780 condemned objects are reachable by a full trace (0 precise, 3 conservative-only)
VERIFY-MINOR condemned-but-reachable source=conservative_only kind=object class=9 payload=none
VERIFY-MINOR condemned-but-reachable source=conservative_only kind=var_ref
VERIFY-MINOR condemned-but-reachable source=conservative_only kind=var_ref
VERIFY-MINOR 3 of 16738 condemned objects are reachable by a full trace (0 precise, 3 conservative-only)
VERIFY-MINOR condemned-but-reachable source=conservative_only kind=object class=9 payload=none
VERIFY-MINOR condemned-but-reachable source=conservative_only kind=var_ref
VERIFY-MINOR condemned-but-reachable source=conservative_only kind=var_ref
VERIFY-MINOR 3 of 16762 condemned objects are reachable by a full trace (0 precise, 3 conservative-only)
VERIFY-MINOR condemned-but-reachable source=conservative_only kind=object class=9 payload=none
VERIFY-MINOR condemned-but-reachable source=conservative_only kind=var_ref
VERIFY-MINOR condemned-but-reachable source=conservative_only kind=var_ref
VERIFY-MINOR 3 of 16862 condemned objects are reachable by a full trace (0 precise, 3 conservative-only)
VERIFY-MINOR condemned-but-reachable source=conservative_only kind=object class=9 payload=none
VERIFY-MINOR condemned-but-reachable source=conservative_only kind=var_ref
VERIFY-MINOR condemned-but-reachable source=conservative_only kind=var_ref
VERIFY-MINOR 3 of 16886 condemned objects are reachable by a full trace (0 precise, 3 conservative-only)
VERIFY-MINOR condemned-but-reachable source=conservative_only kind=object class=9 payload=none
VERIFY-MINOR condemned-but-reachable source=conservative_only kind=var_ref
VERIFY-MINOR condemned-but-reachable source=conservative_only kind=var_ref
VERIFY-MINOR 3 of 16733 condemned objects are reachable by a full trace (0 precise, 3 conservative-only)
VERIFY-MINOR condemned-but-reachable source=conservative_only kind=object class=9 payload=none
VERIFY-MINOR condemned-but-reachable source=conservative_only kind=var_ref
VERIFY-MINOR condemned-but-reachable source=conservative_only kind=var_ref
VERIFY-MINOR 3 of 16899 condemned objects are reachable by a full trace (0 precise, 3 conservative-only)
VERIFY-MINOR condemned-but-reachable source=conservative_only kind=object class=1 payload=none
VERIFY-MINOR condemned-but-reachable source=conservative_only kind=object class=1 payload=none
VERIFY-MINOR condemned-but-reachable source=conservative_only kind=object class=9 payload=none
VERIFY-MINOR condemned-but-reachable source=conservative_only kind=var_ref
VERIFY-MINOR condemned-but-reachable source=conservative_only kind=var_ref
VERIFY-MINOR 5 of 16744 condemned objects are reachable by a full trace (0 precise, 5 conservative-only)
VERIFY-MINOR condemned-but-reachable source=conservative_only kind=object class=9 payload=none
VERIFY-MINOR condemned-but-reachable source=conservative_only kind=var_ref
VERIFY-MINOR condemned-but-reachable source=conservative_only kind=var_ref
VERIFY-MINOR condemned-but-reachable source=conservative_only kind=var_ref
VERIFY-MINOR 4 of 16757 condemned objects are reachable by a full trace (0 precise, 4 conservative-only)
VERIFY-MINOR condemned-but-reachable source=conservative_only kind=object class=9 payload=none
VERIFY-MINOR condemned-but-reachable source=conservative_only kind=var_ref
VERIFY-MINOR condemned-but-reachable source=conservative_only kind=var_ref
VERIFY-MINOR condemned-but-reachable source=conservative_only kind=var_ref
VERIFY-MINOR 4 of 16738 condemned objects are reachable by a full trace (0 precise, 4 conservative-only)
VERIFY-MINOR condemned-but-reachable source=conservative_only kind=object class=9 payload=none
VERIFY-MINOR condemned-but-reachable source=conservative_only kind=var_ref
VERIFY-MINOR condemned-but-reachable source=conservative_only kind=var_ref
VERIFY-MINOR condemned-but-reachable source=conservative_only kind=var_ref
VERIFY-MINOR 4 of 16723 condemned objects are reachable by a full trace (0 precise, 4 conservative-only)
VERIFY-MINOR condemned-but-reachable source=conservative_only kind=object class=9 payload=none
VERIFY-MINOR condemned-but-reachable source=conservative_only kind=var_ref
VERIFY-MINOR condemned-but-reachable source=conservative_only kind=var_ref
VERIFY-MINOR 3 of 16822 condemned objects are reachable by a full trace (0 precise, 3 conservative-only)
VERIFY-MINOR condemned-but-reachable source=conservative_only kind=object class=9 payload=none
VERIFY-MINOR condemned-but-reachable source=conservative_only kind=var_ref
VERIFY-MINOR condemned-but-reachable source=conservative_only kind=var_ref
VERIFY-MINOR 3 of 16772 condemned objects are reachable by a full trace (0 precise, 3 conservative-only)
VERIFY-MINOR condemned-but-reachable source=conservative_only kind=object class=9 payload=none
VERIFY-MINOR condemned-but-reachable source=conservative_only kind=var_ref
VERIFY-MINOR condemned-but-reachable source=conservative_only kind=var_ref
VERIFY-MINOR 3 of 16748 condemned objects are reachable by a full trace (0 precise, 3 conservative-only)
VERIFY-MINOR condemned-but-reachable source=conservative_only kind=object class=9 payload=none
VERIFY-MINOR condemned-but-reachable source=conservative_only kind=var_ref
VERIFY-MINOR condemned-but-reachable source=conservative_only kind=var_ref
VERIFY-MINOR condemned-but-reachable source=conservative_only kind=var_ref
VERIFY-MINOR 4 of 16818 condemned objects are reachable by a full trace (0 precise, 4 conservative-only)
VERIFY-MINOR condemned-but-reachable source=conservative_only kind=object class=9 payload=none
VERIFY-MINOR condemned-but-reachable source=conservative_only kind=var_ref
VERIFY-MINOR condemned-but-reachable source=conservative_only kind=var_ref
VERIFY-MINOR 3 of 16815 condemned objects are reachable by a full trace (0 precise, 3 conservative-only)
VERIFY-MINOR condemned-but-reachable source=conservative_only kind=object class=9 payload=none
VERIFY-MINOR condemned-but-reachable source=conservative_only kind=var_ref
VERIFY-MINOR condemned-but-reachable source=conservative_only kind=var_ref
VERIFY-MINOR 3 of 16721 condemned objects are reachable by a full trace (0 precise, 3 conservative-only)
VERIFY-MINOR condemned-but-reachable source=conservative_only kind=object class=9 payload=none
VERIFY-MINOR condemned-but-reachable source=conservative_only kind=var_ref
VERIFY-MINOR condemned-but-reachable source=conservative_only kind=var_ref
VERIFY-MINOR 3 of 16875 condemned objects are reachable by a full trace (0 precise, 3 conservative-only)
VERIFY-MINOR condemned-but-reachable source=conservative_only kind=object class=9 payload=none
VERIFY-MINOR condemned-but-reachable source=conservative_only kind=var_ref
VERIFY-MINOR condemned-but-reachable source=conservative_only kind=var_ref
VERIFY-MINOR 3 of 16734 condemned objects are reachable by a full trace (0 precise, 3 conservative-only)
VERIFY-MINOR condemned-but-reachable source=conservative_only kind=object class=1 payload=none
VERIFY-MINOR condemned-but-reachable source=conservative_only kind=object class=1 payload=none
VERIFY-MINOR condemned-but-reachable source=conservative_only kind=object class=9 payload=none
VERIFY-MINOR condemned-but-reachable source=conservative_only kind=var_ref
VERIFY-MINOR condemned-but-reachable source=conservative_only kind=var_ref
VERIFY-MINOR 5 of 16857 condemned objects are reachable by a full trace (0 precise, 5 conservative-only)
VERIFY-MINOR condemned-but-reachable source=conservative_only kind=object class=9 payload=none
VERIFY-MINOR condemned-but-reachable source=conservative_only kind=var_ref
VERIFY-MINOR condemned-but-reachable source=conservative_only kind=var_ref
VERIFY-MINOR 3 of 16885 condemned objects are reachable by a full trace (0 precise, 3 conservative-only)
VERIFY-MINOR condemned-but-reachable source=conservative_only kind=object class=9 payload=none
VERIFY-MINOR condemned-but-reachable source=conservative_only kind=object class=9 payload=none
VERIFY-MINOR condemned-but-reachable source=conservative_only kind=object class=1 payload=none
VERIFY-MINOR condemned-but-reachable source=conservative_only kind=var_ref
VERIFY-MINOR condemned-but-reachable source=conservative_only kind=var_ref
VERIFY-MINOR condemned-but-reachable source=conservative_only kind=var_ref
VERIFY-MINOR condemned-but-reachable source=conservative_only kind=var_ref
VERIFY-MINOR 7 of 16804 condemned objects are reachable by a full trace (0 precise, 7 conservative-only)
VERIFY-MINOR condemned-but-reachable source=conservative_only kind=object class=9 payload=none
VERIFY-MINOR condemned-but-reachable source=conservative_only kind=var_ref
VERIFY-MINOR condemned-but-reachable source=conservative_only kind=var_ref
VERIFY-MINOR 3 of 16865 condemned objects are reachable by a full trace (0 precise, 3 conservative-only)
VERIFY-MINOR condemned-but-reachable source=conservative_only kind=object class=9 payload=none
VERIFY-MINOR condemned-but-reachable source=conservative_only kind=var_ref
VERIFY-MINOR condemned-but-reachable source=conservative_only kind=var_ref
VERIFY-MINOR condemned-but-reachable source=conservative_only kind=var_ref
VERIFY-MINOR 4 of 16754 condemned objects are reachable by a full trace (0 precise, 4 conservative-only)
VERIFY-MINOR condemned-but-reachable source=conservative_only kind=object class=9 payload=none
VERIFY-MINOR condemned-but-reachable source=conservative_only kind=var_ref
VERIFY-MINOR 2 of 16759 condemned objects are reachable by a full trace (0 precise, 2 conservative-only)
VERIFY-MINOR condemned-but-reachable source=conservative_only kind=object class=9 payload=none
VERIFY-MINOR condemned-but-reachable source=conservative_only kind=var_ref
VERIFY-MINOR condemned-but-reachable source=conservative_only kind=var_ref
VERIFY-MINOR condemned-but-reachable source=conservative_only kind=var_ref
VERIFY-MINOR 4 of 16895 condemned objects are reachable by a full trace (0 precise, 4 conservative-only)
VERIFY-MINOR condemned-but-reachable source=conservative_only kind=object class=9 payload=none
VERIFY-MINOR condemned-but-reachable source=conservative_only kind=var_ref
VERIFY-MINOR 2 of 16839 condemned objects are reachable by a full trace (0 precise, 2 conservative-only)
VERIFY-MINOR condemned-but-reachable source=conservative_only kind=object class=9 payload=none
VERIFY-MINOR condemned-but-reachable source=conservative_only kind=object class=9 payload=none
VERIFY-MINOR condemned-but-reachable source=conservative_only kind=object class=1 payload=none
VERIFY-MINOR condemned-but-reachable source=conservative_only kind=var_ref
VERIFY-MINOR condemned-but-reachable source=conservative_only kind=var_ref
VERIFY-MINOR condemned-but-reachable source=conservative_only kind=var_ref
VERIFY-MINOR condemned-but-reachable source=conservative_only kind=var_ref
VERIFY-MINOR 7 of 16711 condemned objects are reachable by a full trace (0 precise, 7 conservative-only)
VERIFY-MINOR condemned-but-reachable source=conservative_only kind=object class=9 payload=none
VERIFY-MINOR condemned-but-reachable source=conservative_only kind=var_ref
VERIFY-MINOR condemned-but-reachable source=conservative_only kind=var_ref
VERIFY-MINOR 3 of 16852 condemned objects are reachable by a full trace (0 precise, 3 conservative-only)
VERIFY-MINOR condemned-but-reachable source=conservative_only kind=object class=9 payload=none
VERIFY-MINOR condemned-but-reachable source=conservative_only kind=var_ref
VERIFY-MINOR condemned-but-reachable source=conservative_only kind=var_ref
VERIFY-MINOR condemned-but-reachable source=conservative_only kind=var_ref
VERIFY-MINOR 4 of 16747 condemned objects are reachable by a full trace (0 precise, 4 conservative-only)
VERIFY-MINOR condemned-but-reachable source=conservative_only kind=object class=9 payload=none
VERIFY-MINOR condemned-but-reachable source=conservative_only kind=var_ref
VERIFY-MINOR 2 of 16883 condemned objects are reachable by a full trace (0 precise, 2 conservative-only)
VERIFY-MINOR condemned-but-reachable source=conservative_only kind=object class=9 payload=none
VERIFY-MINOR condemned-but-reachable source=conservative_only kind=var_ref
VERIFY-MINOR condemned-but-reachable source=conservative_only kind=var_ref
VERIFY-MINOR 3 of 16800 condemned objects are reachable by a full trace (0 precise, 3 conservative-only)
VERIFY-MINOR condemned-but-reachable source=conservative_only kind=object class=1 payload=none
VERIFY-MINOR condemned-but-reachable source=conservative_only kind=object class=9 payload=none
VERIFY-MINOR condemned-but-reachable source=conservative_only kind=var_ref
VERIFY-MINOR condemned-but-reachable source=conservative_only kind=var_ref
VERIFY-MINOR 4 of 16899 condemned objects are reachable by a full trace (0 precise, 4 conservative-only)
VERIFY-MINOR condemned-but-reachable source=conservative_only kind=object class=9 payload=none
VERIFY-MINOR condemned-but-reachable source=conservative_only kind=var_ref
VERIFY-MINOR 2 of 16837 condemned objects are reachable by a full trace (0 precise, 2 conservative-only)
VERIFY-MINOR condemned-but-reachable source=conservative_only kind=object class=9 payload=none
VERIFY-MINOR condemned-but-reachable source=conservative_only kind=var_ref
VERIFY-MINOR condemned-but-reachable source=conservative_only kind=var_ref
VERIFY-MINOR 3 of 16866 condemned objects are reachable by a full trace (0 precise, 3 conservative-only)
VERIFY-MINOR condemned-but-reachable source=conservative_only kind=object class=9 payload=none
VERIFY-MINOR condemned-but-reachable source=conservative_only kind=var_ref
VERIFY-MINOR condemned-but-reachable source=conservative_only kind=var_ref
VERIFY-MINOR 3 of 16770 condemned objects are reachable by a full trace (0 precise, 3 conservative-only)
VERIFY-MINOR condemned-but-reachable source=conservative_only kind=object class=9 payload=none
VERIFY-MINOR condemned-but-reachable source=conservative_only kind=var_ref
VERIFY-MINOR condemned-but-reachable source=conservative_only kind=var_ref
VERIFY-MINOR 3 of 16734 condemned objects are reachable by a full trace (0 precise, 3 conservative-only)
VERIFY-MINOR condemned-but-reachable source=conservative_only kind=object class=9 payload=none
VERIFY-MINOR condemned-but-reachable source=conservative_only kind=var_ref
VERIFY-MINOR condemned-but-reachable source=conservative_only kind=var_ref
VERIFY-MINOR 3 of 16880 condemned objects are reachable by a full trace (0 precise, 3 conservative-only)
VERIFY-MINOR condemned-but-reachable source=conservative_only kind=object class=9 payload=none
VERIFY-MINOR condemned-but-reachable source=conservative_only kind=var_ref
VERIFY-MINOR condemned-but-reachable source=conservative_only kind=var_ref
VERIFY-MINOR 3 of 16882 condemned objects are reachable by a full trace (0 precise, 3 conservative-only)
VERIFY-MINOR condemned-but-reachable source=conservative_only kind=object class=9 payload=none
VERIFY-MINOR condemned-but-reachable source=conservative_only kind=var_ref
VERIFY-MINOR condemned-but-reachable source=conservative_only kind=var_ref
VERIFY-MINOR 3 of 16724 condemned objects are reachable by a full trace (0 precise, 3 conservative-only)
VERIFY-MINOR condemned-but-reachable source=conservative_only kind=object class=9 payload=none
VERIFY-MINOR condemned-but-reachable source=conservative_only kind=var_ref
VERIFY-MINOR condemned-but-reachable source=conservative_only kind=var_ref
VERIFY-MINOR 3 of 16861 condemned objects are reachable by a full trace (0 precise, 3 conservative-only)
VERIFY-MINOR condemned-but-reachable source=conservative_only kind=object class=9 payload=none
VERIFY-MINOR condemned-but-reachable source=conservative_only kind=var_ref
VERIFY-MINOR condemned-but-reachable source=conservative_only kind=var_ref
VERIFY-MINOR 3 of 16812 condemned objects are reachable by a full trace (0 precise, 3 conservative-only)
VERIFY-MINOR condemned-but-reachable source=conservative_only kind=object class=9 payload=none
VERIFY-MINOR condemned-but-reachable source=conservative_only kind=shape
VERIFY-MINOR condemned-but-reachable source=conservative_only kind=var_ref
VERIFY-MINOR condemned-but-reachable source=conservative_only kind=var_ref
VERIFY-MINOR 4 of 16723 condemned objects are reachable by a full trace (0 precise, 4 conservative-only)
VERIFY-MINOR condemned-but-reachable source=conservative_only kind=object class=9 payload=none
VERIFY-MINOR condemned-but-reachable source=conservative_only kind=var_ref
VERIFY-MINOR condemned-but-reachable source=conservative_only kind=var_ref
VERIFY-MINOR 3 of 16879 condemned objects are reachable by a full trace (0 precise, 3 conservative-only)
VERIFY-MINOR condemned-but-reachable source=conservative_only kind=object class=9 payload=none
VERIFY-MINOR condemned-but-reachable source=conservative_only kind=object class=9 payload=none
VERIFY-MINOR condemned-but-reachable source=conservative_only kind=var_ref
VERIFY-MINOR condemned-but-reachable source=conservative_only kind=var_ref
VERIFY-MINOR condemned-but-reachable source=conservative_only kind=var_ref
VERIFY-MINOR condemned-but-reachable source=conservative_only kind=var_ref
VERIFY-MINOR 6 of 16807 condemned objects are reachable by a full trace (0 precise, 6 conservative-only)
VERIFY-MINOR condemned-but-reachable source=conservative_only kind=object class=9 payload=none
VERIFY-MINOR condemned-but-reachable source=conservative_only kind=var_ref
VERIFY-MINOR condemned-but-reachable source=conservative_only kind=var_ref
VERIFY-MINOR condemned-but-reachable source=conservative_only kind=var_ref
VERIFY-MINOR 4 of 16881 condemned objects are reachable by a full trace (0 precise, 4 conservative-only)
VERIFY-MINOR condemned-but-reachable source=conservative_only kind=object class=9 payload=none
VERIFY-MINOR condemned-but-reachable source=conservative_only kind=var_ref
VERIFY-MINOR condemned-but-reachable source=conservative_only kind=var_ref
VERIFY-MINOR condemned-but-reachable source=conservative_only kind=var_ref
VERIFY-MINOR 4 of 16746 condemned objects are reachable by a full trace (0 precise, 4 conservative-only)
VERIFY-MINOR condemned-but-reachable source=conservative_only kind=object class=9 payload=none
VERIFY-MINOR condemned-but-reachable source=conservative_only kind=var_ref
VERIFY-MINOR condemned-but-reachable source=conservative_only kind=var_ref
VERIFY-MINOR condemned-but-reachable source=conservative_only kind=var_ref
VERIFY-MINOR 4 of 16770 condemned objects are reachable by a full trace (0 precise, 4 conservative-only)
VERIFY-MINOR condemned-but-reachable source=conservative_only kind=object class=9 payload=none
VERIFY-MINOR condemned-but-reachable source=conservative_only kind=var_ref
VERIFY-MINOR condemned-but-reachable source=conservative_only kind=var_ref
VERIFY-MINOR 3 of 16790 condemned objects are reachable by a full trace (0 precise, 3 conservative-only)
VERIFY-MINOR condemned-but-reachable source=conservative_only kind=object class=9 payload=none
VERIFY-MINOR condemned-but-reachable source=conservative_only kind=var_ref
VERIFY-MINOR 2 of 16741 condemned objects are reachable by a full trace (0 precise, 2 conservative-only)
VERIFY-MINOR condemned-but-reachable source=conservative_only kind=object class=9 payload=none
VERIFY-MINOR condemned-but-reachable source=conservative_only kind=var_ref
VERIFY-MINOR condemned-but-reachable source=conservative_only kind=var_ref
VERIFY-MINOR 3 of 16747 condemned objects are reachable by a full trace (0 precise, 3 conservative-only)
VERIFY-MINOR condemned-but-reachable source=conservative_only kind=object class=9 payload=none
VERIFY-MINOR condemned-but-reachable source=conservative_only kind=var_ref
VERIFY-MINOR condemned-but-reachable source=conservative_only kind=var_ref
VERIFY-MINOR 3 of 16784 condemned objects are reachable by a full trace (0 precise, 3 conservative-only)
VERIFY-MINOR condemned-but-reachable source=conservative_only kind=object class=9 payload=none
VERIFY-MINOR condemned-but-reachable source=conservative_only kind=var_ref
VERIFY-MINOR condemned-but-reachable source=conservative_only kind=var_ref
VERIFY-MINOR condemned-but-reachable source=conservative_only kind=var_ref
VERIFY-MINOR 4 of 16894 condemned objects are reachable by a full trace (0 precise, 4 conservative-only)
VERIFY-MINOR condemned-but-reachable source=conservative_only kind=object class=9 payload=none
VERIFY-MINOR condemned-but-reachable source=conservative_only kind=var_ref
VERIFY-MINOR condemned-but-reachable source=conservative_only kind=var_ref
VERIFY-MINOR condemned-but-reachable source=conservative_only kind=var_ref
VERIFY-MINOR 4 of 16894 condemned objects are reachable by a full trace (0 precise, 4 conservative-only)
VERIFY-MINOR condemned-but-reachable source=conservative_only kind=object class=9 payload=none
VERIFY-MINOR condemned-but-reachable source=conservative_only kind=object class=9 payload=none
VERIFY-MINOR condemned-but-reachable source=conservative_only kind=object class=1 payload=none
VERIFY-MINOR condemned-but-reachable source=conservative_only kind=var_ref
VERIFY-MINOR condemned-but-reachable source=conservative_only kind=var_ref
VERIFY-MINOR condemned-but-reachable source=conservative_only kind=var_ref
VERIFY-MINOR condemned-but-reachable source=conservative_only kind=var_ref
VERIFY-MINOR 7 of 16837 condemned objects are reachable by a full trace (0 precise, 7 conservative-only)
VERIFY-MINOR condemned-but-reachable source=conservative_only kind=object class=9 payload=none
VERIFY-MINOR condemned-but-reachable source=conservative_only kind=var_ref
VERIFY-MINOR condemned-but-reachable source=conservative_only kind=var_ref
VERIFY-MINOR 3 of 16735 condemned objects are reachable by a full trace (0 precise, 3 conservative-only)
VERIFY-MINOR condemned-but-reachable source=conservative_only kind=object class=9 payload=none
VERIFY-MINOR condemned-but-reachable source=conservative_only kind=var_ref
VERIFY-MINOR condemned-but-reachable source=conservative_only kind=var_ref
VERIFY-MINOR condemned-but-reachable source=conservative_only kind=var_ref
VERIFY-MINOR 4 of 16893 condemned objects are reachable by a full trace (0 precise, 4 conservative-only)
VERIFY-MINOR condemned-but-reachable source=conservative_only kind=object class=9 payload=none
VERIFY-MINOR condemned-but-reachable source=conservative_only kind=var_ref
VERIFY-MINOR condemned-but-reachable source=conservative_only kind=var_ref
VERIFY-MINOR 3 of 16710 condemned objects are reachable by a full trace (0 precise, 3 conservative-only)
VERIFY-MINOR condemned-but-reachable source=conservative_only kind=object class=9 payload=none
VERIFY-MINOR condemned-but-reachable source=conservative_only kind=var_ref
VERIFY-MINOR condemned-but-reachable source=conservative_only kind=var_ref
VERIFY-MINOR 3 of 16835 condemned objects are reachable by a full trace (0 precise, 3 conservative-only)
VERIFY-MINOR condemned-but-reachable source=conservative_only kind=object class=9 payload=none
VERIFY-MINOR condemned-but-reachable source=conservative_only kind=var_ref
VERIFY-MINOR condemned-but-reachable source=conservative_only kind=var_ref
VERIFY-MINOR 3 of 16849 condemned objects are reachable by a full trace (0 precise, 3 conservative-only)
VERIFY-MINOR condemned-but-reachable source=conservative_only kind=object class=9 payload=none
VERIFY-MINOR condemned-but-reachable source=conservative_only kind=object class=9 payload=none
VERIFY-MINOR condemned-but-reachable source=conservative_only kind=var_ref
VERIFY-MINOR condemned-but-reachable source=conservative_only kind=var_ref
VERIFY-MINOR condemned-but-reachable source=conservative_only kind=var_ref
VERIFY-MINOR condemned-but-reachable source=conservative_only kind=var_ref
VERIFY-MINOR 6 of 16782 condemned objects are reachable by a full trace (0 precise, 6 conservative-only)
VERIFY-MINOR condemned-but-reachable source=conservative_only kind=object class=9 payload=none
VERIFY-MINOR condemned-but-reachable source=conservative_only kind=var_ref
VERIFY-MINOR condemned-but-reachable source=conservative_only kind=var_ref
VERIFY-MINOR condemned-but-reachable source=conservative_only kind=var_ref
VERIFY-MINOR 4 of 16786 condemned objects are reachable by a full trace (0 precise, 4 conservative-only)
VERIFY-MINOR condemned-but-reachable source=conservative_only kind=object class=9 payload=none
VERIFY-MINOR condemned-but-reachable source=conservative_only kind=object class=9 payload=none
VERIFY-MINOR condemned-but-reachable source=conservative_only kind=var_ref
VERIFY-MINOR condemned-but-reachable source=conservative_only kind=var_ref
VERIFY-MINOR condemned-but-reachable source=conservative_only kind=var_ref
VERIFY-MINOR condemned-but-reachable source=conservative_only kind=var_ref
VERIFY-MINOR condemned-but-reachable source=conservative_only kind=var_ref
VERIFY-MINOR 7 of 16754 condemned objects are reachable by a full trace (0 precise, 7 conservative-only)
VERIFY-MINOR condemned-but-reachable source=conservative_only kind=object class=9 payload=none
VERIFY-MINOR condemned-but-reachable source=conservative_only kind=var_ref
VERIFY-MINOR 2 of 16889 condemned objects are reachable by a full trace (0 precise, 2 conservative-only)
VERIFY-MINOR condemned-but-reachable source=conservative_only kind=object class=9 payload=none
VERIFY-MINOR condemned-but-reachable source=conservative_only kind=var_ref
VERIFY-MINOR condemned-but-reachable source=conservative_only kind=var_ref
VERIFY-MINOR 3 of 16799 condemned objects are reachable by a full trace (0 precise, 3 conservative-only)
VERIFY-MINOR condemned-but-reachable source=conservative_only kind=object class=9 payload=none
VERIFY-MINOR condemned-but-reachable source=conservative_only kind=var_ref
VERIFY-MINOR condemned-but-reachable source=conservative_only kind=var_ref
VERIFY-MINOR condemned-but-reachable source=conservative_only kind=var_ref
VERIFY-MINOR 4 of 16751 condemned objects are reachable by a full trace (0 precise, 4 conservative-only)
VERIFY-MINOR condemned-but-reachable source=conservative_only kind=object class=9 payload=none
VERIFY-MINOR condemned-but-reachable source=conservative_only kind=var_ref
VERIFY-MINOR 2 of 16753 condemned objects are reachable by a full trace (0 precise, 2 conservative-only)
VERIFY-MINOR condemned-but-reachable source=conservative_only kind=object class=9 payload=none
VERIFY-MINOR condemned-but-reachable source=conservative_only kind=var_ref
VERIFY-MINOR condemned-but-reachable source=conservative_only kind=var_ref
VERIFY-MINOR condemned-but-reachable source=conservative_only kind=var_ref
VERIFY-MINOR 4 of 16827 condemned objects are reachable by a full trace (0 precise, 4 conservative-only)
VERIFY-MINOR condemned-but-reachable source=conservative_only kind=object class=9 payload=none
VERIFY-MINOR condemned-but-reachable source=conservative_only kind=var_ref
VERIFY-MINOR condemned-but-reachable source=conservative_only kind=var_ref
VERIFY-MINOR 3 of 16741 condemned objects are reachable by a full trace (0 precise, 3 conservative-only)
VERIFY-MINOR condemned-but-reachable source=conservative_only kind=object class=9 payload=none
VERIFY-MINOR condemned-but-reachable source=conservative_only kind=var_ref
VERIFY-MINOR condemned-but-reachable source=conservative_only kind=var_ref
VERIFY-MINOR 3 of 16787 condemned objects are reachable by a full trace (0 precise, 3 conservative-only)
VERIFY-MINOR condemned-but-reachable source=conservative_only kind=object class=9 payload=none
VERIFY-MINOR condemned-but-reachable source=conservative_only kind=var_ref
VERIFY-MINOR condemned-but-reachable source=conservative_only kind=var_ref
VERIFY-MINOR 3 of 16768 condemned objects are reachable by a full trace (0 precise, 3 conservative-only)
VERIFY-MINOR condemned-but-reachable source=conservative_only kind=object class=9 payload=none
VERIFY-MINOR condemned-but-reachable source=conservative_only kind=var_ref
VERIFY-MINOR condemned-but-reachable source=conservative_only kind=var_ref
VERIFY-MINOR 3 of 16742 condemned objects are reachable by a full trace (0 precise, 3 conservative-only)
VERIFY-MINOR condemned-but-reachable source=conservative_only kind=object class=9 payload=none
VERIFY-MINOR condemned-but-reachable source=conservative_only kind=var_ref
VERIFY-MINOR condemned-but-reachable source=conservative_only kind=var_ref
VERIFY-MINOR 3 of 16729 condemned objects are reachable by a full trace (0 precise, 3 conservative-only)
VERIFY-MINOR condemned-but-reachable source=conservative_only kind=object class=9 payload=none
VERIFY-MINOR condemned-but-reachable source=conservative_only kind=var_ref
VERIFY-MINOR condemned-but-reachable source=conservative_only kind=var_ref
VERIFY-MINOR 3 of 16875 condemned objects are reachable by a full trace (0 precise, 3 conservative-only)
VERIFY-MINOR condemned-but-reachable source=conservative_only kind=object class=9 payload=none
VERIFY-MINOR condemned-but-reachable source=conservative_only kind=var_ref
VERIFY-MINOR condemned-but-reachable source=conservative_only kind=var_ref
VERIFY-MINOR 3 of 16762 condemned objects are reachable by a full trace (0 precise, 3 conservative-only)
VERIFY-MINOR condemned-but-reachable source=conservative_only kind=object class=9 payload=none
VERIFY-MINOR condemned-but-reachable source=conservative_only kind=var_ref
VERIFY-MINOR condemned-but-reachable source=conservative_only kind=var_ref
VERIFY-MINOR 3 of 16869 condemned objects are reachable by a full trace (0 precise, 3 conservative-only)
VERIFY-MINOR condemned-but-reachable source=conservative_only kind=object class=9 payload=none
VERIFY-MINOR condemned-but-reachable source=conservative_only kind=var_ref
VERIFY-MINOR condemned-but-reachable source=conservative_only kind=var_ref
VERIFY-MINOR 3 of 16826 condemned objects are reachable by a full trace (0 precise, 3 conservative-only)
VERIFY-MINOR condemned-but-reachable source=conservative_only kind=object class=9 payload=none
VERIFY-MINOR condemned-but-reachable source=conservative_only kind=var_ref
VERIFY-MINOR condemned-but-reachable source=conservative_only kind=var_ref
VERIFY-MINOR 3 of 16712 condemned objects are reachable by a full trace (0 precise, 3 conservative-only)
VERIFY-MINOR condemned-but-reachable source=conservative_only kind=object class=9 payload=none
VERIFY-MINOR condemned-but-reachable source=conservative_only kind=var_ref
VERIFY-MINOR condemned-but-reachable source=conservative_only kind=var_ref
VERIFY-MINOR 3 of 16786 condemned objects are reachable by a full trace (0 precise, 3 conservative-only)
VERIFY-MINOR condemned-but-reachable source=conservative_only kind=object class=9 payload=none
VERIFY-MINOR condemned-but-reachable source=conservative_only kind=var_ref
VERIFY-MINOR condemned-but-reachable source=conservative_only kind=var_ref
VERIFY-MINOR condemned-but-reachable source=conservative_only kind=var_ref
VERIFY-MINOR 4 of 16885 condemned objects are reachable by a full trace (0 precise, 4 conservative-only)
VERIFY-MINOR condemned-but-reachable source=conservative_only kind=object class=9 payload=none
VERIFY-MINOR condemned-but-reachable source=conservative_only kind=var_ref
VERIFY-MINOR condemned-but-reachable source=conservative_only kind=var_ref
VERIFY-MINOR 3 of 16729 condemned objects are reachable by a full trace (0 precise, 3 conservative-only)
VERIFY-MINOR condemned-but-reachable source=conservative_only kind=object class=9 payload=none
VERIFY-MINOR condemned-but-reachable source=conservative_only kind=var_ref
VERIFY-MINOR condemned-but-reachable source=conservative_only kind=var_ref
VERIFY-MINOR 3 of 16750 condemned objects are reachable by a full trace (0 precise, 3 conservative-only)
VERIFY-MINOR condemned-but-reachable source=conservative_only kind=object class=9 payload=none
VERIFY-MINOR condemned-but-reachable source=conservative_only kind=var_ref
VERIFY-MINOR condemned-but-reachable source=conservative_only kind=var_ref
VERIFY-MINOR condemned-but-reachable source=conservative_only kind=var_ref
VERIFY-MINOR 4 of 16851 condemned objects are reachable by a full trace (0 precise, 4 conservative-only)
VERIFY-MINOR condemned-but-reachable source=conservative_only kind=object class=1 payload=none
VERIFY-MINOR condemned-but-reachable source=conservative_only kind=object class=1 payload=none
VERIFY-MINOR condemned-but-reachable source=conservative_only kind=object class=9 payload=none
VERIFY-MINOR condemned-but-reachable source=conservative_only kind=var_ref
VERIFY-MINOR condemned-but-reachable source=conservative_only kind=var_ref
VERIFY-MINOR 5 of 16769 condemned objects are reachable by a full trace (0 precise, 5 conservative-only)
VERIFY-MINOR condemned-but-reachable source=conservative_only kind=object class=9 payload=none
VERIFY-MINOR condemned-but-reachable source=conservative_only kind=var_ref
VERIFY-MINOR condemned-but-reachable source=conservative_only kind=var_ref
VERIFY-MINOR 3 of 16867 condemned objects are reachable by a full trace (0 precise, 3 conservative-only)
VERIFY-MINOR condemned-but-reachable source=conservative_only kind=object class=9 payload=none
VERIFY-MINOR condemned-but-reachable source=conservative_only kind=var_ref
VERIFY-MINOR condemned-but-reachable source=conservative_only kind=var_ref
VERIFY-MINOR 3 of 16760 condemned objects are reachable by a full trace (0 precise, 3 conservative-only)
VERIFY-MINOR condemned-but-reachable source=conservative_only kind=object class=9 payload=none
VERIFY-MINOR condemned-but-reachable source=conservative_only kind=object class=9 payload=none
VERIFY-MINOR condemned-but-reachable source=conservative_only kind=var_ref
VERIFY-MINOR condemned-but-reachable source=conservative_only kind=var_ref
VERIFY-MINOR condemned-but-reachable source=conservative_only kind=var_ref
VERIFY-MINOR condemned-but-reachable source=conservative_only kind=var_ref
VERIFY-MINOR condemned-but-reachable source=conservative_only kind=var_ref
VERIFY-MINOR 7 of 16752 condemned objects are reachable by a full trace (0 precise, 7 conservative-only)
VERIFY-MINOR condemned-but-reachable source=conservative_only kind=object class=1 payload=none
VERIFY-MINOR condemned-but-reachable source=conservative_only kind=object class=9 payload=none
VERIFY-MINOR condemned-but-reachable source=conservative_only kind=object class=1 payload=none
VERIFY-MINOR condemned-but-reachable source=conservative_only kind=var_ref
VERIFY-MINOR condemned-but-reachable source=conservative_only kind=var_ref
VERIFY-MINOR 5 of 16752 condemned objects are reachable by a full trace (0 precise, 5 conservative-only)
VERIFY-MINOR condemned-but-reachable source=conservative_only kind=object class=9 payload=none
VERIFY-MINOR condemned-but-reachable source=conservative_only kind=var_ref
VERIFY-MINOR condemned-but-reachable source=conservative_only kind=var_ref
VERIFY-MINOR 3 of 16791 condemned objects are reachable by a full trace (0 precise, 3 conservative-only)
VERIFY-MINOR condemned-but-reachable source=conservative_only kind=object class=9 payload=none
VERIFY-MINOR condemned-but-reachable source=conservative_only kind=var_ref
VERIFY-MINOR condemned-but-reachable source=conservative_only kind=var_ref
VERIFY-MINOR 3 of 16774 condemned objects are reachable by a full trace (0 precise, 3 conservative-only)
VERIFY-MINOR condemned-but-reachable source=conservative_only kind=object class=9 payload=none
VERIFY-MINOR condemned-but-reachable source=conservative_only kind=var_ref
VERIFY-MINOR condemned-but-reachable source=conservative_only kind=var_ref
VERIFY-MINOR 3 of 16738 condemned objects are reachable by a full trace (0 precise, 3 conservative-only)
VERIFY-MINOR condemned-but-reachable source=conservative_only kind=object class=9 payload=none
VERIFY-MINOR condemned-but-reachable source=conservative_only kind=var_ref
VERIFY-MINOR condemned-but-reachable source=conservative_only kind=var_ref
VERIFY-MINOR 3 of 16807 condemned objects are reachable by a full trace (0 precise, 3 conservative-only)
VERIFY-MINOR condemned-but-reachable source=conservative_only kind=object class=9 payload=none
VERIFY-MINOR condemned-but-reachable source=conservative_only kind=var_ref
VERIFY-MINOR condemned-but-reachable source=conservative_only kind=var_ref
VERIFY-MINOR 3 of 16697 condemned objects are reachable by a full trace (0 precise, 3 conservative-only)
VERIFY-MINOR condemned-but-reachable source=conservative_only kind=object class=9 payload=none
VERIFY-MINOR condemned-but-reachable source=conservative_only kind=var_ref
VERIFY-MINOR condemned-but-reachable source=conservative_only kind=var_ref
VERIFY-MINOR 3 of 16877 condemned objects are reachable by a full trace (0 precise, 3 conservative-only)
VERIFY-MINOR condemned-but-reachable source=conservative_only kind=object class=9 payload=none
VERIFY-MINOR condemned-but-reachable source=conservative_only kind=var_ref
VERIFY-MINOR condemned-but-reachable source=conservative_only kind=var_ref
VERIFY-MINOR 3 of 16784 condemned objects are reachable by a full trace (0 precise, 3 conservative-only)
VERIFY-MINOR condemned-but-reachable source=conservative_only kind=object class=9 payload=none
VERIFY-MINOR condemned-but-reachable source=conservative_only kind=var_ref
VERIFY-MINOR condemned-but-reachable source=conservative_only kind=var_ref
VERIFY-MINOR 3 of 16841 condemned objects are reachable by a full trace (0 precise, 3 conservative-only)
VERIFY-MINOR condemned-but-reachable source=conservative_only kind=object class=9 payload=none
VERIFY-MINOR condemned-but-reachable source=conservative_only kind=object class=1 payload=none
VERIFY-MINOR condemned-but-reachable source=conservative_only kind=object class=1 payload=none
VERIFY-MINOR condemned-but-reachable source=conservative_only kind=var_ref
VERIFY-MINOR condemned-but-reachable source=conservative_only kind=var_ref
VERIFY-MINOR 5 of 16735 condemned objects are reachable by a full trace (0 precise, 5 conservative-only)
VERIFY-MINOR condemned-but-reachable source=conservative_only kind=object class=9 payload=none
VERIFY-MINOR condemned-but-reachable source=conservative_only kind=var_ref
VERIFY-MINOR condemned-but-reachable source=conservative_only kind=var_ref
VERIFY-MINOR 3 of 16723 condemned objects are reachable by a full trace (0 precise, 3 conservative-only)
VERIFY-MINOR condemned-but-reachable source=conservative_only kind=object class=9 payload=none
VERIFY-MINOR condemned-but-reachable source=conservative_only kind=var_ref
VERIFY-MINOR condemned-but-reachable source=conservative_only kind=var_ref
VERIFY-MINOR condemned-but-reachable source=conservative_only kind=var_ref
VERIFY-MINOR 4 of 16862 condemned objects are reachable by a full trace (0 precise, 4 conservative-only)
VERIFY-MINOR condemned-but-reachable source=conservative_only kind=object class=9 payload=none
VERIFY-MINOR condemned-but-reachable source=conservative_only kind=var_ref
VERIFY-MINOR condemned-but-reachable source=conservative_only kind=var_ref
VERIFY-MINOR condemned-but-reachable source=conservative_only kind=var_ref
VERIFY-MINOR 4 of 16782 condemned objects are reachable by a full trace (0 precise, 4 conservative-only)
VERIFY-MINOR condemned-but-reachable source=conservative_only kind=object class=9 payload=none
VERIFY-MINOR condemned-but-reachable source=conservative_only kind=shape
VERIFY-MINOR condemned-but-reachable source=conservative_only kind=var_ref
VERIFY-MINOR condemned-but-reachable source=conservative_only kind=var_ref
VERIFY-MINOR 4 of 16727 condemned objects are reachable by a full trace (0 precise, 4 conservative-only)
VERIFY-MINOR condemned-but-reachable source=conservative_only kind=object class=9 payload=none
VERIFY-MINOR condemned-but-reachable source=conservative_only kind=var_ref
VERIFY-MINOR condemned-but-reachable source=conservative_only kind=var_ref
VERIFY-MINOR 3 of 16894 condemned objects are reachable by a full trace (0 precise, 3 conservative-only)
VERIFY-MINOR condemned-but-reachable source=conservative_only kind=object class=9 payload=none
VERIFY-MINOR condemned-but-reachable source=conservative_only kind=object class=9 payload=none
VERIFY-MINOR condemned-but-reachable source=conservative_only kind=var_ref
VERIFY-MINOR condemned-but-reachable source=conservative_only kind=var_ref
VERIFY-MINOR condemned-but-reachable source=conservative_only kind=var_ref
VERIFY-MINOR condemned-but-reachable source=conservative_only kind=var_ref
VERIFY-MINOR condemned-but-reachable source=conservative_only kind=var_ref
VERIFY-MINOR condemned-but-reachable source=conservative_only kind=var_ref
VERIFY-MINOR 8 of 16814 condemned objects are reachable by a full trace (0 precise, 8 conservative-only)
VERIFY-MINOR condemned-but-reachable source=conservative_only kind=object class=9 payload=none
VERIFY-MINOR condemned-but-reachable source=conservative_only kind=var_ref
VERIFY-MINOR condemned-but-reachable source=conservative_only kind=var_ref
VERIFY-MINOR condemned-but-reachable source=conservative_only kind=var_ref
VERIFY-MINOR 4 of 16852 condemned objects are reachable by a full trace (0 precise, 4 conservative-only)
VERIFY-MINOR condemned-but-reachable source=conservative_only kind=object class=9 payload=none
VERIFY-MINOR condemned-but-reachable source=conservative_only kind=var_ref
VERIFY-MINOR condemned-but-reachable source=conservative_only kind=var_ref
VERIFY-MINOR 3 of 16792 condemned objects are reachable by a full trace (0 precise, 3 conservative-only)
VERIFY-MINOR condemned-but-reachable source=conservative_only kind=object class=9 payload=none
VERIFY-MINOR condemned-but-reachable source=conservative_only kind=var_ref
VERIFY-MINOR condemned-but-reachable source=conservative_only kind=var_ref
VERIFY-MINOR 3 of 16742 condemned objects are reachable by a full trace (0 precise, 3 conservative-only)
VERIFY-MINOR condemned-but-reachable source=conservative_only kind=object class=1 payload=none
VERIFY-MINOR 1 of 16707 condemned objects are reachable by a full trace (0 precise, 1 conservative-only)
VERIFY-MINOR condemned-but-reachable source=conservative_only kind=object class=9 payload=none
VERIFY-MINOR condemned-but-reachable source=conservative_only kind=var_ref
VERIFY-MINOR 2 of 16758 condemned objects are reachable by a full trace (0 precise, 2 conservative-only)
VERIFY-MINOR condemned-but-reachable source=conservative_only kind=object class=9 payload=none
VERIFY-MINOR condemned-but-reachable source=conservative_only kind=var_ref
VERIFY-MINOR condemned-but-reachable source=conservative_only kind=var_ref
VERIFY-MINOR 3 of 16731 condemned objects are reachable by a full trace (0 precise, 3 conservative-only)
VERIFY-MINOR condemned-but-reachable source=conservative_only kind=object class=9 payload=none
VERIFY-MINOR condemned-but-reachable source=conservative_only kind=var_ref
VERIFY-MINOR condemned-but-reachable source=conservative_only kind=var_ref
VERIFY-MINOR condemned-but-reachable source=conservative_only kind=var_ref
VERIFY-MINOR 4 of 16851 condemned objects are reachable by a full trace (0 precise, 4 conservative-only)
VERIFY-MINOR condemned-but-reachable source=conservative_only kind=object class=9 payload=none
VERIFY-MINOR condemned-but-reachable source=conservative_only kind=var_ref
VERIFY-MINOR condemned-but-reachable source=conservative_only kind=var_ref
VERIFY-MINOR 3 of 16754 condemned objects are reachable by a full trace (0 precise, 3 conservative-only)
VERIFY-MINOR condemned-but-reachable source=conservative_only kind=object class=1 payload=none
VERIFY-MINOR condemned-but-reachable source=conservative_only kind=object class=1 payload=none
VERIFY-MINOR condemned-but-reachable source=conservative_only kind=object class=9 payload=none
VERIFY-MINOR condemned-but-reachable source=conservative_only kind=var_ref
VERIFY-MINOR condemned-but-reachable source=conservative_only kind=var_ref
VERIFY-MINOR 5 of 16737 condemned objects are reachable by a full trace (0 precise, 5 conservative-only)
VERIFY-MINOR condemned-but-reachable source=conservative_only kind=object class=9 payload=none
VERIFY-MINOR condemned-but-reachable source=conservative_only kind=var_ref
VERIFY-MINOR condemned-but-reachable source=conservative_only kind=var_ref
VERIFY-MINOR condemned-but-reachable source=conservative_only kind=var_ref
VERIFY-MINOR 4 of 16825 condemned objects are reachable by a full trace (0 precise, 4 conservative-only)
VERIFY-MINOR condemned-but-reachable source=conservative_only kind=object class=9 payload=none
VERIFY-MINOR condemned-but-reachable source=conservative_only kind=var_ref
VERIFY-MINOR condemned-but-reachable source=conservative_only kind=var_ref
VERIFY-MINOR 3 of 16883 condemned objects are reachable by a full trace (0 precise, 3 conservative-only)
VERIFY-MINOR condemned-but-reachable source=conservative_only kind=object class=9 payload=none
VERIFY-MINOR condemned-but-reachable source=conservative_only kind=object class=9 payload=none
VERIFY-MINOR condemned-but-reachable source=conservative_only kind=object class=1 payload=none
VERIFY-MINOR condemned-but-reachable source=conservative_only kind=var_ref
VERIFY-MINOR condemned-but-reachable source=conservative_only kind=var_ref
VERIFY-MINOR condemned-but-reachable source=conservative_only kind=var_ref
VERIFY-MINOR condemned-but-reachable source=conservative_only kind=var_ref
VERIFY-MINOR 7 of 16822 condemned objects are reachable by a full trace (0 precise, 7 conservative-only)
VERIFY-MINOR condemned-but-reachable source=conservative_only kind=object class=9 payload=none
VERIFY-MINOR condemned-but-reachable source=conservative_only kind=var_ref
VERIFY-MINOR condemned-but-reachable source=conservative_only kind=var_ref
VERIFY-MINOR 3 of 16724 condemned objects are reachable by a full trace (0 precise, 3 conservative-only)
VERIFY-MINOR condemned-but-reachable source=conservative_only kind=object class=9 payload=none
VERIFY-MINOR condemned-but-reachable source=conservative_only kind=var_ref
VERIFY-MINOR condemned-but-reachable source=conservative_only kind=var_ref
VERIFY-MINOR 3 of 16769 condemned objects are reachable by a full trace (0 precise, 3 conservative-only)
VERIFY-MINOR condemned-but-reachable source=conservative_only kind=object class=9 payload=none
VERIFY-MINOR condemned-but-reachable source=conservative_only kind=var_ref
VERIFY-MINOR condemned-but-reachable source=conservative_only kind=var_ref
VERIFY-MINOR condemned-but-reachable source=conservative_only kind=var_ref
VERIFY-MINOR 4 of 16856 condemned objects are reachable by a full trace (0 precise, 4 conservative-only)
VERIFY-MINOR condemned-but-reachable source=conservative_only kind=object class=9 payload=none
VERIFY-MINOR condemned-but-reachable source=conservative_only kind=var_ref
VERIFY-MINOR condemned-but-reachable source=conservative_only kind=var_ref
VERIFY-MINOR 3 of 16787 condemned objects are reachable by a full trace (0 precise, 3 conservative-only)
VERIFY-MINOR condemned-but-reachable source=conservative_only kind=object class=9 payload=none
VERIFY-MINOR condemned-but-reachable source=conservative_only kind=var_ref
VERIFY-MINOR condemned-but-reachable source=conservative_only kind=var_ref
VERIFY-MINOR 3 of 16748 condemned objects are reachable by a full trace (0 precise, 3 conservative-only)
VERIFY-MINOR condemned-but-reachable source=conservative_only kind=object class=9 payload=none
VERIFY-MINOR condemned-but-reachable source=conservative_only kind=var_ref
VERIFY-MINOR condemned-but-reachable source=conservative_only kind=var_ref
VERIFY-MINOR 3 of 16723 condemned objects are reachable by a full trace (0 precise, 3 conservative-only)
VERIFY-MINOR condemned-but-reachable source=conservative_only kind=object class=9 payload=none
VERIFY-MINOR condemned-but-reachable source=conservative_only kind=var_ref
VERIFY-MINOR condemned-but-reachable source=conservative_only kind=var_ref
VERIFY-MINOR 3 of 16767 condemned objects are reachable by a full trace (0 precise, 3 conservative-only)
VERIFY-MINOR condemned-but-reachable source=conservative_only kind=object class=9 payload=none
VERIFY-MINOR condemned-but-reachable source=conservative_only kind=object class=9 payload=none
VERIFY-MINOR condemned-but-reachable source=conservative_only kind=object class=1 payload=none
VERIFY-MINOR condemned-but-reachable source=conservative_only kind=var_ref
VERIFY-MINOR condemned-but-reachable source=conservative_only kind=var_ref
VERIFY-MINOR condemned-but-reachable source=conservative_only kind=var_ref
VERIFY-MINOR condemned-but-reachable source=conservative_only kind=var_ref
VERIFY-MINOR 7 of 16729 condemned objects are reachable by a full trace (0 precise, 7 conservative-only)
VERIFY-MINOR condemned-but-reachable source=conservative_only kind=object class=9 payload=none
VERIFY-MINOR condemned-but-reachable source=conservative_only kind=var_ref
VERIFY-MINOR condemned-but-reachable source=conservative_only kind=var_ref
VERIFY-MINOR 3 of 16811 condemned objects are reachable by a full trace (0 precise, 3 conservative-only)
VERIFY-MINOR condemned-but-reachable source=conservative_only kind=object class=9 payload=none
VERIFY-MINOR condemned-but-reachable source=conservative_only kind=var_ref
VERIFY-MINOR condemned-but-reachable source=conservative_only kind=var_ref
VERIFY-MINOR 3 of 16772 condemned objects are reachable by a full trace (0 precise, 3 conservative-only)
VERIFY-MINOR condemned-but-reachable source=conservative_only kind=object class=9 payload=none
VERIFY-MINOR condemned-but-reachable source=conservative_only kind=var_ref
VERIFY-MINOR condemned-but-reachable source=conservative_only kind=var_ref
VERIFY-MINOR condemned-but-reachable source=conservative_only kind=var_ref
VERIFY-MINOR 4 of 16762 condemned objects are reachable by a full trace (0 precise, 4 conservative-only)
VERIFY-MINOR condemned-but-reachable source=conservative_only kind=object class=9 payload=none
VERIFY-MINOR condemned-but-reachable source=conservative_only kind=var_ref
VERIFY-MINOR condemned-but-reachable source=conservative_only kind=var_ref
VERIFY-MINOR condemned-but-reachable source=conservative_only kind=var_ref
VERIFY-MINOR 4 of 16807 condemned objects are reachable by a full trace (0 precise, 4 conservative-only)
VERIFY-MINOR condemned-but-reachable source=conservative_only kind=object class=9 payload=none
VERIFY-MINOR condemned-but-reachable source=conservative_only kind=var_ref
VERIFY-MINOR condemned-but-reachable source=conservative_only kind=var_ref
VERIFY-MINOR condemned-but-reachable source=conservative_only kind=var_ref
VERIFY-MINOR 4 of 16868 condemned objects are reachable by a full trace (0 precise, 4 conservative-only)
VERIFY-MINOR condemned-but-reachable source=conservative_only kind=object class=9 payload=none
VERIFY-MINOR condemned-but-reachable source=conservative_only kind=object class=9 payload=none
VERIFY-MINOR condemned-but-reachable source=conservative_only kind=var_ref
VERIFY-MINOR condemned-but-reachable source=conservative_only kind=var_ref
VERIFY-MINOR condemned-but-reachable source=conservative_only kind=var_ref
VERIFY-MINOR condemned-but-reachable source=conservative_only kind=var_ref
VERIFY-MINOR condemned-but-reachable source=conservative_only kind=var_ref
VERIFY-MINOR 7 of 16837 condemned objects are reachable by a full trace (0 precise, 7 conservative-only)
VERIFY-MINOR condemned-but-reachable source=conservative_only kind=object class=9 payload=none
VERIFY-MINOR condemned-but-reachable source=conservative_only kind=var_ref
VERIFY-MINOR condemned-but-reachable source=conservative_only kind=var_ref
VERIFY-MINOR 3 of 16777 condemned objects are reachable by a full trace (0 precise, 3 conservative-only)
VERIFY-MINOR condemned-but-reachable source=conservative_only kind=object class=9 payload=none
VERIFY-MINOR condemned-but-reachable source=conservative_only kind=var_ref
VERIFY-MINOR condemned-but-reachable source=conservative_only kind=var_ref
VERIFY-MINOR condemned-but-reachable source=conservative_only kind=var_ref
VERIFY-MINOR 4 of 16776 condemned objects are reachable by a full trace (0 precise, 4 conservative-only)
VERIFY-MINOR condemned-but-reachable source=conservative_only kind=object class=9 payload=none
VERIFY-MINOR condemned-but-reachable source=conservative_only kind=var_ref
VERIFY-MINOR condemned-but-reachable source=conservative_only kind=var_ref
VERIFY-MINOR condemned-but-reachable source=conservative_only kind=var_ref
VERIFY-MINOR 4 of 16784 condemned objects are reachable by a full trace (0 precise, 4 conservative-only)
VERIFY-MINOR condemned-but-reachable source=conservative_only kind=object class=9 payload=none
VERIFY-MINOR condemned-but-reachable source=conservative_only kind=var_ref
VERIFY-MINOR condemned-but-reachable source=conservative_only kind=var_ref
VERIFY-MINOR 3 of 16741 condemned objects are reachable by a full trace (0 precise, 3 conservative-only)
VERIFY-MINOR condemned-but-reachable source=conservative_only kind=object class=1 payload=none
VERIFY-MINOR condemned-but-reachable source=conservative_only kind=object class=1 payload=none
VERIFY-MINOR condemned-but-reachable source=conservative_only kind=object class=9 payload=none
VERIFY-MINOR condemned-but-reachable source=conservative_only kind=var_ref
VERIFY-MINOR condemned-but-reachable source=conservative_only kind=var_ref
VERIFY-MINOR 5 of 16896 condemned objects are reachable by a full trace (0 precise, 5 conservative-only)
VERIFY-MINOR condemned-but-reachable source=conservative_only kind=var_ref
VERIFY-MINOR 1 of 16812 condemned objects are reachable by a full trace (0 precise, 1 conservative-only)
VERIFY-MINOR condemned-but-reachable source=conservative_only kind=object class=9 payload=none
VERIFY-MINOR condemned-but-reachable source=conservative_only kind=var_ref
VERIFY-MINOR condemned-but-reachable source=conservative_only kind=var_ref
VERIFY-MINOR 3 of 16775 condemned objects are reachable by a full trace (0 precise, 3 conservative-only)
VERIFY-MINOR condemned-but-reachable source=conservative_only kind=object class=9 payload=none
VERIFY-MINOR condemned-but-reachable source=conservative_only kind=var_ref
VERIFY-MINOR condemned-but-reachable source=conservative_only kind=var_ref
VERIFY-MINOR 3 of 16744 condemned objects are reachable by a full trace (0 precise, 3 conservative-only)
VERIFY-MINOR condemned-but-reachable source=conservative_only kind=object class=9 payload=none
VERIFY-MINOR condemned-but-reachable source=conservative_only kind=var_ref
VERIFY-MINOR condemned-but-reachable source=conservative_only kind=var_ref
VERIFY-MINOR 3 of 16815 condemned objects are reachable by a full trace (0 precise, 3 conservative-only)
VERIFY-MINOR condemned-but-reachable source=conservative_only kind=object class=9 payload=none
VERIFY-MINOR condemned-but-reachable source=conservative_only kind=var_ref
VERIFY-MINOR condemned-but-reachable source=conservative_only kind=var_ref
VERIFY-MINOR 3 of 16733 condemned objects are reachable by a full trace (0 precise, 3 conservative-only)
VERIFY-MINOR condemned-but-reachable source=conservative_only kind=object class=9 payload=none
VERIFY-MINOR condemned-but-reachable source=conservative_only kind=var_ref
VERIFY-MINOR condemned-but-reachable source=conservative_only kind=var_ref
VERIFY-MINOR condemned-but-reachable source=conservative_only kind=var_ref
VERIFY-MINOR 4 of 16849 condemned objects are reachable by a full trace (0 precise, 4 conservative-only)
VERIFY-MINOR condemned-but-reachable source=conservative_only kind=object class=9 payload=none
VERIFY-MINOR condemned-but-reachable source=conservative_only kind=var_ref
VERIFY-MINOR condemned-but-reachable source=conservative_only kind=var_ref
VERIFY-MINOR 3 of 16773 condemned objects are reachable by a full trace (0 precise, 3 conservative-only)
VERIFY-MINOR condemned-but-reachable source=conservative_only kind=object class=9 payload=none
VERIFY-MINOR condemned-but-reachable source=conservative_only kind=var_ref
VERIFY-MINOR condemned-but-reachable source=conservative_only kind=var_ref
VERIFY-MINOR 3 of 16766 condemned objects are reachable by a full trace (0 precise, 3 conservative-only)
VERIFY-MINOR condemned-but-reachable source=conservative_only kind=object class=9 payload=none
VERIFY-MINOR condemned-but-reachable source=conservative_only kind=var_ref
VERIFY-MINOR condemned-but-reachable source=conservative_only kind=var_ref
VERIFY-MINOR 3 of 16736 condemned objects are reachable by a full trace (0 precise, 3 conservative-only)
VERIFY-MINOR condemned-but-reachable source=conservative_only kind=object class=9 payload=none
VERIFY-MINOR condemned-but-reachable source=conservative_only kind=var_ref
VERIFY-MINOR condemned-but-reachable source=conservative_only kind=var_ref
VERIFY-MINOR 3 of 16887 condemned objects are reachable by a full trace (0 precise, 3 conservative-only)
VERIFY-MINOR condemned-but-reachable source=conservative_only kind=object class=9 payload=none
VERIFY-MINOR condemned-but-reachable source=conservative_only kind=var_ref
VERIFY-MINOR condemned-but-reachable source=conservative_only kind=var_ref
VERIFY-MINOR condemned-but-reachable source=conservative_only kind=var_ref
VERIFY-MINOR 4 of 16752 condemned objects are reachable by a full trace (0 precise, 4 conservative-only)
VERIFY-MINOR condemned-but-reachable source=conservative_only kind=object class=9 payload=none
VERIFY-MINOR condemned-but-reachable source=conservative_only kind=var_ref
VERIFY-MINOR condemned-but-reachable source=conservative_only kind=var_ref
VERIFY-MINOR 3 of 16824 condemned objects are reachable by a full trace (0 precise, 3 conservative-only)
VERIFY-MINOR condemned-but-reachable source=conservative_only kind=object class=9 payload=none
VERIFY-MINOR condemned-but-reachable source=conservative_only kind=var_ref
VERIFY-MINOR condemned-but-reachable source=conservative_only kind=var_ref
VERIFY-MINOR 3 of 16691 condemned objects are reachable by a full trace (0 precise, 3 conservative-only)
VERIFY-MINOR condemned-but-reachable source=conservative_only kind=object class=9 payload=none
VERIFY-MINOR condemned-but-reachable source=conservative_only kind=object class=9 payload=none
VERIFY-MINOR condemned-but-reachable source=conservative_only kind=var_ref
VERIFY-MINOR condemned-but-reachable source=conservative_only kind=var_ref
VERIFY-MINOR condemned-but-reachable source=conservative_only kind=var_ref
VERIFY-MINOR condemned-but-reachable source=conservative_only kind=var_ref
VERIFY-MINOR 6 of 16771 condemned objects are reachable by a full trace (0 precise, 6 conservative-only)
VERIFY-MINOR condemned-but-reachable source=conservative_only kind=object class=9 payload=none
VERIFY-MINOR condemned-but-reachable source=conservative_only kind=var_ref
VERIFY-MINOR condemned-but-reachable source=conservative_only kind=var_ref
VERIFY-MINOR condemned-but-reachable source=conservative_only kind=var_ref
VERIFY-MINOR 4 of 16851 condemned objects are reachable by a full trace (0 precise, 4 conservative-only)
VERIFY-MINOR condemned-but-reachable source=conservative_only kind=object class=9 payload=none
VERIFY-MINOR condemned-but-reachable source=conservative_only kind=var_ref
VERIFY-MINOR condemned-but-reachable source=conservative_only kind=var_ref
VERIFY-MINOR condemned-but-reachable source=conservative_only kind=var_ref
VERIFY-MINOR 4 of 16747 condemned objects are reachable by a full trace (0 precise, 4 conservative-only)
VERIFY-MINOR condemned-but-reachable source=conservative_only kind=object class=9 payload=none
VERIFY-MINOR condemned-but-reachable source=conservative_only kind=object class=9 payload=none
VERIFY-MINOR condemned-but-reachable source=conservative_only kind=var_ref
VERIFY-MINOR condemned-but-reachable source=conservative_only kind=var_ref
VERIFY-MINOR condemned-but-reachable source=conservative_only kind=var_ref
VERIFY-MINOR condemned-but-reachable source=conservative_only kind=var_ref
VERIFY-MINOR 6 of 16782 condemned objects are reachable by a full trace (0 precise, 6 conservative-only)
VERIFY-MINOR condemned-but-reachable source=conservative_only kind=object class=9 payload=none
VERIFY-MINOR condemned-but-reachable source=conservative_only kind=var_ref
VERIFY-MINOR condemned-but-reachable source=conservative_only kind=var_ref
VERIFY-MINOR 3 of 16751 condemned objects are reachable by a full trace (0 precise, 3 conservative-only)
VERIFY-MINOR condemned-but-reachable source=conservative_only kind=object class=9 payload=none
VERIFY-MINOR condemned-but-reachable source=conservative_only kind=var_ref
VERIFY-MINOR condemned-but-reachable source=conservative_only kind=var_ref
VERIFY-MINOR 3 of 16835 condemned objects are reachable by a full trace (0 precise, 3 conservative-only)
VERIFY-MINOR condemned-but-reachable source=conservative_only kind=object class=9 payload=none
VERIFY-MINOR condemned-but-reachable source=conservative_only kind=var_ref
VERIFY-MINOR condemned-but-reachable source=conservative_only kind=var_ref
VERIFY-MINOR 3 of 16699 condemned objects are reachable by a full trace (0 precise, 3 conservative-only)
VERIFY-MINOR condemned-but-reachable source=conservative_only kind=object class=9 payload=none
VERIFY-MINOR condemned-but-reachable source=conservative_only kind=var_ref
VERIFY-MINOR condemned-but-reachable source=conservative_only kind=var_ref
VERIFY-MINOR 3 of 16765 condemned objects are reachable by a full trace (0 precise, 3 conservative-only)
VERIFY-MINOR condemned-but-reachable source=conservative_only kind=object class=9 payload=none
VERIFY-MINOR condemned-but-reachable source=conservative_only kind=var_ref
VERIFY-MINOR condemned-but-reachable source=conservative_only kind=var_ref
VERIFY-MINOR 3 of 16727 condemned objects are reachable by a full trace (0 precise, 3 conservative-only)
VERIFY-MINOR condemned-but-reachable source=conservative_only kind=object class=9 payload=none
VERIFY-MINOR condemned-but-reachable source=conservative_only kind=var_ref
VERIFY-MINOR condemned-but-reachable source=conservative_only kind=var_ref
VERIFY-MINOR condemned-but-reachable source=conservative_only kind=var_ref
VERIFY-MINOR 4 of 16893 condemned objects are reachable by a full trace (0 precise, 4 conservative-only)
VERIFY-MINOR condemned-but-reachable source=conservative_only kind=object class=9 payload=none
VERIFY-MINOR condemned-but-reachable source=conservative_only kind=var_ref
VERIFY-MINOR condemned-but-reachable source=conservative_only kind=var_ref
VERIFY-MINOR 3 of 16756 condemned objects are reachable by a full trace (0 precise, 3 conservative-only)
VERIFY-MINOR condemned-but-reachable source=conservative_only kind=object class=9 payload=none
VERIFY-MINOR condemned-but-reachable source=conservative_only kind=var_ref
VERIFY-MINOR condemned-but-reachable source=conservative_only kind=var_ref
VERIFY-MINOR 3 of 16774 condemned objects are reachable by a full trace (0 precise, 3 conservative-only)
VERIFY-MINOR condemned-but-reachable source=conservative_only kind=object class=1 payload=none
VERIFY-MINOR condemned-but-reachable source=conservative_only kind=object class=1 payload=none
VERIFY-MINOR condemned-but-reachable source=conservative_only kind=object class=9 payload=none
VERIFY-MINOR condemned-but-reachable source=conservative_only kind=var_ref
VERIFY-MINOR condemned-but-reachable source=conservative_only kind=var_ref
VERIFY-MINOR 5 of 16888 condemned objects are reachable by a full trace (0 precise, 5 conservative-only)
VERIFY-MINOR condemned-but-reachable source=conservative_only kind=object class=9 payload=none
VERIFY-MINOR condemned-but-reachable source=conservative_only kind=var_ref
VERIFY-MINOR condemned-but-reachable source=conservative_only kind=var_ref
VERIFY-MINOR 3 of 16824 condemned objects are reachable by a full trace (0 precise, 3 conservative-only)
VERIFY-MINOR condemned-but-reachable source=conservative_only kind=object class=9 payload=none
VERIFY-MINOR condemned-but-reachable source=conservative_only kind=var_ref
VERIFY-MINOR condemned-but-reachable source=conservative_only kind=var_ref
VERIFY-MINOR condemned-but-reachable source=conservative_only kind=var_ref
VERIFY-MINOR 4 of 16830 condemned objects are reachable by a full trace (0 precise, 4 conservative-only)
VERIFY-MINOR condemned-but-reachable source=conservative_only kind=object class=9 payload=none
VERIFY-MINOR condemned-but-reachable source=conservative_only kind=var_ref
VERIFY-MINOR condemned-but-reachable source=conservative_only kind=var_ref
VERIFY-MINOR 3 of 16702 condemned objects are reachable by a full trace (0 precise, 3 conservative-only)
VERIFY-MINOR condemned-but-reachable source=conservative_only kind=object class=9 payload=none
VERIFY-MINOR condemned-but-reachable source=conservative_only kind=object class=9 payload=none
VERIFY-MINOR condemned-but-reachable source=conservative_only kind=object class=1 payload=none
VERIFY-MINOR condemned-but-reachable source=conservative_only kind=var_ref
VERIFY-MINOR condemned-but-reachable source=conservative_only kind=var_ref
VERIFY-MINOR condemned-but-reachable source=conservative_only kind=var_ref
VERIFY-MINOR condemned-but-reachable source=conservative_only kind=var_ref
VERIFY-MINOR 7 of 16767 condemned objects are reachable by a full trace (0 precise, 7 conservative-only)
VERIFY-MINOR condemned-but-reachable source=conservative_only kind=object class=9 payload=none
VERIFY-MINOR condemned-but-reachable source=conservative_only kind=object class=1 payload=none
VERIFY-MINOR condemned-but-reachable source=conservative_only kind=var_ref
VERIFY-MINOR condemned-but-reachable source=conservative_only kind=var_ref
VERIFY-MINOR 4 of 16743 condemned objects are reachable by a full trace (0 precise, 4 conservative-only)
VERIFY-MINOR condemned-but-reachable source=conservative_only kind=object class=9 payload=none
VERIFY-MINOR condemned-but-reachable source=conservative_only kind=var_ref
VERIFY-MINOR condemned-but-reachable source=conservative_only kind=var_ref
VERIFY-MINOR 3 of 16801 condemned objects are reachable by a full trace (0 precise, 3 conservative-only)
VERIFY-MINOR condemned-but-reachable source=conservative_only kind=object class=9 payload=none
VERIFY-MINOR condemned-but-reachable source=conservative_only kind=var_ref
VERIFY-MINOR condemned-but-reachable source=conservative_only kind=var_ref
VERIFY-MINOR 3 of 16717 condemned objects are reachable by a full trace (0 precise, 3 conservative-only)
VERIFY-MINOR condemned-but-reachable source=conservative_only kind=object class=9 payload=none
VERIFY-MINOR condemned-but-reachable source=conservative_only kind=var_ref
VERIFY-MINOR condemned-but-reachable source=conservative_only kind=var_ref
VERIFY-MINOR 3 of 16806 condemned objects are reachable by a full trace (0 precise, 3 conservative-only)
VERIFY-MINOR condemned-but-reachable source=conservative_only kind=object class=9 payload=none
VERIFY-MINOR condemned-but-reachable source=conservative_only kind=var_ref
VERIFY-MINOR condemned-but-reachable source=conservative_only kind=var_ref
VERIFY-MINOR condemned-but-reachable source=conservative_only kind=var_ref
VERIFY-MINOR 4 of 16737 condemned objects are reachable by a full trace (0 precise, 4 conservative-only)
VERIFY-MINOR condemned-but-reachable source=conservative_only kind=object class=1 payload=none
VERIFY-MINOR 1 of 16814 condemned objects are reachable by a full trace (0 precise, 1 conservative-only)
VERIFY-MINOR condemned-but-reachable source=conservative_only kind=object class=9 payload=none
VERIFY-MINOR condemned-but-reachable source=conservative_only kind=var_ref
VERIFY-MINOR condemned-but-reachable source=conservative_only kind=var_ref
VERIFY-MINOR 3 of 16781 condemned objects are reachable by a full trace (0 precise, 3 conservative-only)
VERIFY-MINOR condemned-but-reachable source=conservative_only kind=object class=9 payload=none
VERIFY-MINOR condemned-but-reachable source=conservative_only kind=var_ref
VERIFY-MINOR condemned-but-reachable source=conservative_only kind=var_ref
VERIFY-MINOR 3 of 16851 condemned objects are reachable by a full trace (0 precise, 3 conservative-only)
VERIFY-MINOR condemned-but-reachable source=conservative_only kind=object class=9 payload=none
VERIFY-MINOR condemned-but-reachable source=conservative_only kind=var_ref
VERIFY-MINOR 2 of 16828 condemned objects are reachable by a full trace (0 precise, 2 conservative-only)
VERIFY-MINOR condemned-but-reachable source=conservative_only kind=object class=9 payload=none
VERIFY-MINOR condemned-but-reachable source=conservative_only kind=var_ref
VERIFY-MINOR condemned-but-reachable source=conservative_only kind=var_ref
VERIFY-MINOR 3 of 16767 condemned objects are reachable by a full trace (0 precise, 3 conservative-only)
VERIFY-MINOR condemned-but-reachable source=conservative_only kind=object class=9 payload=none
VERIFY-MINOR condemned-but-reachable source=conservative_only kind=var_ref
VERIFY-MINOR condemned-but-reachable source=conservative_only kind=var_ref
VERIFY-MINOR 3 of 16752 condemned objects are reachable by a full trace (0 precise, 3 conservative-only)
VERIFY-MINOR condemned-but-reachable source=conservative_only kind=object class=9 payload=none
VERIFY-MINOR condemned-but-reachable source=conservative_only kind=var_ref
VERIFY-MINOR condemned-but-reachable source=conservative_only kind=var_ref
VERIFY-MINOR 3 of 16883 condemned objects are reachable by a full trace (0 precise, 3 conservative-only)
VERIFY-MINOR condemned-but-reachable source=conservative_only kind=object class=9 payload=none
VERIFY-MINOR condemned-but-reachable source=conservative_only kind=var_ref
VERIFY-MINOR 2 of 16838 condemned objects are reachable by a full trace (0 precise, 2 conservative-only)
VERIFY-MINOR condemned-but-reachable source=conservative_only kind=object class=9 payload=none
VERIFY-MINOR condemned-but-reachable source=conservative_only kind=var_ref
VERIFY-MINOR condemned-but-reachable source=conservative_only kind=var_ref
VERIFY-MINOR condemned-but-reachable source=conservative_only kind=var_ref
VERIFY-MINOR 4 of 16691 condemned objects are reachable by a full trace (0 precise, 4 conservative-only)
VERIFY-MINOR condemned-but-reachable source=conservative_only kind=object class=9 payload=none
VERIFY-MINOR condemned-but-reachable source=conservative_only kind=var_ref
VERIFY-MINOR condemned-but-reachable source=conservative_only kind=var_ref
VERIFY-MINOR 3 of 16860 condemned objects are reachable by a full trace (0 precise, 3 conservative-only)
VERIFY-MINOR condemned-but-reachable source=conservative_only kind=object class=9 payload=none
VERIFY-MINOR condemned-but-reachable source=conservative_only kind=var_ref
VERIFY-MINOR condemned-but-reachable source=conservative_only kind=var_ref
VERIFY-MINOR 3 of 16875 condemned objects are reachable by a full trace (0 precise, 3 conservative-only)
VERIFY-MINOR condemned-but-reachable source=conservative_only kind=object class=9 payload=none
VERIFY-MINOR condemned-but-reachable source=conservative_only kind=var_ref
VERIFY-MINOR condemned-but-reachable source=conservative_only kind=var_ref
VERIFY-MINOR 3 of 16772 condemned objects are reachable by a full trace (0 precise, 3 conservative-only)
VERIFY-MINOR condemned-but-reachable source=conservative_only kind=object class=9 payload=none
VERIFY-MINOR condemned-but-reachable source=conservative_only kind=var_ref
VERIFY-MINOR condemned-but-reachable source=conservative_only kind=var_ref
VERIFY-MINOR condemned-but-reachable source=conservative_only kind=var_ref
VERIFY-MINOR 4 of 16749 condemned objects are reachable by a full trace (0 precise, 4 conservative-only)
VERIFY-MINOR condemned-but-reachable source=conservative_only kind=object class=9 payload=none
VERIFY-MINOR condemned-but-reachable source=conservative_only kind=var_ref
VERIFY-MINOR condemned-but-reachable source=conservative_only kind=var_ref
VERIFY-MINOR 3 of 16760 condemned objects are reachable by a full trace (0 precise, 3 conservative-only)
VERIFY-MINOR condemned-but-reachable source=conservative_only kind=object class=9 payload=none
VERIFY-MINOR condemned-but-reachable source=conservative_only kind=var_ref
VERIFY-MINOR condemned-but-reachable source=conservative_only kind=var_ref
VERIFY-MINOR 3 of 16704 condemned objects are reachable by a full trace (0 precise, 3 conservative-only)
VERIFY-MINOR condemned-but-reachable source=conservative_only kind=object class=9 payload=none
VERIFY-MINOR condemned-but-reachable source=conservative_only kind=var_ref
VERIFY-MINOR condemned-but-reachable source=conservative_only kind=var_ref
VERIFY-MINOR 3 of 16867 condemned objects are reachable by a full trace (0 precise, 3 conservative-only)
VERIFY-MINOR condemned-but-reachable source=conservative_only kind=object class=9 payload=none
VERIFY-MINOR condemned-but-reachable source=conservative_only kind=object class=1 payload=none
VERIFY-MINOR condemned-but-reachable source=conservative_only kind=object class=1 payload=none
VERIFY-MINOR condemned-but-reachable source=conservative_only kind=var_ref
VERIFY-MINOR condemned-but-reachable source=conservative_only kind=var_ref
VERIFY-MINOR 5 of 16759 condemned objects are reachable by a full trace (0 precise, 5 conservative-only)
VERIFY-MINOR condemned-but-reachable source=conservative_only kind=object class=9 payload=none
VERIFY-MINOR 1 of 16854 condemned objects are reachable by a full trace (0 precise, 1 conservative-only)
VERIFY-MINOR condemned-but-reachable source=conservative_only kind=object class=9 payload=none
VERIFY-MINOR condemned-but-reachable source=conservative_only kind=var_ref
VERIFY-MINOR condemned-but-reachable source=conservative_only kind=var_ref
VERIFY-MINOR condemned-but-reachable source=conservative_only kind=var_ref
VERIFY-MINOR 4 of 16897 condemned objects are reachable by a full trace (0 precise, 4 conservative-only)
VERIFY-MINOR condemned-but-reachable source=conservative_only kind=object class=9 payload=none
VERIFY-MINOR condemned-but-reachable source=conservative_only kind=var_ref
VERIFY-MINOR condemned-but-reachable source=conservative_only kind=var_ref
VERIFY-MINOR 3 of 16850 condemned objects are reachable by a full trace (0 precise, 3 conservative-only)
VERIFY-MINOR condemned-but-reachable source=conservative_only kind=object class=9 payload=none
VERIFY-MINOR condemned-but-reachable source=conservative_only kind=var_ref
VERIFY-MINOR condemned-but-reachable source=conservative_only kind=var_ref
VERIFY-MINOR 3 of 16756 condemned objects are reachable by a full trace (0 precise, 3 conservative-only)
VERIFY-MINOR condemned-but-reachable source=conservative_only kind=object class=9 payload=none
VERIFY-MINOR condemned-but-reachable source=conservative_only kind=object class=1 payload=none
VERIFY-MINOR condemned-but-reachable source=conservative_only kind=var_ref
VERIFY-MINOR condemned-but-reachable source=conservative_only kind=var_ref
VERIFY-MINOR 4 of 16757 condemned objects are reachable by a full trace (0 precise, 4 conservative-only)
VERIFY-MINOR condemned-but-reachable source=conservative_only kind=object class=9 payload=none
VERIFY-MINOR condemned-but-reachable source=conservative_only kind=var_ref
VERIFY-MINOR condemned-but-reachable source=conservative_only kind=var_ref
VERIFY-MINOR condemned-but-reachable source=conservative_only kind=var_ref
VERIFY-MINOR 4 of 16745 condemned objects are reachable by a full trace (0 precise, 4 conservative-only)
VERIFY-MINOR condemned-but-reachable source=conservative_only kind=object class=9 payload=none
VERIFY-MINOR condemned-but-reachable source=conservative_only kind=var_ref
VERIFY-MINOR condemned-but-reachable source=conservative_only kind=var_ref
VERIFY-MINOR 3 of 16732 condemned objects are reachable by a full trace (0 precise, 3 conservative-only)
VERIFY-MINOR condemned-but-reachable source=conservative_only kind=object class=9 payload=none
VERIFY-MINOR condemned-but-reachable source=conservative_only kind=var_ref
VERIFY-MINOR condemned-but-reachable source=conservative_only kind=var_ref
VERIFY-MINOR 3 of 16869 condemned objects are reachable by a full trace (0 precise, 3 conservative-only)
VERIFY-MINOR condemned-but-reachable source=conservative_only kind=object class=9 payload=none
VERIFY-MINOR condemned-but-reachable source=conservative_only kind=var_ref
VERIFY-MINOR condemned-but-reachable source=conservative_only kind=var_ref
VERIFY-MINOR 3 of 16757 condemned objects are reachable by a full trace (0 precise, 3 conservative-only)
VERIFY-MINOR condemned-but-reachable source=conservative_only kind=object class=9 payload=none
VERIFY-MINOR condemned-but-reachable source=conservative_only kind=var_ref
VERIFY-MINOR condemned-but-reachable source=conservative_only kind=var_ref
VERIFY-MINOR 3 of 16739 condemned objects are reachable by a full trace (0 precise, 3 conservative-only)
VERIFY-MINOR condemned-but-reachable source=conservative_only kind=object class=9 payload=none
VERIFY-MINOR condemned-but-reachable source=conservative_only kind=var_ref
VERIFY-MINOR condemned-but-reachable source=conservative_only kind=var_ref
VERIFY-MINOR 3 of 16875 condemned objects are reachable by a full trace (0 precise, 3 conservative-only)
VERIFY-MINOR condemned-but-reachable source=conservative_only kind=object class=9 payload=none
VERIFY-MINOR condemned-but-reachable source=conservative_only kind=var_ref
VERIFY-MINOR 2 of 16767 condemned objects are reachable by a full trace (0 precise, 2 conservative-only)
VERIFY-MINOR condemned-but-reachable source=conservative_only kind=object class=9 payload=none
VERIFY-MINOR condemned-but-reachable source=conservative_only kind=var_ref
VERIFY-MINOR condemned-but-reachable source=conservative_only kind=var_ref
VERIFY-MINOR condemned-but-reachable source=conservative_only kind=var_ref
VERIFY-MINOR 4 of 16757 condemned objects are reachable by a full trace (0 precise, 4 conservative-only)
VERIFY-MINOR condemned-but-reachable source=conservative_only kind=object class=9 payload=none
VERIFY-MINOR condemned-but-reachable source=conservative_only kind=var_ref
VERIFY-MINOR condemned-but-reachable source=conservative_only kind=var_ref
VERIFY-MINOR 3 of 16882 condemned objects are reachable by a full trace (0 precise, 3 conservative-only)
VERIFY-MINOR condemned-but-reachable source=conservative_only kind=object class=9 payload=none
VERIFY-MINOR condemned-but-reachable source=conservative_only kind=var_ref
VERIFY-MINOR condemned-but-reachable source=conservative_only kind=var_ref
VERIFY-MINOR condemned-but-reachable source=conservative_only kind=var_ref
VERIFY-MINOR 4 of 16778 condemned objects are reachable by a full trace (0 precise, 4 conservative-only)
VERIFY-MINOR condemned-but-reachable source=conservative_only kind=object class=9 payload=none
VERIFY-MINOR condemned-but-reachable source=conservative_only kind=var_ref
VERIFY-MINOR condemned-but-reachable source=conservative_only kind=var_ref
VERIFY-MINOR 3 of 16876 condemned objects are reachable by a full trace (0 precise, 3 conservative-only)
VERIFY-MINOR condemned-but-reachable source=conservative_only kind=object class=9 payload=none
VERIFY-MINOR condemned-but-reachable source=conservative_only kind=var_ref
VERIFY-MINOR condemned-but-reachable source=conservative_only kind=var_ref
VERIFY-MINOR condemned-but-reachable source=conservative_only kind=var_ref
VERIFY-MINOR 4 of 16714 condemned objects are reachable by a full trace (0 precise, 4 conservative-only)
VERIFY-MINOR condemned-but-reachable source=conservative_only kind=object class=9 payload=none
VERIFY-MINOR condemned-but-reachable source=conservative_only kind=var_ref
VERIFY-MINOR condemned-but-reachable source=conservative_only kind=var_ref
VERIFY-MINOR condemned-but-reachable source=conservative_only kind=var_ref
VERIFY-MINOR 4 of 16748 condemned objects are reachable by a full trace (0 precise, 4 conservative-only)
VERIFY-MINOR condemned-but-reachable source=conservative_only kind=object class=1 payload=none
VERIFY-MINOR 1 of 16829 condemned objects are reachable by a full trace (0 precise, 1 conservative-only)
VERIFY-MINOR condemned-but-reachable source=conservative_only kind=object class=1 payload=none
VERIFY-MINOR condemned-but-reachable source=conservative_only kind=object class=1 payload=none
VERIFY-MINOR condemned-but-reachable source=conservative_only kind=object class=9 payload=none
VERIFY-MINOR condemned-but-reachable source=conservative_only kind=var_ref
VERIFY-MINOR condemned-but-reachable source=conservative_only kind=var_ref
VERIFY-MINOR 5 of 16861 condemned objects are reachable by a full trace (0 precise, 5 conservative-only)
VERIFY-MINOR condemned-but-reachable source=conservative_only kind=object class=9 payload=none
VERIFY-MINOR condemned-but-reachable source=conservative_only kind=var_ref
VERIFY-MINOR condemned-but-reachable source=conservative_only kind=var_ref
VERIFY-MINOR 3 of 16750 condemned objects are reachable by a full trace (0 precise, 3 conservative-only)
VERIFY-MINOR condemned-but-reachable source=conservative_only kind=object class=1 payload=none
VERIFY-MINOR condemned-but-reachable source=conservative_only kind=object class=9 payload=none
VERIFY-MINOR condemned-but-reachable source=conservative_only kind=var_ref
VERIFY-MINOR condemned-but-reachable source=conservative_only kind=var_ref
VERIFY-MINOR 4 of 16885 condemned objects are reachable by a full trace (0 precise, 4 conservative-only)
VERIFY-MINOR condemned-but-reachable source=conservative_only kind=object class=9 payload=none
VERIFY-MINOR condemned-but-reachable source=conservative_only kind=var_ref
VERIFY-MINOR condemned-but-reachable source=conservative_only kind=var_ref
VERIFY-MINOR 3 of 16828 condemned objects are reachable by a full trace (0 precise, 3 conservative-only)
VERIFY-MINOR condemned-but-reachable source=conservative_only kind=object class=9 payload=none
VERIFY-MINOR condemned-but-reachable source=conservative_only kind=var_ref
VERIFY-MINOR condemned-but-reachable source=conservative_only kind=var_ref
VERIFY-MINOR 3 of 16876 condemned objects are reachable by a full trace (0 precise, 3 conservative-only)
VERIFY-MINOR condemned-but-reachable source=conservative_only kind=object class=9 payload=none
VERIFY-MINOR condemned-but-reachable source=conservative_only kind=var_ref
VERIFY-MINOR condemned-but-reachable source=conservative_only kind=var_ref
VERIFY-MINOR 3 of 16732 condemned objects are reachable by a full trace (0 precise, 3 conservative-only)
VERIFY-MINOR condemned-but-reachable source=conservative_only kind=object class=9 payload=none
VERIFY-MINOR condemned-but-reachable source=conservative_only kind=var_ref
VERIFY-MINOR condemned-but-reachable source=conservative_only kind=var_ref
VERIFY-MINOR condemned-but-reachable source=conservative_only kind=var_ref
VERIFY-MINOR 4 of 16732 condemned objects are reachable by a full trace (0 precise, 4 conservative-only)
VERIFY-MINOR condemned-but-reachable source=conservative_only kind=object class=9 payload=none
VERIFY-MINOR condemned-but-reachable source=conservative_only kind=var_ref
VERIFY-MINOR condemned-but-reachable source=conservative_only kind=var_ref
VERIFY-MINOR condemned-but-reachable source=conservative_only kind=var_ref
VERIFY-MINOR 4 of 16897 condemned objects are reachable by a full trace (0 precise, 4 conservative-only)
VERIFY-MINOR condemned-but-reachable source=conservative_only kind=object class=9 payload=none
VERIFY-MINOR condemned-but-reachable source=conservative_only kind=var_ref
VERIFY-MINOR condemned-but-reachable source=conservative_only kind=var_ref
VERIFY-MINOR 3 of 16768 condemned objects are reachable by a full trace (0 precise, 3 conservative-only)
VERIFY-MINOR condemned-but-reachable source=conservative_only kind=object class=9 payload=none
VERIFY-MINOR condemned-but-reachable source=conservative_only kind=var_ref
VERIFY-MINOR condemned-but-reachable source=conservative_only kind=var_ref
VERIFY-MINOR 3 of 16741 condemned objects are reachable by a full trace (0 precise, 3 conservative-only)
VERIFY-MINOR condemned-but-reachable source=conservative_only kind=object class=9 payload=none
VERIFY-MINOR condemned-but-reachable source=conservative_only kind=var_ref
VERIFY-MINOR 2 of 16783 condemned objects are reachable by a full trace (0 precise, 2 conservative-only)
VERIFY-MINOR condemned-but-reachable source=conservative_only kind=object class=9 payload=none
VERIFY-MINOR condemned-but-reachable source=conservative_only kind=var_ref
VERIFY-MINOR condemned-but-reachable source=conservative_only kind=var_ref
VERIFY-MINOR 3 of 16839 condemned objects are reachable by a full trace (0 precise, 3 conservative-only)
VERIFY-MINOR condemned-but-reachable source=conservative_only kind=object class=9 payload=none
VERIFY-MINOR condemned-but-reachable source=conservative_only kind=var_ref
VERIFY-MINOR condemned-but-reachable source=conservative_only kind=var_ref
VERIFY-MINOR condemned-but-reachable source=conservative_only kind=var_ref
VERIFY-MINOR 4 of 16819 condemned objects are reachable by a full trace (0 precise, 4 conservative-only)
VERIFY-MINOR condemned-but-reachable source=conservative_only kind=object class=9 payload=none
VERIFY-MINOR condemned-but-reachable source=conservative_only kind=var_ref
VERIFY-MINOR condemned-but-reachable source=conservative_only kind=var_ref
VERIFY-MINOR condemned-but-reachable source=conservative_only kind=var_ref
VERIFY-MINOR 4 of 16747 condemned objects are reachable by a full trace (0 precise, 4 conservative-only)
VERIFY-MINOR condemned-but-reachable source=conservative_only kind=object class=9 payload=none
VERIFY-MINOR condemned-but-reachable source=conservative_only kind=object class=9 payload=none
VERIFY-MINOR condemned-but-reachable source=conservative_only kind=object class=1 payload=none
VERIFY-MINOR condemned-but-reachable source=conservative_only kind=var_ref
VERIFY-MINOR condemned-but-reachable source=conservative_only kind=var_ref
VERIFY-MINOR condemned-but-reachable source=conservative_only kind=var_ref
VERIFY-MINOR condemned-but-reachable source=conservative_only kind=var_ref
VERIFY-MINOR condemned-but-reachable source=conservative_only kind=var_ref
VERIFY-MINOR 8 of 16729 condemned objects are reachable by a full trace (0 precise, 8 conservative-only)
VERIFY-MINOR condemned-but-reachable source=conservative_only kind=object class=9 payload=none
VERIFY-MINOR condemned-but-reachable source=conservative_only kind=var_ref
VERIFY-MINOR condemned-but-reachable source=conservative_only kind=var_ref
VERIFY-MINOR condemned-but-reachable source=conservative_only kind=var_ref
VERIFY-MINOR 4 of 16894 condemned objects are reachable by a full trace (0 precise, 4 conservative-only)
VERIFY-MINOR condemned-but-reachable source=conservative_only kind=object class=9 payload=none
VERIFY-MINOR condemned-but-reachable source=conservative_only kind=var_ref
VERIFY-MINOR condemned-but-reachable source=conservative_only kind=var_ref
VERIFY-MINOR 3 of 16883 condemned objects are reachable by a full trace (0 precise, 3 conservative-only)
VERIFY-MINOR condemned-but-reachable source=conservative_only kind=object class=9 payload=none
VERIFY-MINOR condemned-but-reachable source=conservative_only kind=var_ref
VERIFY-MINOR condemned-but-reachable source=conservative_only kind=var_ref
VERIFY-MINOR 3 of 16766 condemned objects are reachable by a full trace (0 precise, 3 conservative-only)
VERIFY-MINOR condemned-but-reachable source=conservative_only kind=object class=9 payload=none
VERIFY-MINOR condemned-but-reachable source=conservative_only kind=var_ref
VERIFY-MINOR 2 of 16761 condemned objects are reachable by a full trace (0 precise, 2 conservative-only)
VERIFY-MINOR condemned-but-reachable source=conservative_only kind=object class=9 payload=none
VERIFY-MINOR condemned-but-reachable source=conservative_only kind=var_ref
VERIFY-MINOR condemned-but-reachable source=conservative_only kind=var_ref
VERIFY-MINOR 3 of 16735 condemned objects are reachable by a full trace (0 precise, 3 conservative-only)
VERIFY-MINOR condemned-but-reachable source=conservative_only kind=object class=9 payload=none
VERIFY-MINOR condemned-but-reachable source=conservative_only kind=var_ref
VERIFY-MINOR condemned-but-reachable source=conservative_only kind=var_ref
VERIFY-MINOR condemned-but-reachable source=conservative_only kind=var_ref
VERIFY-MINOR 4 of 16739 condemned objects are reachable by a full trace (0 precise, 4 conservative-only)
VERIFY-MINOR condemned-but-reachable source=conservative_only kind=object class=9 payload=none
VERIFY-MINOR condemned-but-reachable source=conservative_only kind=var_ref
VERIFY-MINOR condemned-but-reachable source=conservative_only kind=var_ref
VERIFY-MINOR 3 of 16763 condemned objects are reachable by a full trace (0 precise, 3 conservative-only)
VERIFY-MINOR condemned-but-reachable source=conservative_only kind=object class=9 payload=none
VERIFY-MINOR condemned-but-reachable source=conservative_only kind=var_ref
VERIFY-MINOR condemned-but-reachable source=conservative_only kind=var_ref
VERIFY-MINOR 3 of 16728 condemned objects are reachable by a full trace (0 precise, 3 conservative-only)
VERIFY-MINOR condemned-but-reachable source=conservative_only kind=object class=9 payload=none
VERIFY-MINOR condemned-but-reachable source=conservative_only kind=var_ref
VERIFY-MINOR 2 of 16888 condemned objects are reachable by a full trace (0 precise, 2 conservative-only)
VERIFY-MINOR condemned-but-reachable source=conservative_only kind=object class=9 payload=none
VERIFY-MINOR condemned-but-reachable source=conservative_only kind=var_ref
VERIFY-MINOR condemned-but-reachable source=conservative_only kind=var_ref
VERIFY-MINOR condemned-but-reachable source=conservative_only kind=var_ref
VERIFY-MINOR 4 of 16749 condemned objects are reachable by a full trace (0 precise, 4 conservative-only)
VERIFY-MINOR condemned-but-reachable source=conservative_only kind=object class=9 payload=none
VERIFY-MINOR condemned-but-reachable source=conservative_only kind=var_ref
VERIFY-MINOR condemned-but-reachable source=conservative_only kind=var_ref
VERIFY-MINOR 3 of 16889 condemned objects are reachable by a full trace (0 precise, 3 conservative-only)
VERIFY-MINOR condemned-but-reachable source=conservative_only kind=object class=9 payload=none
VERIFY-MINOR condemned-but-reachable source=conservative_only kind=var_ref
VERIFY-MINOR condemned-but-reachable source=conservative_only kind=var_ref
VERIFY-MINOR 3 of 16775 condemned objects are reachable by a full trace (0 precise, 3 conservative-only)
VERIFY-MINOR condemned-but-reachable source=conservative_only kind=object class=9 payload=none
VERIFY-MINOR condemned-but-reachable source=conservative_only kind=var_ref
VERIFY-MINOR condemned-but-reachable source=conservative_only kind=var_ref
VERIFY-MINOR 3 of 16755 condemned objects are reachable by a full trace (0 precise, 3 conservative-only)
VERIFY-MINOR condemned-but-reachable source=conservative_only kind=object class=9 payload=none
VERIFY-MINOR condemned-but-reachable source=conservative_only kind=var_ref
VERIFY-MINOR condemned-but-reachable source=conservative_only kind=var_ref
VERIFY-MINOR 3 of 16760 condemned objects are reachable by a full trace (0 precise, 3 conservative-only)
VERIFY-MINOR condemned-but-reachable source=conservative_only kind=object class=9 payload=none
VERIFY-MINOR condemned-but-reachable source=conservative_only kind=var_ref
VERIFY-MINOR condemned-but-reachable source=conservative_only kind=var_ref
VERIFY-MINOR 3 of 16874 condemned objects are reachable by a full trace (0 precise, 3 conservative-only)
VERIFY-MINOR condemned-but-reachable source=conservative_only kind=object class=9 payload=none
VERIFY-MINOR condemned-but-reachable source=conservative_only kind=var_ref
VERIFY-MINOR condemned-but-reachable source=conservative_only kind=var_ref
VERIFY-MINOR 3 of 16790 condemned objects are reachable by a full trace (0 precise, 3 conservative-only)
VERIFY-MINOR condemned-but-reachable source=conservative_only kind=object class=9 payload=none
VERIFY-MINOR condemned-but-reachable source=conservative_only kind=var_ref
VERIFY-MINOR condemned-but-reachable source=conservative_only kind=var_ref
VERIFY-MINOR 3 of 16860 condemned objects are reachable by a full trace (0 precise, 3 conservative-only)
VERIFY-MINOR condemned-but-reachable source=conservative_only kind=object class=9 payload=none
VERIFY-MINOR condemned-but-reachable source=conservative_only kind=var_ref
VERIFY-MINOR condemned-but-reachable source=conservative_only kind=var_ref
VERIFY-MINOR 3 of 16714 condemned objects are reachable by a full trace (0 precise, 3 conservative-only)
VERIFY-MINOR condemned-but-reachable source=conservative_only kind=object class=1 payload=none
VERIFY-MINOR condemned-but-reachable source=conservative_only kind=object class=1 payload=none
VERIFY-MINOR condemned-but-reachable source=conservative_only kind=object class=9 payload=none
VERIFY-MINOR condemned-but-reachable source=conservative_only kind=var_ref
VERIFY-MINOR condemned-but-reachable source=conservative_only kind=var_ref
VERIFY-MINOR 5 of 16770 condemned objects are reachable by a full trace (0 precise, 5 conservative-only)
VERIFY-MINOR condemned-but-reachable source=conservative_only kind=object class=9 payload=none
VERIFY-MINOR condemned-but-reachable source=conservative_only kind=var_ref
VERIFY-MINOR condemned-but-reachable source=conservative_only kind=var_ref
VERIFY-MINOR 3 of 16835 condemned objects are reachable by a full trace (0 precise, 3 conservative-only)
VERIFY-MINOR condemned-but-reachable source=conservative_only kind=object class=9 payload=none
VERIFY-MINOR condemned-but-reachable source=conservative_only kind=var_ref
VERIFY-MINOR condemned-but-reachable source=conservative_only kind=var_ref
VERIFY-MINOR 3 of 16717 condemned objects are reachable by a full trace (0 precise, 3 conservative-only)
VERIFY-MINOR condemned-but-reachable source=conservative_only kind=object class=1 payload=none
VERIFY-MINOR condemned-but-reachable source=conservative_only kind=object class=1 payload=none
VERIFY-MINOR condemned-but-reachable source=conservative_only kind=object class=9 payload=none
VERIFY-MINOR condemned-but-reachable source=conservative_only kind=var_ref
VERIFY-MINOR condemned-but-reachable source=conservative_only kind=var_ref
VERIFY-MINOR 5 of 16874 condemned objects are reachable by a full trace (0 precise, 5 conservative-only)
VERIFY-MINOR condemned-but-reachable source=conservative_only kind=object class=9 payload=none
VERIFY-MINOR condemned-but-reachable source=conservative_only kind=object class=9 payload=none
VERIFY-MINOR condemned-but-reachable source=conservative_only kind=var_ref
VERIFY-MINOR condemned-but-reachable source=conservative_only kind=var_ref
VERIFY-MINOR condemned-but-reachable source=conservative_only kind=var_ref
VERIFY-MINOR condemned-but-reachable source=conservative_only kind=var_ref
VERIFY-MINOR condemned-but-reachable source=conservative_only kind=var_ref
VERIFY-MINOR 7 of 16811 condemned objects are reachable by a full trace (0 precise, 7 conservative-only)
VERIFY-MINOR condemned-but-reachable source=conservative_only kind=object class=9 payload=none
VERIFY-MINOR condemned-but-reachable source=conservative_only kind=var_ref
VERIFY-MINOR condemned-but-reachable source=conservative_only kind=var_ref
VERIFY-MINOR 3 of 16748 condemned objects are reachable by a full trace (0 precise, 3 conservative-only)
VERIFY-MINOR condemned-but-reachable source=conservative_only kind=object class=9 payload=none
VERIFY-MINOR condemned-but-reachable source=conservative_only kind=var_ref
VERIFY-MINOR condemned-but-reachable source=conservative_only kind=var_ref
VERIFY-MINOR 3 of 16774 condemned objects are reachable by a full trace (0 precise, 3 conservative-only)
VERIFY-MINOR condemned-but-reachable source=conservative_only kind=object class=1 payload=none
VERIFY-MINOR condemned-but-reachable source=conservative_only kind=object class=9 payload=none
VERIFY-MINOR condemned-but-reachable source=conservative_only kind=var_ref
VERIFY-MINOR condemned-but-reachable source=conservative_only kind=var_ref
VERIFY-MINOR 4 of 16756 condemned objects are reachable by a full trace (0 precise, 4 conservative-only)
VERIFY-MINOR condemned-but-reachable source=conservative_only kind=object class=9 payload=none
VERIFY-MINOR condemned-but-reachable source=conservative_only kind=var_ref
VERIFY-MINOR condemned-but-reachable source=conservative_only kind=var_ref
VERIFY-MINOR 3 of 16750 condemned objects are reachable by a full trace (0 precise, 3 conservative-only)
VERIFY-MINOR condemned-but-reachable source=conservative_only kind=object class=9 payload=none
VERIFY-MINOR condemned-but-reachable source=conservative_only kind=var_ref
VERIFY-MINOR condemned-but-reachable source=conservative_only kind=var_ref
VERIFY-MINOR condemned-but-reachable source=conservative_only kind=var_ref
VERIFY-MINOR 4 of 16889 condemned objects are reachable by a full trace (0 precise, 4 conservative-only)
VERIFY-MINOR condemned-but-reachable source=conservative_only kind=object class=9 payload=none
VERIFY-MINOR condemned-but-reachable source=conservative_only kind=var_ref
VERIFY-MINOR condemned-but-reachable source=conservative_only kind=var_ref
VERIFY-MINOR 3 of 16819 condemned objects are reachable by a full trace (0 precise, 3 conservative-only)
VERIFY-MINOR condemned-but-reachable source=conservative_only kind=object class=9 payload=none
VERIFY-MINOR condemned-but-reachable source=conservative_only kind=var_ref
VERIFY-MINOR condemned-but-reachable source=conservative_only kind=var_ref
VERIFY-MINOR 3 of 16691 condemned objects are reachable by a full trace (0 precise, 3 conservative-only)
VERIFY-MINOR condemned-but-reachable source=conservative_only kind=object class=9 payload=none
VERIFY-MINOR condemned-but-reachable source=conservative_only kind=object class=9 payload=none
VERIFY-MINOR condemned-but-reachable source=conservative_only kind=var_ref
VERIFY-MINOR condemned-but-reachable source=conservative_only kind=var_ref
VERIFY-MINOR condemned-but-reachable source=conservative_only kind=var_ref
VERIFY-MINOR condemned-but-reachable source=conservative_only kind=var_ref
VERIFY-MINOR 6 of 16749 condemned objects are reachable by a full trace (0 precise, 6 conservative-only)
VERIFY-MINOR condemned-but-reachable source=conservative_only kind=object class=9 payload=none
VERIFY-MINOR condemned-but-reachable source=conservative_only kind=var_ref
VERIFY-MINOR condemned-but-reachable source=conservative_only kind=var_ref
VERIFY-MINOR 3 of 16877 condemned objects are reachable by a full trace (0 precise, 3 conservative-only)
VERIFY-MINOR condemned-but-reachable source=conservative_only kind=object class=9 payload=none
VERIFY-MINOR condemned-but-reachable source=conservative_only kind=var_ref
VERIFY-MINOR condemned-but-reachable source=conservative_only kind=var_ref
VERIFY-MINOR 3 of 16707 condemned objects are reachable by a full trace (0 precise, 3 conservative-only)
VERIFY-MINOR condemned-but-reachable source=conservative_only kind=object class=9 payload=none
VERIFY-MINOR condemned-but-reachable source=conservative_only kind=var_ref
VERIFY-MINOR condemned-but-reachable source=conservative_only kind=var_ref
VERIFY-MINOR 3 of 16774 condemned objects are reachable by a full trace (0 precise, 3 conservative-only)
VERIFY-MINOR condemned-but-reachable source=conservative_only kind=object class=9 payload=none
VERIFY-MINOR condemned-but-reachable source=conservative_only kind=var_ref
VERIFY-MINOR condemned-but-reachable source=conservative_only kind=var_ref
VERIFY-MINOR 3 of 16740 condemned objects are reachable by a full trace (0 precise, 3 conservative-only)
VERIFY-MINOR condemned-but-reachable source=conservative_only kind=object class=9 payload=none
VERIFY-MINOR condemned-but-reachable source=conservative_only kind=var_ref
VERIFY-MINOR condemned-but-reachable source=conservative_only kind=var_ref
VERIFY-MINOR condemned-but-reachable source=conservative_only kind=var_ref
VERIFY-MINOR 4 of 16769 condemned objects are reachable by a full trace (0 precise, 4 conservative-only)
VERIFY-MINOR condemned-but-reachable source=conservative_only kind=object class=9 payload=none
VERIFY-MINOR condemned-but-reachable source=conservative_only kind=var_ref
VERIFY-MINOR condemned-but-reachable source=conservative_only kind=var_ref
VERIFY-MINOR 3 of 16889 condemned objects are reachable by a full trace (0 precise, 3 conservative-only)
VERIFY-MINOR condemned-but-reachable source=conservative_only kind=object class=9 payload=none
VERIFY-MINOR condemned-but-reachable source=conservative_only kind=var_ref
VERIFY-MINOR condemned-but-reachable source=conservative_only kind=var_ref
VERIFY-MINOR 3 of 16737 condemned objects are reachable by a full trace (0 precise, 3 conservative-only)
VERIFY-MINOR condemned-but-reachable source=conservative_only kind=object class=9 payload=none
VERIFY-MINOR condemned-but-reachable source=conservative_only kind=var_ref
VERIFY-MINOR condemned-but-reachable source=conservative_only kind=var_ref
VERIFY-MINOR 3 of 16737 condemned objects are reachable by a full trace (0 precise, 3 conservative-only)
VERIFY-MINOR condemned-but-reachable source=conservative_only kind=object class=9 payload=none
VERIFY-MINOR condemned-but-reachable source=conservative_only kind=var_ref
VERIFY-MINOR condemned-but-reachable source=conservative_only kind=var_ref
VERIFY-MINOR 3 of 16746 condemned objects are reachable by a full trace (0 precise, 3 conservative-only)
VERIFY-MINOR condemned-but-reachable source=conservative_only kind=object class=9 payload=none
VERIFY-MINOR condemned-but-reachable source=conservative_only kind=var_ref
VERIFY-MINOR condemned-but-reachable source=conservative_only kind=var_ref
VERIFY-MINOR condemned-but-reachable source=conservative_only kind=var_ref
VERIFY-MINOR 4 of 16809 condemned objects are reachable by a full trace (0 precise, 4 conservative-only)
VERIFY-MINOR condemned-but-reachable source=conservative_only kind=object class=9 payload=none
VERIFY-MINOR condemned-but-reachable source=conservative_only kind=var_ref
VERIFY-MINOR condemned-but-reachable source=conservative_only kind=var_ref
VERIFY-MINOR 3 of 16783 condemned objects are reachable by a full trace (0 precise, 3 conservative-only)
VERIFY-MINOR condemned-but-reachable source=conservative_only kind=object class=9 payload=none
VERIFY-MINOR condemned-but-reachable source=conservative_only kind=var_ref
VERIFY-MINOR condemned-but-reachable source=conservative_only kind=var_ref
VERIFY-MINOR condemned-but-reachable source=conservative_only kind=var_ref
VERIFY-MINOR 4 of 16805 condemned objects are reachable by a full trace (0 precise, 4 conservative-only)
VERIFY-MINOR condemned-but-reachable source=conservative_only kind=object class=9 payload=none
VERIFY-MINOR condemned-but-reachable source=conservative_only kind=var_ref
VERIFY-MINOR condemned-but-reachable source=conservative_only kind=var_ref
VERIFY-MINOR 3 of 16882 condemned objects are reachable by a full trace (0 precise, 3 conservative-only)
VERIFY-MINOR condemned-but-reachable source=conservative_only kind=object class=9 payload=none
VERIFY-MINOR condemned-but-reachable source=conservative_only kind=var_ref
VERIFY-MINOR condemned-but-reachable source=conservative_only kind=var_ref
VERIFY-MINOR 3 of 16703 condemned objects are reachable by a full trace (0 precise, 3 conservative-only)
VERIFY-MINOR condemned-but-reachable source=conservative_only kind=object class=9 payload=none
VERIFY-MINOR condemned-but-reachable source=conservative_only kind=var_ref
VERIFY-MINOR condemned-but-reachable source=conservative_only kind=var_ref
VERIFY-MINOR condemned-but-reachable source=conservative_only kind=var_ref
VERIFY-MINOR 4 of 16886 condemned objects are reachable by a full trace (0 precise, 4 conservative-only)
VERIFY-MINOR condemned-but-reachable source=conservative_only kind=object class=9 payload=none
VERIFY-MINOR condemned-but-reachable source=conservative_only kind=var_ref
VERIFY-MINOR condemned-but-reachable source=conservative_only kind=var_ref
VERIFY-MINOR 3 of 16764 condemned objects are reachable by a full trace (0 precise, 3 conservative-only)
VERIFY-MINOR condemned-but-reachable source=conservative_only kind=object class=9 payload=none
VERIFY-MINOR condemned-but-reachable source=conservative_only kind=var_ref
VERIFY-MINOR condemned-but-reachable source=conservative_only kind=var_ref
VERIFY-MINOR 3 of 16746 condemned objects are reachable by a full trace (0 precise, 3 conservative-only)
VERIFY-MINOR condemned-but-reachable source=conservative_only kind=object class=9 payload=none
VERIFY-MINOR condemned-but-reachable source=conservative_only kind=var_ref
VERIFY-MINOR condemned-but-reachable source=conservative_only kind=var_ref
VERIFY-MINOR 3 of 16744 condemned objects are reachable by a full trace (0 precise, 3 conservative-only)
VERIFY-MINOR condemned-but-reachable source=conservative_only kind=object class=9 payload=none
VERIFY-MINOR condemned-but-reachable source=conservative_only kind=var_ref
VERIFY-MINOR condemned-but-reachable source=conservative_only kind=var_ref
VERIFY-MINOR 3 of 16805 condemned objects are reachable by a full trace (0 precise, 3 conservative-only)
VERIFY-MINOR condemned-but-reachable source=conservative_only kind=object class=9 payload=none
VERIFY-MINOR condemned-but-reachable source=conservative_only kind=var_ref
VERIFY-MINOR condemned-but-reachable source=conservative_only kind=var_ref
VERIFY-MINOR 3 of 16768 condemned objects are reachable by a full trace (0 precise, 3 conservative-only)
VERIFY-MINOR condemned-but-reachable source=conservative_only kind=object class=9 payload=none
VERIFY-MINOR condemned-but-reachable source=conservative_only kind=var_ref
VERIFY-MINOR condemned-but-reachable source=conservative_only kind=var_ref
VERIFY-MINOR 3 of 16732 condemned objects are reachable by a full trace (0 precise, 3 conservative-only)
VERIFY-MINOR condemned-but-reachable source=conservative_only kind=object class=9 payload=none
VERIFY-MINOR condemned-but-reachable source=conservative_only kind=var_ref
VERIFY-MINOR condemned-but-reachable source=conservative_only kind=var_ref
VERIFY-MINOR 3 of 16891 condemned objects are reachable by a full trace (0 precise, 3 conservative-only)
VERIFY-MINOR condemned-but-reachable source=conservative_only kind=object class=9 payload=none
VERIFY-MINOR condemned-but-reachable source=conservative_only kind=var_ref
VERIFY-MINOR condemned-but-reachable source=conservative_only kind=var_ref
VERIFY-MINOR condemned-but-reachable source=conservative_only kind=var_ref
VERIFY-MINOR 4 of 16898 condemned objects are reachable by a full trace (0 precise, 4 conservative-only)
VERIFY-MINOR condemned-but-reachable source=conservative_only kind=object class=9 payload=none
VERIFY-MINOR condemned-but-reachable source=conservative_only kind=var_ref
VERIFY-MINOR condemned-but-reachable source=conservative_only kind=var_ref
VERIFY-MINOR 3 of 16755 condemned objects are reachable by a full trace (0 precise, 3 conservative-only)
VERIFY-MINOR condemned-but-reachable source=conservative_only kind=object class=1 payload=none
VERIFY-MINOR condemned-but-reachable source=conservative_only kind=object class=9 payload=none
VERIFY-MINOR condemned-but-reachable source=conservative_only kind=var_ref
VERIFY-MINOR condemned-but-reachable source=conservative_only kind=var_ref
VERIFY-MINOR 4 of 16774 condemned objects are reachable by a full trace (0 precise, 4 conservative-only)
VERIFY-MINOR condemned-but-reachable source=conservative_only kind=object class=9 payload=none
VERIFY-MINOR condemned-but-reachable source=conservative_only kind=var_ref
VERIFY-MINOR condemned-but-reachable source=conservative_only kind=var_ref
VERIFY-MINOR 3 of 16697 condemned objects are reachable by a full trace (0 precise, 3 conservative-only)
VERIFY-MINOR condemned-but-reachable source=conservative_only kind=object class=9 payload=none
VERIFY-MINOR condemned-but-reachable source=conservative_only kind=var_ref
VERIFY-MINOR condemned-but-reachable source=conservative_only kind=var_ref
VERIFY-MINOR condemned-but-reachable source=conservative_only kind=var_ref
VERIFY-MINOR 4 of 16837 condemned objects are reachable by a full trace (0 precise, 4 conservative-only)
VERIFY-MINOR condemned-but-reachable source=conservative_only kind=object class=9 payload=none
VERIFY-MINOR condemned-but-reachable source=conservative_only kind=object class=9 payload=none
VERIFY-MINOR condemned-but-reachable source=conservative_only kind=object class=1 payload=none
VERIFY-MINOR condemned-but-reachable source=conservative_only kind=var_ref
VERIFY-MINOR condemned-but-reachable source=conservative_only kind=var_ref
VERIFY-MINOR condemned-but-reachable source=conservative_only kind=var_ref
VERIFY-MINOR condemned-but-reachable source=conservative_only kind=var_ref
VERIFY-MINOR 7 of 16700 condemned objects are reachable by a full trace (0 precise, 7 conservative-only)
VERIFY-MINOR condemned-but-reachable source=conservative_only kind=object class=9 payload=none
VERIFY-MINOR condemned-but-reachable source=conservative_only kind=object class=1 payload=none
VERIFY-MINOR condemned-but-reachable source=conservative_only kind=var_ref
VERIFY-MINOR condemned-but-reachable source=conservative_only kind=var_ref
VERIFY-MINOR 4 of 16797 condemned objects are reachable by a full trace (0 precise, 4 conservative-only)
VERIFY-MINOR condemned-but-reachable source=conservative_only kind=object class=9 payload=none
VERIFY-MINOR condemned-but-reachable source=conservative_only kind=var_ref
VERIFY-MINOR condemned-but-reachable source=conservative_only kind=var_ref
VERIFY-MINOR 3 of 16754 condemned objects are reachable by a full trace (0 precise, 3 conservative-only)
VERIFY-MINOR condemned-but-reachable source=conservative_only kind=object class=9 payload=none
VERIFY-MINOR condemned-but-reachable source=conservative_only kind=var_ref
VERIFY-MINOR condemned-but-reachable source=conservative_only kind=var_ref
VERIFY-MINOR 3 of 16820 condemned objects are reachable by a full trace (0 precise, 3 conservative-only)
VERIFY-MINOR condemned-but-reachable source=conservative_only kind=object class=9 payload=none
VERIFY-MINOR condemned-but-reachable source=conservative_only kind=var_ref
VERIFY-MINOR condemned-but-reachable source=conservative_only kind=var_ref
VERIFY-MINOR 3 of 16759 condemned objects are reachable by a full trace (0 precise, 3 conservative-only)
VERIFY-MINOR condemned-but-reachable source=conservative_only kind=object class=9 payload=none
VERIFY-MINOR condemned-but-reachable source=conservative_only kind=object class=9 payload=none
VERIFY-MINOR condemned-but-reachable source=conservative_only kind=var_ref
VERIFY-MINOR condemned-but-reachable source=conservative_only kind=var_ref
VERIFY-MINOR condemned-but-reachable source=conservative_only kind=var_ref
VERIFY-MINOR condemned-but-reachable source=conservative_only kind=var_ref
VERIFY-MINOR condemned-but-reachable source=conservative_only kind=var_ref
VERIFY-MINOR 7 of 16778 condemned objects are reachable by a full trace (0 precise, 7 conservative-only)
VERIFY-MINOR condemned-but-reachable source=conservative_only kind=object class=9 payload=none
VERIFY-MINOR condemned-but-reachable source=conservative_only kind=var_ref
VERIFY-MINOR condemned-but-reachable source=conservative_only kind=var_ref
VERIFY-MINOR 3 of 16778 condemned objects are reachable by a full trace (0 precise, 3 conservative-only)
VERIFY-MINOR condemned-but-reachable source=conservative_only kind=object class=9 payload=none
VERIFY-MINOR condemned-but-reachable source=conservative_only kind=object class=1 payload=none
VERIFY-MINOR condemned-but-reachable source=conservative_only kind=var_ref
VERIFY-MINOR condemned-but-reachable source=conservative_only kind=var_ref
VERIFY-MINOR condemned-but-reachable source=conservative_only kind=var_ref
VERIFY-MINOR 5 of 16774 condemned objects are reachable by a full trace (0 precise, 5 conservative-only)
VERIFY-MINOR condemned-but-reachable source=conservative_only kind=object class=9 payload=none
VERIFY-MINOR condemned-but-reachable source=conservative_only kind=var_ref
VERIFY-MINOR condemned-but-reachable source=conservative_only kind=var_ref
VERIFY-MINOR 3 of 16761 condemned objects are reachable by a full trace (0 precise, 3 conservative-only)
VERIFY-MINOR condemned-but-reachable source=conservative_only kind=object class=9 payload=none
VERIFY-MINOR condemned-but-reachable source=conservative_only kind=var_ref
VERIFY-MINOR condemned-but-reachable source=conservative_only kind=var_ref
VERIFY-MINOR 3 of 16743 condemned objects are reachable by a full trace (0 precise, 3 conservative-only)
VERIFY-MINOR condemned-but-reachable source=conservative_only kind=object class=9 payload=none
VERIFY-MINOR condemned-but-reachable source=conservative_only kind=var_ref
VERIFY-MINOR condemned-but-reachable source=conservative_only kind=var_ref
VERIFY-MINOR 3 of 16815 condemned objects are reachable by a full trace (0 precise, 3 conservative-only)
VERIFY-MINOR condemned-but-reachable source=conservative_only kind=object class=9 payload=none
VERIFY-MINOR condemned-but-reachable source=conservative_only kind=var_ref
VERIFY-MINOR condemned-but-reachable source=conservative_only kind=var_ref
VERIFY-MINOR 3 of 16699 condemned objects are reachable by a full trace (0 precise, 3 conservative-only)
VERIFY-MINOR condemned-but-reachable source=conservative_only kind=object class=9 payload=none
VERIFY-MINOR condemned-but-reachable source=conservative_only kind=var_ref
VERIFY-MINOR condemned-but-reachable source=conservative_only kind=var_ref
VERIFY-MINOR condemned-but-reachable source=conservative_only kind=var_ref
VERIFY-MINOR 4 of 16879 condemned objects are reachable by a full trace (0 precise, 4 conservative-only)
VERIFY-MINOR condemned-but-reachable source=conservative_only kind=object class=9 payload=none
VERIFY-MINOR condemned-but-reachable source=conservative_only kind=var_ref
VERIFY-MINOR condemned-but-reachable source=conservative_only kind=var_ref
VERIFY-MINOR condemned-but-reachable source=conservative_only kind=var_ref
VERIFY-MINOR 4 of 16828 condemned objects are reachable by a full trace (0 precise, 4 conservative-only)
VERIFY-MINOR condemned-but-reachable source=conservative_only kind=object class=9 payload=none
VERIFY-MINOR condemned-but-reachable source=conservative_only kind=var_ref
VERIFY-MINOR condemned-but-reachable source=conservative_only kind=var_ref
VERIFY-MINOR condemned-but-reachable source=conservative_only kind=var_ref
VERIFY-MINOR 4 of 16737 condemned objects are reachable by a full trace (0 precise, 4 conservative-only)
VERIFY-MINOR condemned-but-reachable source=conservative_only kind=object class=9 payload=none
VERIFY-MINOR condemned-but-reachable source=conservative_only kind=var_ref
VERIFY-MINOR condemned-but-reachable source=conservative_only kind=var_ref
VERIFY-MINOR 3 of 16890 condemned objects are reachable by a full trace (0 precise, 3 conservative-only)
VERIFY-MINOR condemned-but-reachable source=conservative_only kind=object class=1 payload=none
VERIFY-MINOR 1 of 16722 condemned objects are reachable by a full trace (0 precise, 1 conservative-only)
VERIFY-MINOR condemned-but-reachable source=conservative_only kind=object class=9 payload=none
VERIFY-MINOR condemned-but-reachable source=conservative_only kind=var_ref
VERIFY-MINOR condemned-but-reachable source=conservative_only kind=var_ref
VERIFY-MINOR 3 of 16851 condemned objects are reachable by a full trace (0 precise, 3 conservative-only)
VERIFY-MINOR condemned-but-reachable source=conservative_only kind=object class=9 payload=none
VERIFY-MINOR condemned-but-reachable source=conservative_only kind=object class=9 payload=none
VERIFY-MINOR condemned-but-reachable source=conservative_only kind=var_ref
VERIFY-MINOR condemned-but-reachable source=conservative_only kind=var_ref
VERIFY-MINOR condemned-but-reachable source=conservative_only kind=var_ref
VERIFY-MINOR condemned-but-reachable source=conservative_only kind=var_ref
VERIFY-MINOR condemned-but-reachable source=conservative_only kind=var_ref
VERIFY-MINOR 7 of 16805 condemned objects are reachable by a full trace (0 precise, 7 conservative-only)
VERIFY-MINOR condemned-but-reachable source=conservative_only kind=object class=9 payload=none
VERIFY-MINOR condemned-but-reachable source=conservative_only kind=var_ref
VERIFY-MINOR condemned-but-reachable source=conservative_only kind=var_ref
VERIFY-MINOR 3 of 16773 condemned objects are reachable by a full trace (0 precise, 3 conservative-only)
VERIFY-MINOR condemned-but-reachable source=conservative_only kind=object class=9 payload=none
VERIFY-MINOR condemned-but-reachable source=conservative_only kind=var_ref
VERIFY-MINOR condemned-but-reachable source=conservative_only kind=var_ref
VERIFY-MINOR 3 of 16726 condemned objects are reachable by a full trace (0 precise, 3 conservative-only)
VERIFY-MINOR condemned-but-reachable source=conservative_only kind=object class=9 payload=none
VERIFY-MINOR condemned-but-reachable source=conservative_only kind=var_ref
VERIFY-MINOR condemned-but-reachable source=conservative_only kind=var_ref
VERIFY-MINOR 3 of 16723 condemned objects are reachable by a full trace (0 precise, 3 conservative-only)
VERIFY-MINOR condemned-but-reachable source=conservative_only kind=object class=9 payload=none
VERIFY-MINOR condemned-but-reachable source=conservative_only kind=var_ref
VERIFY-MINOR condemned-but-reachable source=conservative_only kind=var_ref
VERIFY-MINOR 3 of 16874 condemned objects are reachable by a full trace (0 precise, 3 conservative-only)
VERIFY-MINOR condemned-but-reachable source=conservative_only kind=object class=9 payload=none
VERIFY-MINOR condemned-but-reachable source=conservative_only kind=var_ref
VERIFY-MINOR condemned-but-reachable source=conservative_only kind=var_ref
VERIFY-MINOR 3 of 16797 condemned objects are reachable by a full trace (0 precise, 3 conservative-only)
VERIFY-MINOR condemned-but-reachable source=conservative_only kind=object class=9 payload=none
VERIFY-MINOR condemned-but-reachable source=conservative_only kind=object class=9 payload=none
VERIFY-MINOR condemned-but-reachable source=conservative_only kind=var_ref
VERIFY-MINOR condemned-but-reachable source=conservative_only kind=var_ref
VERIFY-MINOR condemned-but-reachable source=conservative_only kind=var_ref
VERIFY-MINOR condemned-but-reachable source=conservative_only kind=var_ref
VERIFY-MINOR 6 of 16718 condemned objects are reachable by a full trace (0 precise, 6 conservative-only)
VERIFY-MINOR condemned-but-reachable source=conservative_only kind=object class=9 payload=none
VERIFY-MINOR condemned-but-reachable source=conservative_only kind=var_ref
VERIFY-MINOR condemned-but-reachable source=conservative_only kind=var_ref
VERIFY-MINOR 3 of 16761 condemned objects are reachable by a full trace (0 precise, 3 conservative-only)
VERIFY-MINOR condemned-but-reachable source=conservative_only kind=object class=9 payload=none
VERIFY-MINOR condemned-but-reachable source=conservative_only kind=var_ref
VERIFY-MINOR condemned-but-reachable source=conservative_only kind=var_ref
VERIFY-MINOR 3 of 16734 condemned objects are reachable by a full trace (0 precise, 3 conservative-only)
VERIFY-MINOR condemned-but-reachable source=conservative_only kind=var_ref
VERIFY-MINOR 1 of 16732 condemned objects are reachable by a full trace (0 precise, 1 conservative-only)
VERIFY-MINOR condemned-but-reachable source=conservative_only kind=object class=9 payload=none
VERIFY-MINOR condemned-but-reachable source=conservative_only kind=var_ref
VERIFY-MINOR condemned-but-reachable source=conservative_only kind=var_ref
VERIFY-MINOR 3 of 16758 condemned objects are reachable by a full trace (0 precise, 3 conservative-only)
VERIFY-MINOR condemned-but-reachable source=conservative_only kind=object class=9 payload=none
VERIFY-MINOR condemned-but-reachable source=conservative_only kind=var_ref
VERIFY-MINOR 2 of 16873 condemned objects are reachable by a full trace (0 precise, 2 conservative-only)
VERIFY-MINOR condemned-but-reachable source=conservative_only kind=object class=9 payload=none
VERIFY-MINOR condemned-but-reachable source=conservative_only kind=var_ref
VERIFY-MINOR condemned-but-reachable source=conservative_only kind=var_ref
VERIFY-MINOR condemned-but-reachable source=conservative_only kind=var_ref
VERIFY-MINOR 4 of 16820 condemned objects are reachable by a full trace (0 precise, 4 conservative-only)
VERIFY-MINOR condemned-but-reachable source=conservative_only kind=object class=9 payload=none
VERIFY-MINOR condemned-but-reachable source=conservative_only kind=var_ref
VERIFY-MINOR condemned-but-reachable source=conservative_only kind=var_ref
VERIFY-MINOR 3 of 16707 condemned objects are reachable by a full trace (0 precise, 3 conservative-only)
VERIFY-MINOR condemned-but-reachable source=conservative_only kind=object class=9 payload=none
VERIFY-MINOR condemned-but-reachable source=conservative_only kind=var_ref
VERIFY-MINOR condemned-but-reachable source=conservative_only kind=var_ref
VERIFY-MINOR 3 of 16778 condemned objects are reachable by a full trace (0 precise, 3 conservative-only)
VERIFY-MINOR condemned-but-reachable source=conservative_only kind=object class=9 payload=none
VERIFY-MINOR condemned-but-reachable source=conservative_only kind=var_ref
VERIFY-MINOR condemned-but-reachable source=conservative_only kind=var_ref
VERIFY-MINOR 3 of 16734 condemned objects are reachable by a full trace (0 precise, 3 conservative-only)
VERIFY-MINOR condemned-but-reachable source=conservative_only kind=object class=9 payload=none
VERIFY-MINOR condemned-but-reachable source=conservative_only kind=var_ref
VERIFY-MINOR condemned-but-reachable source=conservative_only kind=var_ref
VERIFY-MINOR 3 of 16895 condemned objects are reachable by a full trace (0 precise, 3 conservative-only)
VERIFY-MINOR condemned-but-reachable source=conservative_only kind=object class=9 payload=none
VERIFY-MINOR condemned-but-reachable source=conservative_only kind=object class=9 payload=none
VERIFY-MINOR condemned-but-reachable source=conservative_only kind=var_ref
VERIFY-MINOR condemned-but-reachable source=conservative_only kind=var_ref
VERIFY-MINOR condemned-but-reachable source=conservative_only kind=var_ref
VERIFY-MINOR condemned-but-reachable source=conservative_only kind=var_ref
VERIFY-MINOR condemned-but-reachable source=conservative_only kind=var_ref
VERIFY-MINOR condemned-but-reachable source=conservative_only kind=var_ref
VERIFY-MINOR 8 of 16843 condemned objects are reachable by a full trace (0 precise, 8 conservative-only)
VERIFY-MINOR condemned-but-reachable source=conservative_only kind=object class=9 payload=none
VERIFY-MINOR condemned-but-reachable source=conservative_only kind=var_ref
VERIFY-MINOR condemned-but-reachable source=conservative_only kind=var_ref
VERIFY-MINOR 3 of 16739 condemned objects are reachable by a full trace (0 precise, 3 conservative-only)
VERIFY-MINOR condemned-but-reachable source=conservative_only kind=object class=9 payload=none
VERIFY-MINOR condemned-but-reachable source=conservative_only kind=var_ref
VERIFY-MINOR condemned-but-reachable source=conservative_only kind=var_ref
VERIFY-MINOR condemned-but-reachable source=conservative_only kind=var_ref
VERIFY-MINOR 4 of 16820 condemned objects are reachable by a full trace (0 precise, 4 conservative-only)
VERIFY-MINOR condemned-but-reachable source=conservative_only kind=object class=9 payload=none
VERIFY-MINOR condemned-but-reachable source=conservative_only kind=var_ref
VERIFY-MINOR condemned-but-reachable source=conservative_only kind=var_ref
VERIFY-MINOR 3 of 16883 condemned objects are reachable by a full trace (0 precise, 3 conservative-only)
VERIFY-MINOR condemned-but-reachable source=conservative_only kind=object class=9 payload=none
VERIFY-MINOR condemned-but-reachable source=conservative_only kind=var_ref
VERIFY-MINOR condemned-but-reachable source=conservative_only kind=var_ref
VERIFY-MINOR 3 of 16737 condemned objects are reachable by a full trace (0 precise, 3 conservative-only)
VERIFY-MINOR condemned-but-reachable source=conservative_only kind=object class=9 payload=none
VERIFY-MINOR condemned-but-reachable source=conservative_only kind=var_ref
VERIFY-MINOR condemned-but-reachable source=conservative_only kind=var_ref
VERIFY-MINOR 3 of 16854 condemned objects are reachable by a full trace (0 precise, 3 conservative-only)
VERIFY-MINOR condemned-but-reachable source=conservative_only kind=object class=9 payload=none
VERIFY-MINOR condemned-but-reachable source=conservative_only kind=var_ref
VERIFY-MINOR condemned-but-reachable source=conservative_only kind=var_ref
VERIFY-MINOR 3 of 16751 condemned objects are reachable by a full trace (0 precise, 3 conservative-only)
VERIFY-MINOR condemned-but-reachable source=conservative_only kind=object class=9 payload=none
VERIFY-MINOR condemned-but-reachable source=conservative_only kind=var_ref
VERIFY-MINOR condemned-but-reachable source=conservative_only kind=var_ref
VERIFY-MINOR 3 of 16744 condemned objects are reachable by a full trace (0 precise, 3 conservative-only)
VERIFY-MINOR condemned-but-reachable source=conservative_only kind=object class=9 payload=none
VERIFY-MINOR condemned-but-reachable source=conservative_only kind=var_ref
VERIFY-MINOR condemned-but-reachable source=conservative_only kind=var_ref
VERIFY-MINOR 3 of 16834 condemned objects are reachable by a full trace (0 precise, 3 conservative-only)
VERIFY-MINOR condemned-but-reachable source=conservative_only kind=object class=9 payload=none
VERIFY-MINOR condemned-but-reachable source=conservative_only kind=var_ref
VERIFY-MINOR condemned-but-reachable source=conservative_only kind=var_ref
VERIFY-MINOR 3 of 16764 condemned objects are reachable by a full trace (0 precise, 3 conservative-only)
VERIFY-MINOR condemned-but-reachable source=conservative_only kind=object class=9 payload=none
VERIFY-MINOR condemned-but-reachable source=conservative_only kind=var_ref
VERIFY-MINOR condemned-but-reachable source=conservative_only kind=var_ref
VERIFY-MINOR condemned-but-reachable source=conservative_only kind=var_ref
VERIFY-MINOR 4 of 16865 condemned objects are reachable by a full trace (0 precise, 4 conservative-only)
VERIFY-MINOR condemned-but-reachable source=conservative_only kind=object class=9 payload=none
VERIFY-MINOR condemned-but-reachable source=conservative_only kind=var_ref
VERIFY-MINOR condemned-but-reachable source=conservative_only kind=var_ref
VERIFY-MINOR 3 of 16771 condemned objects are reachable by a full trace (0 precise, 3 conservative-only)
VERIFY-MINOR condemned-but-reachable source=conservative_only kind=object class=9 payload=none
VERIFY-MINOR condemned-but-reachable source=conservative_only kind=object class=9 payload=none
VERIFY-MINOR condemned-but-reachable source=conservative_only kind=object class=1 payload=none
VERIFY-MINOR condemned-but-reachable source=conservative_only kind=object class=1 payload=none
VERIFY-MINOR condemned-but-reachable source=conservative_only kind=var_ref
VERIFY-MINOR condemned-but-reachable source=conservative_only kind=var_ref
VERIFY-MINOR condemned-but-reachable source=conservative_only kind=var_ref
VERIFY-MINOR condemned-but-reachable source=conservative_only kind=var_ref
VERIFY-MINOR 8 of 16727 condemned objects are reachable by a full trace (0 precise, 8 conservative-only)
VERIFY-MINOR condemned-but-reachable source=conservative_only kind=object class=9 payload=none
VERIFY-MINOR condemned-but-reachable source=conservative_only kind=var_ref
VERIFY-MINOR condemned-but-reachable source=conservative_only kind=var_ref
VERIFY-MINOR 3 of 16755 condemned objects are reachable by a full trace (0 precise, 3 conservative-only)
VERIFY-MINOR condemned-but-reachable source=conservative_only kind=object class=9 payload=none
VERIFY-MINOR condemned-but-reachable source=conservative_only kind=var_ref
VERIFY-MINOR condemned-but-reachable source=conservative_only kind=var_ref
VERIFY-MINOR 3 of 16826 condemned objects are reachable by a full trace (0 precise, 3 conservative-only)
VERIFY-MINOR condemned-but-reachable source=conservative_only kind=object class=9 payload=none
VERIFY-MINOR condemned-but-reachable source=conservative_only kind=var_ref
VERIFY-MINOR condemned-but-reachable source=conservative_only kind=var_ref
VERIFY-MINOR condemned-but-reachable source=conservative_only kind=var_ref
VERIFY-MINOR 4 of 16735 condemned objects are reachable by a full trace (0 precise, 4 conservative-only)
VERIFY-MINOR condemned-but-reachable source=conservative_only kind=object class=9 payload=none
VERIFY-MINOR condemned-but-reachable source=conservative_only kind=var_ref
VERIFY-MINOR condemned-but-reachable source=conservative_only kind=var_ref
VERIFY-MINOR 3 of 16719 condemned objects are reachable by a full trace (0 precise, 3 conservative-only)
VERIFY-MINOR condemned-but-reachable source=conservative_only kind=object class=9 payload=none
VERIFY-MINOR condemned-but-reachable source=conservative_only kind=var_ref
VERIFY-MINOR condemned-but-reachable source=conservative_only kind=var_ref
VERIFY-MINOR 3 of 16888 condemned objects are reachable by a full trace (0 precise, 3 conservative-only)
VERIFY-MINOR condemned-but-reachable source=conservative_only kind=object class=9 payload=none
VERIFY-MINOR condemned-but-reachable source=conservative_only kind=object class=9 payload=none
VERIFY-MINOR condemned-but-reachable source=conservative_only kind=object class=1 payload=none
VERIFY-MINOR condemned-but-reachable source=conservative_only kind=var_ref
VERIFY-MINOR condemned-but-reachable source=conservative_only kind=var_ref
VERIFY-MINOR condemned-but-reachable source=conservative_only kind=var_ref
VERIFY-MINOR condemned-but-reachable source=conservative_only kind=var_ref
VERIFY-MINOR 7 of 16801 condemned objects are reachable by a full trace (0 precise, 7 conservative-only)
VERIFY-MINOR condemned-but-reachable source=conservative_only kind=object class=9 payload=none
VERIFY-MINOR condemned-but-reachable source=conservative_only kind=var_ref
VERIFY-MINOR condemned-but-reachable source=conservative_only kind=var_ref
VERIFY-MINOR 3 of 16709 condemned objects are reachable by a full trace (0 precise, 3 conservative-only)
VERIFY-MINOR condemned-but-reachable source=conservative_only kind=object class=9 payload=none
VERIFY-MINOR condemned-but-reachable source=conservative_only kind=var_ref
VERIFY-MINOR condemned-but-reachable source=conservative_only kind=var_ref
VERIFY-MINOR 3 of 16731 condemned objects are reachable by a full trace (0 precise, 3 conservative-only)
VERIFY-MINOR condemned-but-reachable source=conservative_only kind=object class=9 payload=none
VERIFY-MINOR condemned-but-reachable source=conservative_only kind=var_ref
VERIFY-MINOR 2 of 16756 condemned objects are reachable by a full trace (0 precise, 2 conservative-only)
VERIFY-MINOR condemned-but-reachable source=conservative_only kind=object class=1 payload=none
VERIFY-MINOR 1 of 16778 condemned objects are reachable by a full trace (0 precise, 1 conservative-only)
VERIFY-MINOR condemned-but-reachable source=conservative_only kind=object class=9 payload=none
VERIFY-MINOR condemned-but-reachable source=conservative_only kind=var_ref
VERIFY-MINOR condemned-but-reachable source=conservative_only kind=var_ref
VERIFY-MINOR 3 of 16770 condemned objects are reachable by a full trace (0 precise, 3 conservative-only)
VERIFY-MINOR condemned-but-reachable source=conservative_only kind=object class=9 payload=none
VERIFY-MINOR condemned-but-reachable source=conservative_only kind=var_ref
VERIFY-MINOR condemned-but-reachable source=conservative_only kind=var_ref
VERIFY-MINOR 3 of 16815 condemned objects are reachable by a full trace (0 precise, 3 conservative-only)
VERIFY-MINOR condemned-but-reachable source=conservative_only kind=object class=9 payload=none
VERIFY-MINOR condemned-but-reachable source=conservative_only kind=var_ref
VERIFY-MINOR condemned-but-reachable source=conservative_only kind=var_ref
VERIFY-MINOR 3 of 16736 condemned objects are reachable by a full trace (0 precise, 3 conservative-only)
VERIFY-MINOR condemned-but-reachable source=conservative_only kind=object class=9 payload=none
VERIFY-MINOR condemned-but-reachable source=conservative_only kind=var_ref
VERIFY-MINOR condemned-but-reachable source=conservative_only kind=var_ref
VERIFY-MINOR condemned-but-reachable source=conservative_only kind=var_ref
VERIFY-MINOR 4 of 16819 condemned objects are reachable by a full trace (0 precise, 4 conservative-only)
VERIFY-MINOR condemned-but-reachable source=conservative_only kind=object class=9 payload=none
VERIFY-MINOR condemned-but-reachable source=conservative_only kind=var_ref
VERIFY-MINOR condemned-but-reachable source=conservative_only kind=var_ref
VERIFY-MINOR condemned-but-reachable source=conservative_only kind=var_ref
VERIFY-MINOR 4 of 16735 condemned objects are reachable by a full trace (0 precise, 4 conservative-only)
VERIFY-MINOR condemned-but-reachable source=conservative_only kind=object class=9 payload=none
VERIFY-MINOR condemned-but-reachable source=conservative_only kind=var_ref
VERIFY-MINOR condemned-but-reachable source=conservative_only kind=var_ref
VERIFY-MINOR 3 of 16893 condemned objects are reachable by a full trace (0 precise, 3 conservative-only)
VERIFY-MINOR condemned-but-reachable source=conservative_only kind=object class=1 payload=none
VERIFY-MINOR condemned-but-reachable source=conservative_only kind=object class=9 payload=none
VERIFY-MINOR condemned-but-reachable source=conservative_only kind=var_ref
VERIFY-MINOR condemned-but-reachable source=conservative_only kind=var_ref
VERIFY-MINOR 4 of 16872 condemned objects are reachable by a full trace (0 precise, 4 conservative-only)
VERIFY-MINOR condemned-but-reachable source=conservative_only kind=object class=9 payload=none
VERIFY-MINOR condemned-but-reachable source=conservative_only kind=var_ref
VERIFY-MINOR condemned-but-reachable source=conservative_only kind=var_ref
VERIFY-MINOR condemned-but-reachable source=conservative_only kind=var_ref
VERIFY-MINOR 4 of 16779 condemned objects are reachable by a full trace (0 precise, 4 conservative-only)
VERIFY-MINOR condemned-but-reachable source=conservative_only kind=object class=9 payload=none
VERIFY-MINOR condemned-but-reachable source=conservative_only kind=var_ref
VERIFY-MINOR condemned-but-reachable source=conservative_only kind=var_ref
VERIFY-MINOR 3 of 16789 condemned objects are reachable by a full trace (0 precise, 3 conservative-only)
VERIFY-MINOR condemned-but-reachable source=conservative_only kind=object class=9 payload=none
VERIFY-MINOR condemned-but-reachable source=conservative_only kind=var_ref
VERIFY-MINOR condemned-but-reachable source=conservative_only kind=var_ref
VERIFY-MINOR 3 of 16843 condemned objects are reachable by a full trace (0 precise, 3 conservative-only)
VERIFY-MINOR condemned-but-reachable source=conservative_only kind=object class=9 payload=none
VERIFY-MINOR condemned-but-reachable source=conservative_only kind=var_ref
VERIFY-MINOR condemned-but-reachable source=conservative_only kind=var_ref
VERIFY-MINOR 3 of 16718 condemned objects are reachable by a full trace (0 precise, 3 conservative-only)
VERIFY-MINOR condemned-but-reachable source=conservative_only kind=object class=9 payload=none
VERIFY-MINOR condemned-but-reachable source=conservative_only kind=var_ref
VERIFY-MINOR condemned-but-reachable source=conservative_only kind=var_ref
VERIFY-MINOR 3 of 16740 condemned objects are reachable by a full trace (0 precise, 3 conservative-only)
VERIFY-MINOR condemned-but-reachable source=conservative_only kind=object class=9 payload=none
VERIFY-MINOR condemned-but-reachable source=conservative_only kind=var_ref
VERIFY-MINOR condemned-but-reachable source=conservative_only kind=var_ref
VERIFY-MINOR condemned-but-reachable source=conservative_only kind=var_ref
VERIFY-MINOR 4 of 16866 condemned objects are reachable by a full trace (0 precise, 4 conservative-only)
VERIFY-MINOR condemned-but-reachable source=conservative_only kind=object class=9 payload=none
VERIFY-MINOR condemned-but-reachable source=conservative_only kind=var_ref
VERIFY-MINOR 2 of 16812 condemned objects are reachable by a full trace (0 precise, 2 conservative-only)
VERIFY-MINOR condemned-but-reachable source=conservative_only kind=object class=9 payload=none
VERIFY-MINOR condemned-but-reachable source=conservative_only kind=var_ref
VERIFY-MINOR condemned-but-reachable source=conservative_only kind=var_ref
VERIFY-MINOR 3 of 16886 condemned objects are reachable by a full trace (0 precise, 3 conservative-only)
VERIFY-MINOR condemned-but-reachable source=conservative_only kind=object class=9 payload=none
VERIFY-MINOR condemned-but-reachable source=conservative_only kind=var_ref
VERIFY-MINOR condemned-but-reachable source=conservative_only kind=var_ref
VERIFY-MINOR condemned-but-reachable source=conservative_only kind=var_ref
VERIFY-MINOR 4 of 16809 condemned objects are reachable by a full trace (0 precise, 4 conservative-only)
VERIFY-MINOR condemned-but-reachable source=conservative_only kind=object class=9 payload=none
VERIFY-MINOR condemned-but-reachable source=conservative_only kind=var_ref
VERIFY-MINOR condemned-but-reachable source=conservative_only kind=var_ref
VERIFY-MINOR 3 of 16772 condemned objects are reachable by a full trace (0 precise, 3 conservative-only)
VERIFY-MINOR condemned-but-reachable source=conservative_only kind=object class=9 payload=none
VERIFY-MINOR condemned-but-reachable source=conservative_only kind=var_ref
VERIFY-MINOR 2 of 16770 condemned objects are reachable by a full trace (0 precise, 2 conservative-only)
VERIFY-MINOR condemned-but-reachable source=conservative_only kind=object class=9 payload=none
VERIFY-MINOR condemned-but-reachable source=conservative_only kind=var_ref
VERIFY-MINOR condemned-but-reachable source=conservative_only kind=var_ref
VERIFY-MINOR 3 of 16739 condemned objects are reachable by a full trace (0 precise, 3 conservative-only)
VERIFY-MINOR condemned-but-reachable source=conservative_only kind=object class=9 payload=none
VERIFY-MINOR condemned-but-reachable source=conservative_only kind=var_ref
VERIFY-MINOR condemned-but-reachable source=conservative_only kind=var_ref
VERIFY-MINOR 3 of 16883 condemned objects are reachable by a full trace (0 precise, 3 conservative-only)
VERIFY-MINOR condemned-but-reachable source=conservative_only kind=object class=9 payload=none
VERIFY-MINOR condemned-but-reachable source=conservative_only kind=var_ref
VERIFY-MINOR condemned-but-reachable source=conservative_only kind=var_ref
VERIFY-MINOR 3 of 16804 condemned objects are reachable by a full trace (0 precise, 3 conservative-only)
VERIFY-MINOR condemned-but-reachable source=conservative_only kind=object class=9 payload=none
VERIFY-MINOR condemned-but-reachable source=conservative_only kind=var_ref
VERIFY-MINOR condemned-but-reachable source=conservative_only kind=var_ref
VERIFY-MINOR 3 of 16747 condemned objects are reachable by a full trace (0 precise, 3 conservative-only)
VERIFY-MINOR condemned-but-reachable source=conservative_only kind=object class=9 payload=none
VERIFY-MINOR condemned-but-reachable source=conservative_only kind=var_ref
VERIFY-MINOR condemned-but-reachable source=conservative_only kind=var_ref
VERIFY-MINOR 3 of 16773 condemned objects are reachable by a full trace (0 precise, 3 conservative-only)
VERIFY-MINOR condemned-but-reachable source=conservative_only kind=object class=9 payload=none
VERIFY-MINOR condemned-but-reachable source=conservative_only kind=var_ref
VERIFY-MINOR condemned-but-reachable source=conservative_only kind=var_ref
VERIFY-MINOR condemned-but-reachable source=conservative_only kind=var_ref
VERIFY-MINOR 4 of 16752 condemned objects are reachable by a full trace (0 precise, 4 conservative-only)
VERIFY-MINOR condemned-but-reachable source=conservative_only kind=object class=9 payload=none
VERIFY-MINOR condemned-but-reachable source=conservative_only kind=var_ref
VERIFY-MINOR condemned-but-reachable source=conservative_only kind=var_ref
VERIFY-MINOR 3 of 16740 condemned objects are reachable by a full trace (0 precise, 3 conservative-only)
VERIFY-MINOR condemned-but-reachable source=conservative_only kind=object class=1 payload=none
VERIFY-MINOR condemned-but-reachable source=conservative_only kind=object class=1 payload=none
VERIFY-MINOR condemned-but-reachable source=conservative_only kind=object class=9 payload=none
VERIFY-MINOR condemned-but-reachable source=conservative_only kind=var_ref
VERIFY-MINOR condemned-but-reachable source=conservative_only kind=var_ref
VERIFY-MINOR 5 of 16698 condemned objects are reachable by a full trace (0 precise, 5 conservative-only)
VERIFY-MINOR condemned-but-reachable source=conservative_only kind=object class=9 payload=none
VERIFY-MINOR condemned-but-reachable source=conservative_only kind=var_ref
VERIFY-MINOR condemned-but-reachable source=conservative_only kind=var_ref
VERIFY-MINOR 3 of 16761 condemned objects are reachable by a full trace (0 precise, 3 conservative-only)
VERIFY-MINOR condemned-but-reachable source=conservative_only kind=object class=9 payload=none
VERIFY-MINOR condemned-but-reachable source=conservative_only kind=var_ref
VERIFY-MINOR condemned-but-reachable source=conservative_only kind=var_ref
VERIFY-MINOR 3 of 16817 condemned objects are reachable by a full trace (0 precise, 3 conservative-only)
VERIFY-MINOR condemned-but-reachable source=conservative_only kind=object class=9 payload=none
VERIFY-MINOR condemned-but-reachable source=conservative_only kind=var_ref
VERIFY-MINOR condemned-but-reachable source=conservative_only kind=var_ref
VERIFY-MINOR 3 of 16739 condemned objects are reachable by a full trace (0 precise, 3 conservative-only)
VERIFY-MINOR condemned-but-reachable source=conservative_only kind=object class=9 payload=none
VERIFY-MINOR condemned-but-reachable source=conservative_only kind=var_ref
VERIFY-MINOR condemned-but-reachable source=conservative_only kind=var_ref
VERIFY-MINOR 3 of 16775 condemned objects are reachable by a full trace (0 precise, 3 conservative-only)
VERIFY-MINOR condemned-but-reachable source=conservative_only kind=object class=9 payload=none
VERIFY-MINOR condemned-but-reachable source=conservative_only kind=object class=1 payload=none
VERIFY-MINOR condemned-but-reachable source=conservative_only kind=var_ref
VERIFY-MINOR condemned-but-reachable source=conservative_only kind=var_ref
VERIFY-MINOR 4 of 16738 condemned objects are reachable by a full trace (0 precise, 4 conservative-only)
VERIFY-MINOR condemned-but-reachable source=conservative_only kind=object class=9 payload=none
VERIFY-MINOR condemned-but-reachable source=conservative_only kind=var_ref
VERIFY-MINOR condemned-but-reachable source=conservative_only kind=var_ref
VERIFY-MINOR 3 of 16806 condemned objects are reachable by a full trace (0 precise, 3 conservative-only)
VERIFY-MINOR condemned-but-reachable source=conservative_only kind=object class=9 payload=none
VERIFY-MINOR condemned-but-reachable source=conservative_only kind=var_ref
VERIFY-MINOR condemned-but-reachable source=conservative_only kind=var_ref
VERIFY-MINOR 3 of 16750 condemned objects are reachable by a full trace (0 precise, 3 conservative-only)
VERIFY-MINOR condemned-but-reachable source=conservative_only kind=object class=9 payload=none
VERIFY-MINOR condemned-but-reachable source=conservative_only kind=var_ref
VERIFY-MINOR condemned-but-reachable source=conservative_only kind=var_ref
VERIFY-MINOR condemned-but-reachable source=conservative_only kind=var_ref
VERIFY-MINOR 4 of 16780 condemned objects are reachable by a full trace (0 precise, 4 conservative-only)
VERIFY-MINOR condemned-but-reachable source=conservative_only kind=object class=9 payload=none
VERIFY-MINOR condemned-but-reachable source=conservative_only kind=var_ref
VERIFY-MINOR condemned-but-reachable source=conservative_only kind=var_ref
VERIFY-MINOR condemned-but-reachable source=conservative_only kind=var_ref
VERIFY-MINOR 4 of 16762 condemned objects are reachable by a full trace (0 precise, 4 conservative-only)
VERIFY-MINOR condemned-but-reachable source=conservative_only kind=object class=1 payload=none
VERIFY-MINOR condemned-but-reachable source=conservative_only kind=object class=1 payload=none
VERIFY-MINOR condemned-but-reachable source=conservative_only kind=object class=9 payload=none
VERIFY-MINOR condemned-but-reachable source=conservative_only kind=var_ref
VERIFY-MINOR condemned-but-reachable source=conservative_only kind=var_ref
VERIFY-MINOR 5 of 16891 condemned objects are reachable by a full trace (0 precise, 5 conservative-only)
VERIFY-MINOR condemned-but-reachable source=conservative_only kind=object class=9 payload=none
VERIFY-MINOR condemned-but-reachable source=conservative_only kind=var_ref
VERIFY-MINOR condemned-but-reachable source=conservative_only kind=var_ref
VERIFY-MINOR 3 of 16801 condemned objects are reachable by a full trace (0 precise, 3 conservative-only)
VERIFY-MINOR condemned-but-reachable source=conservative_only kind=object class=9 payload=none
VERIFY-MINOR condemned-but-reachable source=conservative_only kind=var_ref
VERIFY-MINOR condemned-but-reachable source=conservative_only kind=var_ref
VERIFY-MINOR 3 of 16750 condemned objects are reachable by a full trace (0 precise, 3 conservative-only)
VERIFY-MINOR condemned-but-reachable source=conservative_only kind=object class=9 payload=none
VERIFY-MINOR condemned-but-reachable source=conservative_only kind=var_ref
VERIFY-MINOR condemned-but-reachable source=conservative_only kind=var_ref
VERIFY-MINOR 3 of 16774 condemned objects are reachable by a full trace (0 precise, 3 conservative-only)
VERIFY-MINOR condemned-but-reachable source=conservative_only kind=object class=9 payload=none
VERIFY-MINOR condemned-but-reachable source=conservative_only kind=var_ref
VERIFY-MINOR condemned-but-reachable source=conservative_only kind=var_ref
VERIFY-MINOR 3 of 16843 condemned objects are reachable by a full trace (0 precise, 3 conservative-only)
VERIFY-MINOR condemned-but-reachable source=conservative_only kind=object class=9 payload=none
VERIFY-MINOR condemned-but-reachable source=conservative_only kind=var_ref
VERIFY-MINOR condemned-but-reachable source=conservative_only kind=var_ref
VERIFY-MINOR condemned-but-reachable source=conservative_only kind=var_ref
VERIFY-MINOR 4 of 16800 condemned objects are reachable by a full trace (0 precise, 4 conservative-only)
VERIFY-MINOR condemned-but-reachable source=conservative_only kind=object class=9 payload=none
VERIFY-MINOR condemned-but-reachable source=conservative_only kind=var_ref
VERIFY-MINOR condemned-but-reachable source=conservative_only kind=var_ref
VERIFY-MINOR 3 of 16744 condemned objects are reachable by a full trace (0 precise, 3 conservative-only)
VERIFY-MINOR condemned-but-reachable source=conservative_only kind=object class=9 payload=none
VERIFY-MINOR condemned-but-reachable source=conservative_only kind=object class=9 payload=none
VERIFY-MINOR condemned-but-reachable source=conservative_only kind=var_ref
VERIFY-MINOR condemned-but-reachable source=conservative_only kind=var_ref
VERIFY-MINOR condemned-but-reachable source=conservative_only kind=var_ref
VERIFY-MINOR condemned-but-reachable source=conservative_only kind=var_ref
VERIFY-MINOR condemned-but-reachable source=conservative_only kind=var_ref
VERIFY-MINOR 7 of 16749 condemned objects are reachable by a full trace (0 precise, 7 conservative-only)
VERIFY-MINOR condemned-but-reachable source=conservative_only kind=object class=9 payload=none
VERIFY-MINOR condemned-but-reachable source=conservative_only kind=var_ref
VERIFY-MINOR condemned-but-reachable source=conservative_only kind=var_ref
VERIFY-MINOR 3 of 16700 condemned objects are reachable by a full trace (0 precise, 3 conservative-only)
VERIFY-MINOR condemned-but-reachable source=conservative_only kind=object class=9 payload=none
VERIFY-MINOR condemned-but-reachable source=conservative_only kind=var_ref
VERIFY-MINOR condemned-but-reachable source=conservative_only kind=var_ref
VERIFY-MINOR 3 of 16763 condemned objects are reachable by a full trace (0 precise, 3 conservative-only)
VERIFY-MINOR condemned-but-reachable source=conservative_only kind=object class=9 payload=none
VERIFY-MINOR condemned-but-reachable source=conservative_only kind=var_ref
VERIFY-MINOR condemned-but-reachable source=conservative_only kind=var_ref
VERIFY-MINOR 3 of 16810 condemned objects are reachable by a full trace (0 precise, 3 conservative-only)
VERIFY-MINOR condemned-but-reachable source=conservative_only kind=object class=9 payload=none
VERIFY-MINOR condemned-but-reachable source=conservative_only kind=object class=1 payload=none
VERIFY-MINOR condemned-but-reachable source=conservative_only kind=var_ref
VERIFY-MINOR condemned-but-reachable source=conservative_only kind=var_ref
VERIFY-MINOR 4 of 16780 condemned objects are reachable by a full trace (0 precise, 4 conservative-only)
VERIFY-MINOR condemned-but-reachable source=conservative_only kind=object class=9 payload=none
VERIFY-MINOR condemned-but-reachable source=conservative_only kind=var_ref
VERIFY-MINOR condemned-but-reachable source=conservative_only kind=var_ref
VERIFY-MINOR 3 of 16785 condemned objects are reachable by a full trace (0 precise, 3 conservative-only)
VERIFY-MINOR condemned-but-reachable source=conservative_only kind=object class=9 payload=none
VERIFY-MINOR condemned-but-reachable source=conservative_only kind=var_ref
VERIFY-MINOR condemned-but-reachable source=conservative_only kind=var_ref
VERIFY-MINOR 3 of 16748 condemned objects are reachable by a full trace (0 precise, 3 conservative-only)
VERIFY-MINOR condemned-but-reachable source=conservative_only kind=object class=9 payload=none
VERIFY-MINOR condemned-but-reachable source=conservative_only kind=var_ref
VERIFY-MINOR condemned-but-reachable source=conservative_only kind=var_ref
VERIFY-MINOR condemned-but-reachable source=conservative_only kind=var_ref
VERIFY-MINOR 4 of 16856 condemned objects are reachable by a full trace (0 precise, 4 conservative-only)
VERIFY-MINOR condemned-but-reachable source=conservative_only kind=object class=9 payload=none
VERIFY-MINOR condemned-but-reachable source=conservative_only kind=var_ref
VERIFY-MINOR condemned-but-reachable source=conservative_only kind=var_ref
VERIFY-MINOR 3 of 16786 condemned objects are reachable by a full trace (0 precise, 3 conservative-only)
VERIFY-MINOR condemned-but-reachable source=conservative_only kind=object class=9 payload=none
VERIFY-MINOR condemned-but-reachable source=conservative_only kind=var_ref
VERIFY-MINOR condemned-but-reachable source=conservative_only kind=var_ref
VERIFY-MINOR condemned-but-reachable source=conservative_only kind=var_ref
VERIFY-MINOR 4 of 16833 condemned objects are reachable by a full trace (0 precise, 4 conservative-only)
VERIFY-MINOR condemned-but-reachable source=conservative_only kind=object class=9 payload=none
VERIFY-MINOR condemned-but-reachable source=conservative_only kind=var_ref
VERIFY-MINOR condemned-but-reachable source=conservative_only kind=var_ref
VERIFY-MINOR 3 of 16716 condemned objects are reachable by a full trace (0 precise, 3 conservative-only)
VERIFY-MINOR condemned-but-reachable source=conservative_only kind=object class=9 payload=none
VERIFY-MINOR condemned-but-reachable source=conservative_only kind=object class=9 payload=none
VERIFY-MINOR condemned-but-reachable source=conservative_only kind=var_ref
VERIFY-MINOR condemned-but-reachable source=conservative_only kind=var_ref
VERIFY-MINOR condemned-but-reachable source=conservative_only kind=var_ref
VERIFY-MINOR condemned-but-reachable source=conservative_only kind=var_ref
VERIFY-MINOR 6 of 16751 condemned objects are reachable by a full trace (0 precise, 6 conservative-only)
VERIFY-MINOR condemned-but-reachable source=conservative_only kind=object class=9 payload=none
VERIFY-MINOR condemned-but-reachable source=conservative_only kind=var_ref
VERIFY-MINOR condemned-but-reachable source=conservative_only kind=var_ref
VERIFY-MINOR 3 of 16890 condemned objects are reachable by a full trace (0 precise, 3 conservative-only)
VERIFY-MINOR condemned-but-reachable source=conservative_only kind=object class=9 payload=none
VERIFY-MINOR condemned-but-reachable source=conservative_only kind=var_ref
VERIFY-MINOR condemned-but-reachable source=conservative_only kind=var_ref
VERIFY-MINOR 3 of 16728 condemned objects are reachable by a full trace (0 precise, 3 conservative-only)
VERIFY-MINOR condemned-but-reachable source=conservative_only kind=object class=9 payload=none
VERIFY-MINOR condemned-but-reachable source=conservative_only kind=var_ref
VERIFY-MINOR condemned-but-reachable source=conservative_only kind=var_ref
VERIFY-MINOR 3 of 16763 condemned objects are reachable by a full trace (0 precise, 3 conservative-only)
VERIFY-MINOR condemned-but-reachable source=conservative_only kind=object class=9 payload=none
VERIFY-MINOR condemned-but-reachable source=conservative_only kind=var_ref
VERIFY-MINOR condemned-but-reachable source=conservative_only kind=var_ref
VERIFY-MINOR 3 of 16847 condemned objects are reachable by a full trace (0 precise, 3 conservative-only)
VERIFY-MINOR condemned-but-reachable source=conservative_only kind=object class=9 payload=none
VERIFY-MINOR condemned-but-reachable source=conservative_only kind=var_ref
VERIFY-MINOR condemned-but-reachable source=conservative_only kind=var_ref
VERIFY-MINOR 3 of 16802 condemned objects are reachable by a full trace (0 precise, 3 conservative-only)
VERIFY-MINOR condemned-but-reachable source=conservative_only kind=object class=9 payload=none
VERIFY-MINOR condemned-but-reachable source=conservative_only kind=var_ref
VERIFY-MINOR condemned-but-reachable source=conservative_only kind=var_ref
VERIFY-MINOR 3 of 16773 condemned objects are reachable by a full trace (0 precise, 3 conservative-only)
VERIFY-MINOR condemned-but-reachable source=conservative_only kind=object class=9 payload=none
VERIFY-MINOR condemned-but-reachable source=conservative_only kind=object class=9 payload=none
VERIFY-MINOR condemned-but-reachable source=conservative_only kind=object class=1 payload=none
VERIFY-MINOR condemned-but-reachable source=conservative_only kind=var_ref
VERIFY-MINOR condemned-but-reachable source=conservative_only kind=var_ref
VERIFY-MINOR condemned-but-reachable source=conservative_only kind=var_ref
VERIFY-MINOR condemned-but-reachable source=conservative_only kind=var_ref
VERIFY-MINOR condemned-but-reachable source=conservative_only kind=var_ref
VERIFY-MINOR 8 of 16729 condemned objects are reachable by a full trace (0 precise, 8 conservative-only)
VERIFY-MINOR condemned-but-reachable source=conservative_only kind=object class=9 payload=none
VERIFY-MINOR condemned-but-reachable source=conservative_only kind=var_ref
VERIFY-MINOR condemned-but-reachable source=conservative_only kind=var_ref
VERIFY-MINOR 3 of 16886 condemned objects are reachable by a full trace (0 precise, 3 conservative-only)
VERIFY-MINOR condemned-but-reachable source=conservative_only kind=object class=9 payload=none
VERIFY-MINOR condemned-but-reachable source=conservative_only kind=var_ref
VERIFY-MINOR condemned-but-reachable source=conservative_only kind=var_ref
VERIFY-MINOR 3 of 16761 condemned objects are reachable by a full trace (0 precise, 3 conservative-only)
VERIFY-MINOR condemned-but-reachable source=conservative_only kind=object class=9 payload=none
VERIFY-MINOR condemned-but-reachable source=conservative_only kind=var_ref
VERIFY-MINOR condemned-but-reachable source=conservative_only kind=var_ref
VERIFY-MINOR 3 of 16742 condemned objects are reachable by a full trace (0 precise, 3 conservative-only)
VERIFY-MINOR condemned-but-reachable source=conservative_only kind=object class=9 payload=none
VERIFY-MINOR condemned-but-reachable source=conservative_only kind=var_ref
VERIFY-MINOR condemned-but-reachable source=conservative_only kind=var_ref
VERIFY-MINOR 3 of 16841 condemned objects are reachable by a full trace (0 precise, 3 conservative-only)
VERIFY-MINOR condemned-but-reachable source=conservative_only kind=object class=9 payload=none
VERIFY-MINOR condemned-but-reachable source=conservative_only kind=var_ref
VERIFY-MINOR condemned-but-reachable source=conservative_only kind=var_ref
VERIFY-MINOR condemned-but-reachable source=conservative_only kind=var_ref
VERIFY-MINOR 4 of 16746 condemned objects are reachable by a full trace (0 precise, 4 conservative-only)
VERIFY-MINOR condemned-but-reachable source=conservative_only kind=object class=9 payload=none
VERIFY-MINOR condemned-but-reachable source=conservative_only kind=var_ref
VERIFY-MINOR condemned-but-reachable source=conservative_only kind=var_ref
VERIFY-MINOR 3 of 16838 condemned objects are reachable by a full trace (0 precise, 3 conservative-only)
VERIFY-MINOR condemned-but-reachable source=conservative_only kind=object class=9 payload=none
VERIFY-MINOR condemned-but-reachable source=conservative_only kind=var_ref
VERIFY-MINOR condemned-but-reachable source=conservative_only kind=var_ref
VERIFY-MINOR condemned-but-reachable source=conservative_only kind=var_ref
VERIFY-MINOR 4 of 16758 condemned objects are reachable by a full trace (0 precise, 4 conservative-only)
VERIFY-MINOR condemned-but-reachable source=conservative_only kind=object class=9 payload=none
VERIFY-MINOR condemned-but-reachable source=conservative_only kind=var_ref
VERIFY-MINOR condemned-but-reachable source=conservative_only kind=var_ref
VERIFY-MINOR 3 of 16731 condemned objects are reachable by a full trace (0 precise, 3 conservative-only)
VERIFY-MINOR condemned-but-reachable source=conservative_only kind=object class=9 payload=none
VERIFY-MINOR condemned-but-reachable source=conservative_only kind=var_ref
VERIFY-MINOR condemned-but-reachable source=conservative_only kind=var_ref
VERIFY-MINOR 3 of 16785 condemned objects are reachable by a full trace (0 precise, 3 conservative-only)
VERIFY-MINOR condemned-but-reachable source=conservative_only kind=object class=9 payload=none
VERIFY-MINOR condemned-but-reachable source=conservative_only kind=object class=1 payload=none
VERIFY-MINOR condemned-but-reachable source=conservative_only kind=object class=1 payload=none
VERIFY-MINOR condemned-but-reachable source=conservative_only kind=var_ref
VERIFY-MINOR condemned-but-reachable source=conservative_only kind=var_ref
VERIFY-MINOR 5 of 16763 condemned objects are reachable by a full trace (0 precise, 5 conservative-only)
VERIFY-MINOR condemned-but-reachable source=conservative_only kind=object class=1 payload=none
VERIFY-MINOR condemned-but-reachable source=conservative_only kind=object class=1 payload=none
VERIFY-MINOR condemned-but-reachable source=conservative_only kind=object class=9 payload=none
VERIFY-MINOR condemned-but-reachable source=conservative_only kind=var_ref
VERIFY-MINOR condemned-but-reachable source=conservative_only kind=var_ref
VERIFY-MINOR 5 of 16893 condemned objects are reachable by a full trace (0 precise, 5 conservative-only)
VERIFY-MINOR condemned-but-reachable source=conservative_only kind=object class=9 payload=none
VERIFY-MINOR condemned-but-reachable source=conservative_only kind=var_ref
VERIFY-MINOR condemned-but-reachable source=conservative_only kind=var_ref
VERIFY-MINOR 3 of 16783 condemned objects are reachable by a full trace (0 precise, 3 conservative-only)
VERIFY-MINOR condemned-but-reachable source=conservative_only kind=object class=9 payload=none
VERIFY-MINOR condemned-but-reachable source=conservative_only kind=var_ref
VERIFY-MINOR condemned-but-reachable source=conservative_only kind=var_ref
VERIFY-MINOR 3 of 16741 condemned objects are reachable by a full trace (0 precise, 3 conservative-only)
VERIFY-MINOR condemned-but-reachable source=conservative_only kind=object class=9 payload=none
VERIFY-MINOR condemned-but-reachable source=conservative_only kind=var_ref
VERIFY-MINOR condemned-but-reachable source=conservative_only kind=var_ref
VERIFY-MINOR 3 of 16824 condemned objects are reachable by a full trace (0 precise, 3 conservative-only)
VERIFY-MINOR condemned-but-reachable source=conservative_only kind=object class=9 payload=none
VERIFY-MINOR condemned-but-reachable source=conservative_only kind=var_ref
VERIFY-MINOR condemned-but-reachable source=conservative_only kind=var_ref
VERIFY-MINOR 3 of 16725 condemned objects are reachable by a full trace (0 precise, 3 conservative-only)
VERIFY-MINOR condemned-but-reachable source=conservative_only kind=object class=9 payload=none
VERIFY-MINOR condemned-but-reachable source=conservative_only kind=var_ref
VERIFY-MINOR condemned-but-reachable source=conservative_only kind=var_ref
VERIFY-MINOR condemned-but-reachable source=conservative_only kind=var_ref
VERIFY-MINOR 4 of 16747 condemned objects are reachable by a full trace (0 precise, 4 conservative-only)
VERIFY-MINOR condemned-but-reachable source=conservative_only kind=object class=9 payload=none
VERIFY-MINOR condemned-but-reachable source=conservative_only kind=var_ref
VERIFY-MINOR condemned-but-reachable source=conservative_only kind=var_ref
VERIFY-MINOR 3 of 16785 condemned objects are reachable by a full trace (0 precise, 3 conservative-only)
VERIFY-MINOR condemned-but-reachable source=conservative_only kind=object class=9 payload=none
VERIFY-MINOR condemned-but-reachable source=conservative_only kind=var_ref
VERIFY-MINOR condemned-but-reachable source=conservative_only kind=var_ref
VERIFY-MINOR 3 of 16765 condemned objects are reachable by a full trace (0 precise, 3 conservative-only)
VERIFY-MINOR condemned-but-reachable source=conservative_only kind=object class=9 payload=none
VERIFY-MINOR condemned-but-reachable source=conservative_only kind=var_ref
VERIFY-MINOR condemned-but-reachable source=conservative_only kind=var_ref
VERIFY-MINOR 3 of 16737 condemned objects are reachable by a full trace (0 precise, 3 conservative-only)
VERIFY-MINOR condemned-but-reachable source=conservative_only kind=object class=9 payload=none
VERIFY-MINOR condemned-but-reachable source=conservative_only kind=var_ref
VERIFY-MINOR condemned-but-reachable source=conservative_only kind=var_ref
VERIFY-MINOR 3 of 16734 condemned objects are reachable by a full trace (0 precise, 3 conservative-only)
VERIFY-MINOR condemned-but-reachable source=conservative_only kind=object class=9 payload=none
VERIFY-MINOR condemned-but-reachable source=conservative_only kind=var_ref
VERIFY-MINOR condemned-but-reachable source=conservative_only kind=var_ref
VERIFY-MINOR 3 of 16881 condemned objects are reachable by a full trace (0 precise, 3 conservative-only)
VERIFY-MINOR condemned-but-reachable source=conservative_only kind=object class=9 payload=none
VERIFY-MINOR condemned-but-reachable source=conservative_only kind=var_ref
VERIFY-MINOR condemned-but-reachable source=conservative_only kind=var_ref
VERIFY-MINOR condemned-but-reachable source=conservative_only kind=var_ref
VERIFY-MINOR 4 of 16751 condemned objects are reachable by a full trace (0 precise, 4 conservative-only)
VERIFY-MINOR condemned-but-reachable source=conservative_only kind=object class=9 payload=none
VERIFY-MINOR condemned-but-reachable source=conservative_only kind=var_ref
VERIFY-MINOR condemned-but-reachable source=conservative_only kind=var_ref
VERIFY-MINOR 3 of 16812 condemned objects are reachable by a full trace (0 precise, 3 conservative-only)
VERIFY-MINOR condemned-but-reachable source=conservative_only kind=object class=9 payload=none
VERIFY-MINOR condemned-but-reachable source=conservative_only kind=var_ref
VERIFY-MINOR condemned-but-reachable source=conservative_only kind=var_ref
VERIFY-MINOR 3 of 16779 condemned objects are reachable by a full trace (0 precise, 3 conservative-only)
VERIFY-MINOR condemned-but-reachable source=conservative_only kind=object class=9 payload=none
VERIFY-MINOR condemned-but-reachable source=conservative_only kind=var_ref
VERIFY-MINOR condemned-but-reachable source=conservative_only kind=var_ref
VERIFY-MINOR 3 of 16749 condemned objects are reachable by a full trace (0 precise, 3 conservative-only)
VERIFY-MINOR condemned-but-reachable source=conservative_only kind=object class=9 payload=none
VERIFY-MINOR condemned-but-reachable source=conservative_only kind=var_ref
VERIFY-MINOR condemned-but-reachable source=conservative_only kind=var_ref
VERIFY-MINOR 3 of 16792 condemned objects are reachable by a full trace (0 precise, 3 conservative-only)
VERIFY-MINOR condemned-but-reachable source=conservative_only kind=object class=9 payload=none
VERIFY-MINOR condemned-but-reachable source=conservative_only kind=var_ref
VERIFY-MINOR 2 of 16855 condemned objects are reachable by a full trace (0 precise, 2 conservative-only)
VERIFY-MINOR condemned-but-reachable source=conservative_only kind=object class=9 payload=none
VERIFY-MINOR condemned-but-reachable source=conservative_only kind=var_ref
VERIFY-MINOR condemned-but-reachable source=conservative_only kind=var_ref
VERIFY-MINOR 3 of 16811 condemned objects are reachable by a full trace (0 precise, 3 conservative-only)
VERIFY-MINOR condemned-but-reachable source=conservative_only kind=object class=9 payload=none
VERIFY-MINOR condemned-but-reachable source=conservative_only kind=var_ref
VERIFY-MINOR condemned-but-reachable source=conservative_only kind=var_ref
VERIFY-MINOR 3 of 16770 condemned objects are reachable by a full trace (0 precise, 3 conservative-only)
VERIFY-MINOR condemned-but-reachable source=conservative_only kind=object class=9 payload=none
VERIFY-MINOR condemned-but-reachable source=conservative_only kind=object class=9 payload=none
VERIFY-MINOR condemned-but-reachable source=conservative_only kind=var_ref
VERIFY-MINOR condemned-but-reachable source=conservative_only kind=var_ref
VERIFY-MINOR condemned-but-reachable source=conservative_only kind=var_ref
VERIFY-MINOR condemned-but-reachable source=conservative_only kind=var_ref
VERIFY-MINOR 6 of 16731 condemned objects are reachable by a full trace (0 precise, 6 conservative-only)
VERIFY-MINOR condemned-but-reachable source=conservative_only kind=object class=9 payload=none
VERIFY-MINOR condemned-but-reachable source=conservative_only kind=var_ref
VERIFY-MINOR condemned-but-reachable source=conservative_only kind=var_ref
VERIFY-MINOR condemned-but-reachable source=conservative_only kind=var_ref
VERIFY-MINOR 4 of 16887 condemned objects are reachable by a full trace (0 precise, 4 conservative-only)
VERIFY-MINOR condemned-but-reachable source=conservative_only kind=object class=9 payload=none
VERIFY-MINOR condemned-but-reachable source=conservative_only kind=var_ref
VERIFY-MINOR 2 of 16790 condemned objects are reachable by a full trace (0 precise, 2 conservative-only)
VERIFY-MINOR condemned-but-reachable source=conservative_only kind=object class=9 payload=none
VERIFY-MINOR condemned-but-reachable source=conservative_only kind=var_ref
VERIFY-MINOR condemned-but-reachable source=conservative_only kind=var_ref
VERIFY-MINOR 3 of 16703 condemned objects are reachable by a full trace (0 precise, 3 conservative-only)
wall=1708.58 rss=107904
