file	line	vis	inline	name
src/abi/fun_native_abi.zig	247	priv		cBody
src/abi/fun_native_abi.zig	260	priv		defineU
src/abi/gen_header.zig	9	pub		main
src/abi/sdk.zig	22	priv		sigIdByName
src/abi/sdk.zig	34	pub		signatureIdFor
src/abi/sdk.zig	56	pub		LeafExport
src/abi/sdk.zig	74	priv		call
src/abi/sdk.zig	79	priv		call
src/abi/sdk.zig	84	priv		call
src/abi/sdk.zig	91	pub		descriptor
src/abi/sdk.zig	109	priv		add
src/abi/sdk.zig	113	priv		halve
src/all_tests.zig	81	priv		refAllDeclsRecursive
src/all_tests.zig	120	priv		isInternalDeclException
src/binding/binding.zig	35	priv		deinit
src/binding/binding.zig	41	pub		method
src/binding/binding.zig	48	pub		Method
src/binding/binding.zig	56	pub		static
src/binding/binding.zig	60	pub		Static
src/binding/binding.zig	71	pub	inline	value
src/binding/binding.zig	75	pub	inline	object
src/binding/binding.zig	84	pub		externalPtr
src/binding/binding.zig	98	pub		JSObject
src/binding/binding.zig	128	pub		prototype
src/binding/binding.zig	134	pub		retain
src/binding/binding.zig	144	pub		new
src/binding/binding.zig	148	pub		payload
src/binding/binding.zig	159	pub		deinit
src/binding/binding.zig	164	pub		borrow
src/binding/binding.zig	171	pub		new
src/binding/binding.zig	175	pub		payload
src/binding/binding.zig	185	priv		create
src/binding/binding.zig	210	priv		finalize
src/binding/binding.zig	221	pub		install
src/binding/binding.zig	232	priv		installRuntime
src/binding/binding.zig	254	pub		binding
src/binding/binding.zig	264	pub		new
src/binding/binding.zig	269	pub		payload
src/binding/binding.zig	274	priv		installedClassId
src/binding/binding.zig	278	priv		installedRuntimeState
src/binding/binding.zig	285	priv		classIdentity
src/binding/binding.zig	289	priv		newWithBinding
src/binding/binding.zig	299	priv		payloadFromBinding
src/binding/binding.zig	304	priv		payloadFromClassAndPrototype
src/binding/binding.zig	312	priv		installPayload
src/binding/binding.zig	335	priv		payloadFinalizer
src/binding/binding.zig	356	priv		payloadMark
src/binding/binding.zig	368	priv		installStaticProperties
src/binding/binding.zig	379	priv		installStaticPropertyEntries
src/binding/binding.zig	392	priv		installStaticProperty
src/binding/binding.zig	403	priv		staticPropertyCount
src/binding/binding.zig	412	priv		staticPropertyEntryCount
src/binding/binding.zig	423	priv		internStaticPropertyNames
src/binding/binding.zig	433	priv		internStaticPropertyEntryNames
src/binding/binding.zig	451	priv		createMethodFunction
src/binding/binding.zig	481	priv		MethodStub
src/binding/binding.zig	489	priv		call
src/binding/binding.zig	498	priv		invoke
src/binding/binding.zig	510	priv		invokeWithAllocator
src/binding/binding.zig	539	priv		validateMethodSignature
src/binding/binding.zig	549	priv		externalPayload
src/binding/binding.zig	554	priv		callDeinit
src/binding/binding.zig	560	priv		className
src/binding/binding.zig	565	priv		needsPayloadFinalizer
src/binding/binding.zig	572	priv		hasTraceHook
src/binding/binding.zig	576	priv		inlinePayloadSize
src/binding/binding.zig	583	priv		inlinePayloadAlign
src/binding/binding.zig	607	priv		callbackLength
src/binding/binding.zig	622	priv		callbackArg
src/binding/binding.zig	685	priv		nextValue
src/binding/binding.zig	692	priv		resultToValue
src/binding/binding.zig	705	priv		integerToValue
src/binding/binding.zig	710	priv		isSelfParam
src/binding/binding.zig	717	priv		callbackParamKind
src/binding/binding.zig	743	priv		methodHasUtf8Param
src/binding/binding.zig	751	priv		callContext
src/binding/binding.zig	763	priv		specStorage
src/binding/binding.zig	771	priv		newArgType
src/binding/binding.zig	781	priv		hasField
src/binding/binding.zig	790	priv		isStaticProperties
src/binding/binding.zig	797	priv		payloadRequiresTrace
src/binding/binding.zig	801	priv		storageNeedsPayloadDeinit
src/binding/binding.zig	808	priv		typeRequiresTrace
src/binding/binding.zig	826	priv		typeIsGcVisible
src/binding/binding.zig	876	priv		trace
src/binding/binding.zig	881	priv		deinit
src/binding/binding.zig	930	priv		deinit
src/binding/binding.zig	1101	priv		touch
src/binding/binding.zig	1145	priv		touch
src/binding/binding.zig	1202	priv		deinit
src/binding/binding.zig	1248	priv		trace
src/binding/binding.zig	1252	priv		deinit
src/binding/binding.zig	1278	pub		visitValue
src/binding/binding.zig	1293	priv		trace
src/binding/binding.zig	1321	priv		visitValue
src/binding/binding.zig	1327	priv		visitObject
src/binding/binding.zig	1352	priv		add
src/binding/binding.zig	1397	priv		runtimeCachedMethodName
src/binding/binding.zig	1433	priv		mix
src/binding/binding.zig	1447	priv		deinit
src/binding/binding.zig	1539	priv		narrow
src/binding/binding.zig	1544	priv		failCustom
src/binding/binding.zig	1549	priv		failType
src/binding/binding.zig	1554	priv		failSyntax
src/binding/binding.zig	1608	pub		objectProperty
src/binding/binding.zig	1613	priv		expectErrorObjectProperty
src/binding/binding.zig	1622	priv		createTestRuntime
src/binding/binding.zig	1626	priv		cb
src/binding/context.zig	28	priv		PublicValueRootWindow
src/binding/context.zig	38	priv		init
src/binding/context.zig	42	priv		activate
src/binding/context.zig	50	priv		deactivate
src/binding/context.zig	56	priv		ensureStandardGlobalsRegistered
src/binding/context.zig	59	priv		cb
src/binding/context.zig	80	priv		initWithOptionsImpl
src/binding/context.zig	105	priv		createWithOptionsImpl
src/binding/context.zig	119	pub		createWithOptionsMeasured
src/binding/context.zig	134	pub		borrowCore
src/binding/context.zig	138	pub		create
src/binding/context.zig	142	pub		createWithOptions
src/binding/context.zig	146	pub		init
src/binding/context.zig	150	pub		deinit
src/binding/context.zig	155	pub		destroy
src/binding/context.zig	163	pub		runtimePtr
src/binding/context.zig	167	pub		createValueHandle
src/binding/context.zig	171	pub		takeValueHandle
src/binding/context.zig	175	pub		hasException
src/binding/context.zig	179	pub		takeException
src/binding/context.zig	183	pub		clearException
src/binding/context.zig	187	pub		throwValue
src/binding/context.zig	191	pub		recordUnhandledRejection
src/binding/context.zig	195	pub		recordUnhandledPromiseRejection
src/binding/context.zig	199	pub		hasUnhandledRejection
src/binding/context.zig	203	pub		takeUnhandledRejection
src/binding/context.zig	207	pub		clearUnhandledRejection
src/binding/context.zig	211	pub		classPrototypeSlotCount
src/binding/context.zig	215	pub		takePendingException
src/binding/context.zig	219	pub		pushBacktraceFrame
src/binding/context.zig	229	pub		pushBacktraceFrameWithResolver
src/binding/context.zig	241	pub		popBacktraceFrame
src/binding/context.zig	245	pub		updateBacktracePc
src/binding/context.zig	249	pub		borrowBacktracePc
src/binding/context.zig	253	pub		updateBacktraceLocation
src/binding/context.zig	257	pub		defineDataProperty
src/binding/context.zig	274	pub		arrayBuffer
src/binding/context.zig	278	pub		setStackLimit
src/binding/context.zig	282	pub		stackLimit
src/binding/context.zig	286	pub		setTrackUnhandledRejections
src/binding/context.zig	290	pub		tracksUnhandledRejections
src/binding/context.zig	294	pub		setPreserveUncaughtException
src/binding/context.zig	298	pub		preservesUncaughtException
src/binding/context.zig	302	pub		setHostEventLoop
src/binding/context.zig	306	pub		clearHostEventLoop
src/binding/context.zig	310	pub		hostEventLoop
src/binding/context.zig	315	pub		globalObject
src/binding/context.zig	320	pub		createObject
src/binding/context.zig	325	pub		createString
src/binding/context.zig	337	pub		getPropertyAtom
src/binding/context.zig	342	pub		getProperty
src/binding/context.zig	351	pub		getPropertyKey
src/binding/context.zig	360	pub		deleteProperty
src/binding/context.zig	369	pub		deletePropertyKey
src/binding/context.zig	378	pub		hasOwnProperty
src/binding/context.zig	387	pub		hasOwnPropertyKey
src/binding/context.zig	396	pub		ownPropertyDescriptor
src/binding/context.zig	405	pub		toString
src/binding/context.zig	410	pub		toOwnedUtf8
src/binding/context.zig	416	pub		toNumber
src/binding/context.zig	424	pub		toIntegerOrInfinity
src/binding/context.zig	431	pub		isCallable
src/binding/context.zig	436	pub		isConstructor
src/binding/context.zig	443	pub		functionName
src/binding/context.zig	450	pub		callFunction
src/binding/context.zig	472	pub		createError
src/binding/context.zig	478	pub		throwError
src/binding/context.zig	484	pub		pendingExceptionMatchesErrorName
src/binding/context.zig	489	pub		consumePendingExceptionIfErrorName
src/binding/context.zig	496	pub		runtimeErrorMatchesErrorName
src/binding/context.zig	505	pub		createRealm
src/binding/context.zig	509	pub		realmGlobal
src/binding/context.zig	513	pub		realmGlobalObject
src/binding/context.zig	518	pub		isArray
src/binding/context.zig	524	pub		arrayLength
src/binding/context.zig	530	pub		getIndex
src/binding/context.zig	534	priv		hasOwnPropertyAtom
src/binding/context.zig	538	priv		deletePropertyAtom
src/binding/context.zig	544	priv		ownPropertyDescriptorAtom
src/binding/context.zig	557	pub		retainSharedArrayBuffer
src/binding/context.zig	569	pub		sharedArrayBufferFromRef
src/binding/context.zig	583	pub		functionRealmGlobal
src/binding/context.zig	601	priv		restoreUncaughtOutOfMemory
src/binding/context.zig	608	pub		evalScriptSource
src/binding/context.zig	618	pub		evalScriptValue
src/binding/context.zig	628	pub		eval
src/binding/context.zig	634	pub		runJobs
src/binding/context.zig	644	pub		defineFunction
src/binding/context.zig	660	pub		createFunction
src/binding/context.zig	694	pub		defineClass
src/binding/context.zig	706	priv		installClassInRealm
src/binding/context.zig	778	priv		defineMemberProperty
src/binding/context.zig	787	pub		formatException
src/binding/context.zig	816	pub		formatExceptionStack
src/binding/context.zig	829	priv		getPropertyString
src/binding/context.zig	839	priv		arrayObjectFromValue
src/binding/context.zig	887	pub		init
src/binding/context.zig	896	pub		deinit
src/binding/context.zig	900	pub		call
src/binding/context.zig	906	pub	inline	call0
src/binding/context.zig	910	pub	inline	call1
src/binding/context.zig	916	pub	inline	call2
src/binding/context.zig	923	priv	inline	callFixed
src/binding/context.zig	931	pub		callWithThis
src/binding/native.zig	44	pub	inline	arg
src/binding/native.zig	49	pub	inline	args
src/binding/native.zig	54	pub	inline	state
src/binding/native.zig	58	pub	inline	runtime
src/binding/native.zig	63	pub	inline	global
src/binding/native.zig	69	pub	inline	output
src/binding/native.zig	75	pub		throwError
src/binding/native.zig	81	pub		throwTypeError
src/binding/native.zig	85	pub		throwRangeError
src/binding/native.zig	117	pub		managed
src/binding/native.zig	124	priv		thunk
src/binding/native.zig	167	pub		leaf
src/binding/native.zig	173	pub		leafWithState
src/binding/native.zig	177	priv		leafSpec
src/binding/native.zig	191	priv		t
src/binding/native.zig	198	priv		stateOf
src/binding/native.zig	201	priv		void_to_void
src/binding/native.zig	204	priv		i32_to_i32
src/binding/native.zig	207	priv		i32_i32_to_i32
src/binding/native.zig	210	priv		f64_to_f64
src/binding/native.zig	213	priv		f64_f64_to_f64
src/binding/native.zig	216	priv		f64_to_void
src/binding/native.zig	219	priv		bool_to_bool
src/binding/native.zig	222	priv		state_f64_to_void
src/binding/native.zig	225	priv		state_i32_to_i32
src/binding/native.zig	255	priv		add
src/binding/native.zig	258	priv		half
src/binding/native.zig	270	priv		f
src/binding/native.zig	320	pub		Class
src/binding/native.zig	337	pub		classId
src/binding/native.zig	343	pub		unwrap
src/binding/native.zig	349	priv		thunk
src/binding/native.zig	371	priv		constructThunk
src/binding/native.zig	404	priv		memberTable
src/binding/native.zig	427	pub	inline	classId
src/binding/native.zig	434	pub		create
src/binding/native.zig	440	pub	inline	unwrap
src/binding/native.zig	446	pub		dispose
src/binding/native.zig	453	pub		prototype
src/binding/native.zig	460	priv		selfParamCheck
src/binding/native.zig	467	priv	inline	selfOf
src/binding/native.zig	473	pub		methodSpec
src/binding/native.zig	482	priv		thunk
src/binding/native.zig	501	priv		t
src/binding/native.zig	506	priv		self_to_f64
src/binding/native.zig	509	priv		self_f64_to_void
src/binding/native.zig	512	priv		self_f64_f64_to_void
src/binding/native.zig	515	priv		self_i32_to_i32
src/binding/native.zig	518	priv		self_to_i32
src/binding/native.zig	521	priv		self_i32_to_void
src/binding/native.zig	524	priv		self_to_void
src/binding/native.zig	549	pub		getterSpec
src/binding/native.zig	561	priv		self_to_f64
src/binding/native.zig	564	priv		self_to_i32
src/binding/native.zig	577	priv		thunk
src/binding/native.zig	611	pub		setterSpec
src/binding/native.zig	622	priv		self_f64_to_void
src/binding/native.zig	625	priv		self_i32_to_void
src/binding/native.zig	639	priv		thunk
src/binding/native.zig	683	priv		step
src/binding/native.zig	687	priv		query
src/binding/native.zig	691	priv		time
src/binding/native.zig	694	priv		setTime
src/binding/native_call_plan.zig	49	pub		fromFunctionDescriptor
src/binding/native_call_plan.zig	70	pub		callKindIsValid
src/binding/native_call_plan.zig	74	pub		signatureIsValid
src/binding/native_call_plan.zig	122	priv		callbackForTest
src/binding/native_call_plan.zig	124	priv		validDescriptor
src/binding/prop_name.zig	25	pub		internStatic
src/binding/prop_name.zig	34	pub		release
src/binding/prop_name.zig	38	pub		eql
src/binding/prop_name.zig	42	pub		defineDataProperty
src/binding/prop_name.zig	46	pub		getProperty
src/binding/prop_name.zig	50	pub		debugName
src/binding/prop_name.zig	55	priv		raw
src/binding/property_site.zig	81	pub		init
src/binding/property_site.zig	92	pub		initAtom
src/binding/property_site.zig	99	pub		deinit
src/binding/property_site.zig	106	pub		propName
src/binding/property_site.zig	112	pub	inline	get
src/binding/property_site.zig	133	pub	inline	set
src/binding/property_site.zig	160	priv	noinline	readIndirectArm
src/binding/property_site.zig	180	priv	noinline	getSlow
src/binding/property_site.zig	189	priv	noinline	setSlow
src/binding/property_site.zig	267	priv		get
src/binding/root.zig	66	pub		activateOpcodeProfile
src/bytecode.zig	130	pub		encode
src/bytecode.zig	137	pub		stackPop
src/bytecode.zig	144	pub		stackPush
src/bytecode.zig	153	pub		branchStackDelta
src/bytecode.zig	165	pub		decode
src/bytecode.zig	563	pub		add
src/bytecode.zig	567	pub		isAdd
src/bytecode.zig	571	pub		addHint
src/bytecode.zig	575	pub		stackPop
src/bytecode.zig	599	pub		stackPush
src/bytecode.zig	664	priv		formForId
src/bytecode.zig	673	priv		generatedRow
src/bytecode.zig	742	pub	inline	finalInfo
src/bytecode.zig	753	pub	inline	finalCompactInfo
src/bytecode.zig	773	priv		phase1Info
src/bytecode.zig	787	pub		sizeOf
src/bytecode.zig	793	pub		sizeOfPhase1
src/bytecode.zig	799	pub		formatOf
src/bytecode.zig	825	pub	inline	carriesPropCacheIdx
src/bytecode.zig	832	pub	inline	carriesPropCacheIdxPhase1
src/bytecode.zig	838	pub		formatOfPhase1
src/bytecode.zig	844	pub		nameOf
src/bytecode.zig	849	pub		nameOfPhase1
src/bytecode.zig	854	pub		nPopOf
src/bytecode.zig	859	pub		nPushOf
src/bytecode.zig	892	priv		isReclaimedName
src/bytecode.zig	915	pub	inline	stateOf
src/bytecode.zig	928	pub		free
src/bytecode.zig	932	pub		total
src/bytecode.zig	1027	pub		aliasOf
src/bytecode.zig	1512	pub		loweredDirectIdOf
src/bytecode.zig	1618	priv		nameEncodedOperand
src/bytecode.zig	1675	pub	inline	isClaimed
src/bytecode.zig	1678	pub	inline	isDynamic
src/bytecode.zig	1681	pub	inline	hasAtom
src/bytecode.zig	1684	pub	inline	hasLabel
src/bytecode.zig	1687	pub	inline	indexWidth
src/bytecode.zig	1781	priv		domainRowFor
src/bytecode.zig	1875	pub	inline	headerAtParser
src/bytecode.zig	1918	pub	inline	headerAtPhase1
src/bytecode.zig	1953	pub		shortSelectionOf
src/bytecode.zig	2041	pub	inline	selectJumpForm
src/bytecode.zig	2072	pub	inline	selectPushIntForm
src/bytecode.zig	2118	pub		finalEncodingOf
src/bytecode.zig	2152	pub	inline	selectSlotShortForm
src/bytecode.zig	2169	pub	inline	sizeOfForm
src/bytecode.zig	2179	pub	inline	burnedOperandOf
src/bytecode.zig	2206	pub	inline	operandOffsetOf
src/bytecode.zig	2231	pub		layoutOf
src/bytecode.zig	2256	pub	inline	hasAtom
src/bytecode.zig	2259	pub	inline	hasLabel
src/bytecode.zig	2265	pub	inline	isLowered
src/bytecode.zig	2269	pub	inline	indexWidth
src/bytecode.zig	2273	pub	inline	payload_pc
src/bytecode.zig	2277	pub	inline	next_pc
src/bytecode.zig	2283	pub	inline	canonical
src/bytecode.zig	2294	pub	inline	family
src/bytecode.zig	2298	pub	inline	layout
src/bytecode.zig	2351	pub		headerAt
src/bytecode.zig	2386	pub		operandAt
src/bytecode.zig	2417	priv		dynamicShape
src/bytecode.zig	2425	pub		stackEffect
src/bytecode.zig	2460	pub		targetOfLabel
src/bytecode.zig	2474	pub	inline	matchesFormAt
src/bytecode.zig	2818	pub		immediateSize
src/bytecode.zig	2825	pub		describe
src/bytecode.zig	2858	pub		operandSize
src/bytecode.zig	2882	priv		freeOwnedValue
src/bytecode.zig	2893	pub		init
src/bytecode.zig	2897	pub		deinit
src/bytecode.zig	2908	pub		append
src/bytecode.zig	2919	pub		appendOwned
src/bytecode.zig	2930	pub		get
src/bytecode.zig	2953	pub		init
src/bytecode.zig	2961	pub		deinit
src/bytecode.zig	2968	pub		add
src/bytecode.zig	2978	pub		lineForPc
src/bytecode.zig	3043	pub		init
src/bytecode.zig	3047	pub		deinit
src/bytecode.zig	3074	pub		addRequest
src/bytecode.zig	3081	pub		addImport
src/bytecode.zig	3100	pub		addExport
src/bytecode.zig	3109	pub		addIndirectExport
src/bytecode.zig	3126	pub		addStarExport
src/bytecode.zig	3134	pub		addImportAttribute
src/bytecode.zig	3145	priv	inline	append
src/bytecode.zig	3203	pub	inline	artifactAllocator
src/bytecode.zig	3322	pub		init
src/bytecode.zig	3335	pub		fromCompile
src/bytecode.zig	3351	pub	inline	isConst
src/bytecode.zig	3355	pub	inline	isLexical
src/bytecode.zig	3359	pub	inline	isCaptured
src/bytecode.zig	3363	pub	inline	hasScope
src/bytecode.zig	3367	pub	inline	varKind
src/bytecode.zig	3395	pub		init
src/bytecode.zig	3406	pub	inline	closureType
src/bytecode.zig	3410	pub	inline	isLexical
src/bytecode.zig	3414	pub	inline	isConst
src/bytecode.zig	3418	pub	inline	varKind
src/bytecode.zig	3422	pub		toInit
src/bytecode.zig	3840	priv	inline	bit
src/bytecode.zig	3844	priv	inline	assignBit
src/bytecode.zig	3848	pub	inline	hasDebug
src/bytecode.zig	3852	pub	inline	hasExtension
src/bytecode.zig	3856	pub		layout
src/bytecode.zig	3860	pub	inline	famBytes
src/bytecode.zig	3864	pub	inline	debugInfo
src/bytecode.zig	3870	pub	inline	debugInfoMut
src/bytecode.zig	3876	pub	inline	hotExtension
src/bytecode.zig	3891	pub	inline	hotExtensionCanonical
src/bytecode.zig	3897	pub	inline	hotExtensionMut
src/bytecode.zig	3905	priv	inline	canonicalHotAddress
src/bytecode.zig	3913	priv	inline	canonicalHotExtension
src/bytecode.zig	3920	priv	noinline	hotExtensionSlow
src/bytecode.zig	3929	priv	noinline	hotExtensionMutSlow
src/bytecode.zig	3938	priv	inline	hotExtensionRequiredMut
src/bytecode.zig	3946	pub	inline	canonicalCallFacts
src/bytecode.zig	3969	pub		applyFlags
src/bytecode.zig	3985	pub	inline	functionKind
src/bytecode.zig	3988	pub	inline	hasPrototype
src/bytecode.zig	3991	pub	inline	hasSimpleParameterList
src/bytecode.zig	3994	pub	inline	isDerivedClassConstructor
src/bytecode.zig	3997	pub	inline	needHomeObject
src/bytecode.zig	4000	pub	inline	newTargetAllowed
src/bytecode.zig	4003	pub	inline	superCallAllowed
src/bytecode.zig	4006	pub	inline	superAllowed
src/bytecode.zig	4009	pub	inline	argumentsAllowed
src/bytecode.zig	4012	pub	inline	isDirectOrIndirectEval
src/bytecode.zig	4015	pub	inline	callFacts
src/bytecode.zig	4019	pub	inline	ctorAllocProfile
src/bytecode.zig	4023	pub	inline	ctorAllocProfileMut
src/bytecode.zig	4027	pub	inline	legacyBytecodeAdapter
src/bytecode.zig	4040	pub	inline	setLegacyBytecodeAdapter
src/bytecode.zig	4049	pub	inline	openVarRefCount
src/bytecode.zig	4052	pub	inline	closureVarCount
src/bytecode.zig	4056	pub	inline	filenameAtom
src/bytecode.zig	4070	pub	inline	byteCodeAssumeMaterialized
src/bytecode.zig	4075	pub	inline	byteCode
src/bytecode.zig	4094	priv	noinline	byteCodeSlow
src/bytecode.zig	4103	pub	inline	allVarDefs
src/bytecode.zig	4115	pub	inline	argVarDefs
src/bytecode.zig	4119	pub	inline	localVarDefs
src/bytecode.zig	4124	pub	inline	varDefs
src/bytecode.zig	4127	pub	inline	closureVar
src/bytecode.zig	4136	pub	inline	cpoolSlice
src/bytecode.zig	4146	pub	inline	constantAt
src/bytecode.zig	4151	pub	inline	funcName
src/bytecode.zig	4154	pub	inline	varRefIsLexicalAt
src/bytecode.zig	4159	pub	inline	varRefIsConstAt
src/bytecode.zig	4164	pub	inline	varRefIsGlobalDeclAt
src/bytecode.zig	4169	pub	inline	varRefNamesLen
src/bytecode.zig	4173	pub	inline	varRefName
src/bytecode.zig	4177	pub	inline	localOpenBindingIndex
src/bytecode.zig	4182	pub	inline	argOpenBindingIndex
src/bytecode.zig	4187	pub	inline	isGlobalVar
src/bytecode.zig	4194	pub	inline	isModule
src/bytecode.zig	4197	pub	inline	isAsync
src/bytecode.zig	4200	pub	inline	isGenerator
src/bytecode.zig	4203	pub	inline	entryContract
src/bytecode.zig	4212	pub	inline	isStrictMode
src/bytecode.zig	4218	pub	inline	runtimeStrictMode
src/bytecode.zig	4223	pub	inline	executionFlags
src/bytecode.zig	4226	pub	inline	setExecutionFlags
src/bytecode.zig	4235	pub	inline	hasMappedArguments
src/bytecode.zig	4238	pub	inline	simpleInlineEligible
src/bytecode.zig	4241	pub	inline	strictSimpleInlineEligible
src/bytecode.zig	4244	pub	inline	strictSimpleSnapshotInlineEligible
src/bytecode.zig	4247	pub	inline	simpleInlineEmptyLeaf
src/bytecode.zig	4250	pub	inline	rawThisInlineEmptyLeaf
src/bytecode.zig	4253	pub	inline	simpleInlineExactArgsLeaf
src/bytecode.zig	4256	pub	inline	rawThisInlineExactArgsLeaf
src/bytecode.zig	4259	pub	inline	exactArgsLeafKind
src/bytecode.zig	4262	pub	inline	captureLeafKind
src/bytecode.zig	4265	pub	inline	smallInlineEligible
src/bytecode.zig	4268	pub	inline	applyForwardInlined
src/bytecode.zig	4271	pub	inline	pc2lineBuf
src/bytecode.zig	4283	pub	inline	pc2lineLen
src/bytecode.zig	4289	pub	inline	lineNum
src/bytecode.zig	4301	pub	inline	colNum
src/bytecode.zig	4313	pub	inline	sourceText
src/bytecode.zig	4321	pub	inline	scriptOrModule
src/bytecode.zig	4331	pub	inline	callSiteCount
src/bytecode.zig	4339	pub	inline	callSiteCache
src/bytecode.zig	4348	pub	inline	propSiteCount
src/bytecode.zig	4359	pub	inline	propSiteCache
src/bytecode.zig	4367	priv		createRaw
src/bytecode.zig	4390	pub		createProductionShell
src/bytecode.zig	4423	pub		createFixture
src/bytecode.zig	4464	pub		destroyUnpublishedFixture
src/bytecode.zig	4472	pub		publishFixtureNoFail
src/bytecode.zig	4476	pub	inline	realmContext
src/bytecode.zig	4485	priv	noinline	realmContextSlow
src/bytecode.zig	4505	pub		dupBytecodeAtoms
src/bytecode.zig	4522	pub		freeBytecodeAtoms
src/bytecode.zig	4539	priv	inline	hasAtomOperandFmt
src/bytecode.zig	4554	pub		next
src/bytecode.zig	4572	pub		atomOperandIterator
src/bytecode.zig	4576	pub		deinit
src/bytecode.zig	4580	priv		deinitWithLayout
src/bytecode.zig	4667	pub		heapByteSize
src/bytecode.zig	4671	priv		heapByteSizeWithLayout
src/bytecode.zig	4717	pub		init
src/bytecode.zig	4799	pub		fromFunction
src/bytecode.zig	4834	pub	inline	famBytes
src/bytecode.zig	4838	pub	inline	mainPayloadBytes
src/bytecode.zig	4842	pub		cpoolSliceMut
src/bytecode.zig	4846	pub		vardefsSliceMut
src/bytecode.zig	4850	pub		closureVarSliceMut
src/bytecode.zig	4854	pub		byteCodeSliceMut
src/bytecode.zig	4858	pub		callSitesSliceMut
src/bytecode.zig	4863	pub		propSitesSliceMut
src/bytecode.zig	4868	priv		hotExtensionPtrMut
src/bytecode.zig	4874	priv		seedHeader
src/bytecode.zig	4898	priv		restoreSizing
src/bytecode.zig	4907	priv		packedSlice
src/bytecode.zig	4922	priv		addSliceBytes
src/bytecode.zig	4927	priv		addSaturating
src/bytecode.zig	4931	pub		destroyFunctionBytecode
src/bytecode.zig	4936	pub		destroyFromHeader
src/bytecode.zig	4966	priv		freeOwnedValue
src/bytecode.zig	5055	priv	inline	growSliceBy
src/bytecode.zig	5088	priv	noinline	growSliceBySlowBytes
src/bytecode.zig	5113	priv		freeGrowableSlice
src/bytecode.zig	5126	priv		freeGrowableAtomSlice
src/bytecode.zig	5143	priv		freeGrowableNamedSlice
src/bytecode.zig	5328	pub		init
src/bytecode.zig	5338	pub		replaceSourceText
src/bytecode.zig	5349	pub		deinitInitFailure
src/bytecode.zig	5370	pub		appendScope
src/bytecode.zig	5383	pub		rebuildFinalScopeLinks
src/bytecode.zig	5448	pub		validateFinalScopeLinks
src/bytecode.zig	5521	priv		invalidateScopeLinkCache
src/bytecode.zig	5525	priv		proveAncestorScopeLinks
src/bytecode.zig	5536	pub		consumeGlobalVars
src/bytecode.zig	5553	pub		ensureFuncExprSelfBinding
src/bytecode.zig	5575	pub		ensureThisBinding
src/bytecode.zig	5593	pub		ensureNewTargetBinding
src/bytecode.zig	5605	pub		ensureThisActiveFunctionBinding
src/bytecode.zig	5617	pub		ensureHomeObjectBinding
src/bytecode.zig	5635	pub		ensureArgumentsBinding
src/bytecode.zig	5651	pub		ensureArgumentsArgumentBinding
src/bytecode.zig	5692	pub		hasExplicitArgumentsVar
src/bytecode.zig	5704	pub		appendVar
src/bytecode.zig	5714	pub		appendGlobalVar
src/bytecode.zig	5724	pub		appendArg
src/bytecode.zig	5737	pub		addChild
src/bytecode.zig	5746	pub		addScopeVar
src/bytecode.zig	5775	pub		addClosureVar
src/bytecode.zig	5794	priv		captureBinding
src/bytecode.zig	5809	pub		captureLocal
src/bytecode.zig	5815	pub		captureArg
src/bytecode.zig	5823	pub		findVar
src/bytecode.zig	5832	pub		findArg
src/bytecode.zig	5843	pub		appendByteCode
src/bytecode.zig	5849	pub		appendSourceLoc
src/bytecode.zig	5863	pub		truncateSourceLocs
src/bytecode.zig	5869	pub		appendAtomOperand
src/bytecode.zig	5876	pub		reserveAtomOperands
src/bytecode.zig	5883	pub		appendAtomOperandAssumeCapacity
src/bytecode.zig	5892	pub		takeLastAtomOperand
src/bytecode.zig	5899	pub		appendCpool
src/bytecode.zig	5906	pub		appendCpoolOwned
src/bytecode.zig	5937	pub		traceCompileRoots
src/bytecode.zig	5947	pub		truncateByteCode
src/bytecode.zig	5954	pub		truncateAtomOperands
src/bytecode.zig	5961	pub		deinit
src/bytecode.zig	6181	pub		deinit
src/bytecode.zig	6193	pub		encode
src/bytecode.zig	6219	priv		putByte
src/bytecode.zig	6228	priv		putLeb128
src/bytecode.zig	6241	priv		putSleb128
src/bytecode.zig	6250	priv		encodeInto
src/bytecode.zig	6302	pub		decodeHeader
src/bytecode.zig	6319	pub		decode
src/bytecode.zig	6362	pub		findSourceLocation
src/bytecode.zig	6403	priv		readLeb128
src/bytecode.zig	6419	priv		readSleb128
src/bytecode.zig	6655	priv		decodeScopeOperand
src/bytecode.zig	6675	priv		markEvalCapturedVariables
src/bytecode.zig	6694	priv		encodeEvalScopeHead
src/bytecode.zig	6706	priv		validateFunctionDefParentChain
src/bytecode.zig	6737	pub		init
src/bytecode.zig	6745	pub		initWithFunctionDef
src/bytecode.zig	6762	pub		proveScopeLinksForResolution
src/bytecode.zig	6769	priv		proveParentScopeLinksForResolution
src/bytecode.zig	6783	priv		fclosureEncodingSize
src/bytecode.zig	6788	priv		emitFClosure
src/bytecode.zig	6809	priv		lowerScopeVarOpGlobal
src/bytecode.zig	6825	priv		lowerScopeVarOpLocal
src/bytecode.zig	6852	priv		selectShortLoc
src/bytecode.zig	6878	priv		shortOpcodesEnabled
src/bytecode.zig	6883	priv		selectLocForm
src/bytecode.zig	6888	priv		closureVarIsRuntimeVarRef
src/bytecode.zig	6899	priv		closureVarSourceIsDynamicGlobal
src/bytecode.zig	6919	priv		lookupClosureVar
src/bytecode.zig	6935	priv		lookupGlobalClosureVar
src/bytecode.zig	6947	priv		addOrFindClosureSource
src/bytecode.zig	6974	priv		threadClosureSource
src/bytecode.zig	7000	priv		ensureGlobalClosureVar
src/bytecode.zig	7041	priv		emitGlobalVarOp
src/bytecode.zig	7049	priv		lookupTopLevelModuleLexicalClosureVar
src/bytecode.zig	7058	priv		preferTopLevelModuleClassBinding
src/bytecode.zig	7069	priv		closureVarKind
src/bytecode.zig	7089	priv		closureVarWriteThrowsReadOnly
src/bytecode.zig	7095	priv		closureVarConstWriteThrows
src/bytecode.zig	7122	priv		writeThrowVarReadOnly
src/bytecode.zig	7126	priv		writeThrowVarError
src/bytecode.zig	7143	priv		writeThrowVarRedeclaration
src/bytecode.zig	7152	priv		lowerScopeVarOpForClosure
src/bytecode.zig	7234	priv		resolvePrivateField
src/bytecode.zig	7260	priv		isPrivateVarKind
src/bytecode.zig	7272	priv		isPrivateSetterCompanionName
src/bytecode.zig	7281	priv		resolvePrivateSetter
src/bytecode.zig	7306	priv		privateAccessorSize
src/bytecode.zig	7310	priv		writePrivateAccessor
src/bytecode.zig	7334	priv		loweredPrivateFieldSize
src/bytecode.zig	7358	priv		loweredPrivateFieldAtomCount
src/bytecode.zig	7367	priv		writePrivateCallMethodZero
src/bytecode.zig	7373	priv		writePrivateCallMethod
src/bytecode.zig	7380	priv		writeLoweredPrivateField
src/bytecode.zig	7461	priv		varNeedsTdzRearm
src/bytecode.zig	7465	priv		varNeedsScopeFunctionInit
src/bytecode.zig	7474	priv		enterScopeRefreshSize
src/bytecode.zig	7496	priv		writeEnterScopeRefresh
src/bytecode.zig	7522	priv		leaveScopeCloseSize
src/bytecode.zig	7536	priv		writeLeaveScopeClose
src/bytecode.zig	7553	priv		lowerScopeVarOpClosure
src/bytecode.zig	7565	priv		selectShortVarRef
src/bytecode.zig	7582	priv		selectVarRefForm
src/bytecode.zig	7587	priv		selectShortArg
src/bytecode.zig	7603	priv		selectArgForm
src/bytecode.zig	7608	priv		lookupArg
src/bytecode.zig	7620	priv		lookupCurrentFunctionName
src/bytecode.zig	7630	priv		lookupCurrentPseudoBinding
src/bytecode.zig	7649	priv		lowerScopeVarOpArg
src/bytecode.zig	7670	priv	inline	resolveScopeVarLookupImpl
src/bytecode.zig	7704	priv	inline	resolveScopeVarImpl
src/bytecode.zig	7718	priv	inline	resolveScopeVar
src/bytecode.zig	7738	priv	inline	resolveLocalOrArgImpl
src/bytecode.zig	7767	priv	inline	resolveLocalOrArg
src/bytecode.zig	7778	priv		isEvalVarObjectAtom
src/bytecode.zig	7782	priv		isDynamicEnvObjectAtom
src/bytecode.zig	7786	priv		closureVarRangeHasDynamicEnvObjects
src/bytecode.zig	7799	priv		functionHasDynamicEnvObjects
src/bytecode.zig	7808	priv		scopeUsesArgumentEnvironmentOnly
src/bytecode.zig	7826	priv		init
src/bytecode.zig	7853	priv		next
src/bytecode.zig	7871	priv		init
src/bytecode.zig	7883	priv		next
src/bytecode.zig	7902	priv		staticBindingStopsDynamicEnvProbes
src/bytecode.zig	7929	priv		scopeVarDynamicProbeEligible
src/bytecode.zig	7938	priv		resolvedBindingStopsDynamicEnvProbes
src/bytecode.zig	7973	priv		closureDynamicEnvProbeIteratorInitResolved
src/bytecode.zig	7994	priv		scopeContainsBinding
src/bytecode.zig	8016	priv		matches
src/bytecode.zig	8026	priv		wireKind
src/bytecode.zig	8042	priv		evalVarObjectProbePlan
src/bytecode.zig	8091	priv		size
src/bytecode.zig	8095	priv		atomCount
src/bytecode.zig	8099	priv		form
src/bytecode.zig	8103	priv		throwReadonly
src/bytecode.zig	8111	priv		dropAction
src/bytecode.zig	8124	priv		from
src/bytecode.zig	8146	priv		scopeVarProbeKind
src/bytecode.zig	8156	priv		globalScopeVarAction
src/bytecode.zig	8168	priv		closureScopeVarAction
src/bytecode.zig	8187	priv	noinline	planScopeVarAction
src/bytecode.zig	8239	priv		planResolvedScopeVarAction
src/bytecode.zig	8282	priv		planScopeVarLowering
src/bytecode.zig	8305	priv		writeScopeVarAction
src/bytecode.zig	8326	priv		evalVarObjectProbeAccessorSize
src/bytecode.zig	8333	priv		evalVarObjectProbeIsWith
src/bytecode.zig	8340	priv		evalVarObjectClosureProbe
src/bytecode.zig	8347	priv		loweredScopeDeleteVarSize
src/bytecode.zig	8357	priv		loweredScopeGetRefSize
src/bytecode.zig	8373	priv		loweredScopeMakeRefSize
src/bytecode.zig	8395	priv		loweredScopeMakeRefAtomCount
src/bytecode.zig	8415	priv		writeEvalVarObjectProbeAccessor
src/bytecode.zig	8443	priv		writeLoweredScopeDeleteVar
src/bytecode.zig	8479	priv		writeLoweredScopeGetRef
src/bytecode.zig	8536	priv		writeFunctionNameDummyRef
src/bytecode.zig	8563	priv		writeLoweredScopeMakeRef
src/bytecode.zig	8645	priv		isLexicalLocal
src/bytecode.zig	8651	priv		isEvalNonLexicalLocal
src/bytecode.zig	8675	priv		bytecodeFunctionIsEval
src/bytecode.zig	8685	priv		localIsFunctionName
src/bytecode.zig	8694	priv		localWriteThrowsReadOnly
src/bytecode.zig	8711	priv		lowerScopeVarOpLexical
src/bytecode.zig	8726	priv		localLexicalAccessNeedsCheck
src/bytecode.zig	8731	priv		writeSelectedLocForm
src/bytecode.zig	8742	priv		markReferenceTakenBinding
src/bytecode.zig	8759	priv		functionIsStrict
src/bytecode.zig	8764	priv		functionDeclaresGlobalVar
src/bytecode.zig	8772	priv		canOptimizeGlobalRefPutTail
src/bytecode.zig	8776	priv		closureVarIsGlobalFamily
src/bytecode.zig	8786	priv		resolveEvalGlobalVarTargets
src/bytecode.zig	8817	priv		hasDirectEvalLexicalRedeclaration
src/bytecode.zig	8838	priv		isPseudoBindingAtom
src/bytecode.zig	8845	priv		threadParentLocalSource
src/bytecode.zig	8863	priv		threadParentArgSource
src/bytecode.zig	8889	priv		discoverParentScopedSource
src/bytecode.zig	8918	priv		threadParentEvalObject
src/bytecode.zig	8927	priv		ensureParentArgumentsBinding
src/bytecode.zig	8935	priv		ensureCurrentPseudoBinding
src/bytecode.zig	8958	priv		findResolvedClosureBinding
src/bytecode.zig	8983	priv	noinline	resolveBindingTopologyAfterCurrentMiss
src/bytecode.zig	9156	priv	inline	resolveBindingTopologyResultImpl
src/bytecode.zig	9178	priv		resolveBindingTopologyResult
src/bytecode.zig	9189	priv		resolveScopeVarBindingTopologyImpl
src/bytecode.zig	9221	priv		resolveScopeVarBindingTopology
src/bytecode.zig	9260	priv		init
src/bytecode.zig	9280	priv	inline	withBinding
src/bytecode.zig	9291	priv	inline	binding
src/bytecode.zig	9300	priv	inline	action
src/bytecode.zig	9312	priv	inline	resolveScopeVarPlanImpl
src/bytecode.zig	9348	priv	noinline	resolveScopeVarPlan
src/bytecode.zig	9357	priv	inline	resolveScopeVarPlanV2
src/bytecode.zig	9366	priv		resolveBindingTopology
src/bytecode.zig	9370	priv	inline	resolveBindingTopologyV2
src/bytecode.zig	9374	priv	inline	resolveScopeVarBindingTopologyV2
src/bytecode.zig	9387	priv		privateBindingOwner
src/bytecode.zig	9415	priv		findPrivateSetterOwnerBinding
src/bytecode.zig	9429	priv		resolvePrivateBindingTopology
src/bytecode.zig	9457	priv		makeRefBindingIsGlobal
src/bytecode.zig	9688	priv	inline	validateKnownInstruction
src/bytecode.zig	9739	priv		validateBefore
src/bytecode.zig	9751	priv		finish
src/bytecode.zig	9763	pub		compute
src/bytecode.zig	9958	priv		seed
src/bytecode.zig	9983	priv		maybePopCatchPos
src/bytecode.zig	10403	priv		isVarInArgumentScope
src/bytecode.zig	10412	priv		captureEvalParentLocal
src/bytecode.zig	10447	priv		captureEvalParentArg
src/bytecode.zig	10479	priv		addEvalVariables
src/bytecode.zig	10605	priv		addGlobalVariables
src/bytecode.zig	10636	priv		prepareCurrentBeforeChildren
src/bytecode.zig	10693	priv		validateOpenBindingIndices
src/bytecode.zig	10730	pub		createFunctionBytecode
src/bytecode.zig	10741	pub		createModuleFunctionBytecode
src/bytecode.zig	10754	priv		validateRuntimeIdentity
src/bytecode.zig	10761	priv		validatePreLoweringArtifactShape
src/bytecode.zig	10773	priv		validateFinalArtifactShape
src/bytecode.zig	10800	priv		createFunctionBytecodeAfterChildren
src/bytecode.zig	10998	pub		runWithFunctionDef
src/bytecode.zig	11012	pub		runWithFunctionDefRuntime
src/bytecode.zig	11032	priv		lowerAttachedBuilder
src/bytecode.zig	11045	priv		publishLoweredMetadata
src/bytecode.zig	11140	priv	noinline	computeStackSizeForCurrentBytecode
src/bytecode.zig	11162	priv		encodePc2Line
src/bytecode.zig	11172	priv		syncBytecodeVarNames
src/bytecode.zig	11193	priv		syncBytecodeArgDefs
src/bytecode.zig	11214	priv		syncBytecodeVarRefNames
src/bytecode.zig	11245	priv		installChildFunctionBytecodes
src/bytecode.zig	11360	priv		syncFunctionDefCpool
src/bytecode.zig	11385	priv		growSliceBy
src/bytecode.zig	11410	priv		freeGrowableSlice
src/bytecode.zig	11423	priv		freeOwnedAtomSlice
src/bytecode.zig	11429	priv		freeOwnedVarDefSlice
src/bytecode.zig	11435	priv		freeOwnedClosureVarSlice
src/bytecode.zig	11441	priv		freeGrowableAtomSlice
src/bytecode.zig	11623	pub		init
src/bytecode.zig	11634	pub		deinit
src/bytecode.zig	11659	pub	inline	byteCode
src/bytecode.zig	11662	pub	inline	funcName
src/bytecode.zig	11665	pub	inline	argVarDefs
src/bytecode.zig	11668	pub	inline	varDefs
src/bytecode.zig	11671	pub	inline	closureVar
src/bytecode.zig	11674	pub	inline	cpoolSlice
src/bytecode.zig	11677	pub	inline	constantAt
src/bytecode.zig	11680	pub	inline	pc2lineBuf
src/bytecode.zig	11683	pub	inline	lineNum
src/bytecode.zig	11686	pub	inline	colNum
src/bytecode.zig	11689	pub	inline	scriptOrModule
src/bytecode.zig	11692	pub	inline	realmContext
src/bytecode.zig	11695	pub	inline	isGlobalVar
src/bytecode.zig	11698	pub	inline	isModule
src/bytecode.zig	11701	pub	inline	functionKind
src/bytecode.zig	11711	pub	inline	isDerivedClassConstructor
src/bytecode.zig	11714	pub	inline	hasPrototype
src/bytecode.zig	11717	pub	inline	hasSimpleParameterList
src/bytecode.zig	11720	pub	inline	needHomeObject
src/bytecode.zig	11723	pub	inline	newTargetAllowed
src/bytecode.zig	11726	pub	inline	superCallAllowed
src/bytecode.zig	11729	pub	inline	superAllowed
src/bytecode.zig	11732	pub	inline	argumentsAllowed
src/bytecode.zig	11735	pub	inline	isDirectOrIndirectEval
src/bytecode.zig	11738	pub	inline	isAsync
src/bytecode.zig	11741	pub	inline	isGenerator
src/bytecode.zig	11744	pub	inline	entryContract
src/bytecode.zig	11747	pub	inline	isStrictMode
src/bytecode.zig	11750	pub	inline	runtimeStrictMode
src/bytecode.zig	11753	pub	inline	hasMappedArguments
src/bytecode.zig	11756	pub	inline	simpleInlineEligible
src/bytecode.zig	11759	pub	inline	strictSimpleInlineEligible
src/bytecode.zig	11762	pub	inline	strictSimpleSnapshotInlineEligible
src/bytecode.zig	11765	pub	inline	simpleInlineEmptyLeaf
src/bytecode.zig	11768	pub	inline	rawThisInlineEmptyLeaf
src/bytecode.zig	11771	pub	inline	simpleInlineExactArgsLeaf
src/bytecode.zig	11774	pub	inline	rawThisInlineExactArgsLeaf
src/bytecode.zig	11777	pub	inline	exactArgsLeafKind
src/bytecode.zig	11780	pub	inline	captureLeafKind
src/bytecode.zig	11788	pub	inline	varRefIsLexicalAt
src/bytecode.zig	11792	pub	inline	varRefIsConstAt
src/bytecode.zig	11796	pub	inline	varRefIsGlobalDeclAt
src/bytecode.zig	11805	pub	inline	varRefNamesLen
src/bytecode.zig	11808	pub	inline	varRefName
src/bytecode.zig	11813	pub		setCode
src/bytecode.zig	11826	pub		appendCode
src/bytecode.zig	11832	pub		appendSourceLoc
src/bytecode.zig	11843	pub		truncateSourceLocs
src/bytecode.zig	11850	pub		truncateCode
src/bytecode.zig	11858	pub		installCode
src/bytecode.zig	11871	pub		installCodeWithCapacity
src/bytecode.zig	11879	pub		installPc2Line
src/bytecode.zig	11891	pub		installAtomOperands
src/bytecode.zig	11902	pub		installAtomOperandsWithCapacity
src/bytecode.zig	11910	pub		addConstant
src/bytecode.zig	11921	pub		traceCompileRoots
src/bytecode.zig	11928	pub		retainAtomOperand
src/bytecode.zig	11933	pub		reserveAtomOperands
src/bytecode.zig	11940	pub		retainAtomOperandAssumeCapacity
src/bytecode.zig	11948	pub		takeLastAtomOperand
src/bytecode.zig	11957	pub		truncateAtomOperands
src/bytecode.zig	11964	pub	inline	localOpenBindingIndex
src/bytecode.zig	11970	pub	inline	argOpenBindingIndex
src/bytecode.zig	11976	pub		ensureModule
src/bytecode.zig	11981	pub		ensureDebug
src/bytecode.zig	12005	pub		init
src/bytecode.zig	12068	pub		codeMaterializesArgumentsObject
src/bytecode.zig	12093	priv		scanSmallInlineEligible
src/bytecode.zig	12140	pub		classifyAsyncExecution
src/bytecode.zig	12161	pub		publishExecutionFlags
src/bytecode.zig	12271	pub		dumpFunctionBytecode
src/bytecode.zig	12280	priv		dumpArtifact
src/bytecode.zig	12344	priv		printOperandsFromLayout
src/bytecode.zig	12419	priv		layoutsEqual
src/bytecode.zig	12450	priv		layoutOf
src/bytecode.zig	12464	priv		dynamicShape
src/cli/cli_process.zig	9	pub		argsToSlice
src/cli/cli_process.zig	18	pub		printError
src/cli/cli_process.zig	23	pub		printErrorJoin
src/cli/run_test262.zig	80	pub		main
src/cli/run_test262.zig	118	priv		printUsage
src/cli/run_test262.zig	122	priv		printSummary
src/cli/run_test262.zig	154	pub		deinit
src/cli/run_test262.zig	165	pub		deinit
src/cli/run_test262.zig	178	pub		deinit
src/cli/run_test262.zig	192	priv		init
src/cli/run_test262.zig	196	priv		deinit
src/cli/run_test262.zig	233	priv		run
src/cli/run_test262.zig	252	pub		runSelectedTests
src/cli/run_test262.zig	256	priv		runSelectedTestsQuiet
src/cli/run_test262.zig	260	priv		runSelectedTestsWithReporterMode
src/cli/run_test262.zig	382	priv		runWorkerLoop
src/cli/run_test262.zig	492	pub		prepareSelection
src/cli/run_test262.zig	557	priv		requireTest262Roots
src/cli/run_test262.zig	571	priv		enumerateTests
src/cli/run_test262.zig	587	priv		runOneTest
src/cli/run_test262.zig	652	priv		runEmbeddedEngine
src/cli/run_test262.zig	748	priv		asyncHarnessCompleted
src/cli/run_test262.zig	761	priv		formatPendingExceptionName
src/cli/run_test262.zig	815	priv		exceptionStringProperty
src/cli/run_test262.zig	822	priv		runExternalEngine
src/cli/run_test262.zig	909	priv		prepareModuleTempTree
src/cli/run_test262.zig	935	priv		copyStderr
src/cli/run_test262.zig	941	priv		printRunResult
src/cli/run_test262.zig	969	pub		negativeResultMatches
src/cli/run_test262.zig	984	pub		tempTestPath
src/cli/run_test262.zig	989	pub		moduleTempTestPath
src/cli/run_test262.zig	1007	pub		tempTestPathShm
src/cli/run_test262.zig	1014	priv		printFailure
src/cli/run_test262_config.zig	16	pub		init
src/cli/run_test262_config.zig	25	pub		deinit
src/cli/run_test262_config.zig	40	pub		excludesTest
src/cli/run_test262_config.zig	48	pub		loadText
src/cli/run_test262_config.zig	91	pub		loadFile
src/cli/run_test262_config.zig	98	pub		applyFeatureOverrides
src/cli/run_test262_config.zig	117	priv		parseExcludeEntry
src/cli/run_test262_config.zig	127	priv		parseConfigEntry
src/cli/run_test262_config.zig	145	priv		parseFeatureEntry
src/cli/run_test262_config.zig	158	pub		stripComment
src/cli/run_test262_config.zig	167	priv		composeRulePath
src/cli/run_test262_config.zig	175	priv		composePath
src/cli/run_test262_host.zig	12	pub		assertSameValue
src/cli/run_test262_host.zig	17	priv		test262EvalScript
src/cli/run_test262_host.zig	67	priv		test262PageAllocator
src/cli/run_test262_host.zig	71	priv		test262AgentIo
src/cli/run_test262_host.zig	75	priv		test262AgentAppend
src/cli/run_test262_host.zig	85	priv		test262AgentEnqueueReport
src/cli/run_test262_host.zig	95	priv		test262AgentDestroy
src/cli/run_test262_host.zig	105	priv		test262AgentEnsureAgentCapacityLocked
src/cli/run_test262_host.zig	117	priv		test262AgentEnsureReportCapacityLocked
src/cli/run_test262_host.zig	129	priv		test262AgentRemoveAtLocked
src/cli/run_test262_host.zig	146	priv		test262AgentRemove
src/cli/run_test262_host.zig	158	priv		test262AgentSweepCompletedLocked
src/cli/run_test262_host.zig	177	priv		test262AgentTakeReportLocked
src/cli/run_test262_host.zig	199	priv		test262AgentSweepReportsLocked
src/cli/run_test262_host.zig	223	pub		cleanupTest262Agents
src/cli/run_test262_host.zig	267	priv		test262AgentInterruptHandler
src/cli/run_test262_host.zig	273	priv		test262AgentRun
src/cli/run_test262_host.zig	322	priv		test262AgentIsDone
src/cli/run_test262_host.zig	329	priv		test262AgentStart
src/cli/run_test262_host.zig	360	priv		test262AgentBroadcast
src/cli/run_test262_host.zig	385	priv		test262AgentReceiveBroadcast
src/cli/run_test262_host.zig	415	priv		test262AgentReport
src/cli/run_test262_host.zig	431	priv		test262AgentGetReport
src/cli/run_test262_host.zig	453	priv		test262AgentLeaving
src/cli/run_test262_host.zig	473	priv		test262AgentSleep
src/cli/run_test262_host.zig	491	priv		test262AgentMonotonicNow
src/cli/run_test262_host.zig	505	pub		installTest262Globals
src/cli/run_test262_host.zig	582	priv		installAssertObject
src/cli/run_test262_host.zig	601	priv		defineGlobalExternalHostFunction
src/cli/run_test262_host.zig	614	priv		hostCallTest262Error
src/cli/run_test262_host.zig	626	priv		hostCallAssertSameValue
src/cli/run_test262_host.zig	638	priv		hostCallAssertTrue
src/cli/run_test262_host.zig	651	priv		hostCallAssertNotSameValue
src/cli/run_test262_host.zig	665	priv		hostCallAssertThrows
src/cli/run_test262_host.zig	693	priv		hostCallVerifyProperty
src/cli/run_test262_host.zig	704	priv		hostCallVerifyCallableProperty
src/cli/run_test262_host.zig	715	priv		hostCallIsConstructor
src/cli/run_test262_host.zig	727	priv		hostCallVerifyNotWritable
src/cli/run_test262_host.zig	738	priv		hostCallVerifyNotEnumerable
src/cli/run_test262_host.zig	749	priv		hostCallVerifyConfigurable
src/cli/run_test262_host.zig	760	priv		hostCallCompareArray
src/cli/run_test262_host.zig	781	priv		hostCallSetTimeout
src/cli/run_test262_host.zig	799	priv		assertSameValueArgs
src/cli/run_test262_host.zig	805	priv		hostVerifyProperty
src/cli/run_test262_host.zig	839	priv		hostVerifyPropertyFlag
src/cli/run_test262_host.zig	850	priv		verifyDescriptorObject
src/cli/run_test262_host.zig	880	priv		expectedHas
src/cli/run_test262_host.zig	884	priv		expectedValue
src/cli/run_test262_host.zig	888	priv		stringBytes
src/cli/run_test262_host.zig	893	priv		test262Int64Arg
src/cli/run_test262_host.zig	900	priv		int64ResultValue
src/cli/run_test262_host.zig	904	priv		test262InternalObjectFromValue
src/cli/run_test262_host.zig	910	priv		hostCallIsHtmlDda
src/cli/run_test262_host.zig	923	priv		test262CreateRealm
src/cli/run_test262_host.zig	939	priv		test262DetachArrayBuffer
src/cli/run_test262_host.zig	951	priv		test262Gc
src/cli/run_test262_host.zig	964	priv		wrapExternal
src/cli/run_test262_host.zig	966	priv		call
src/cli/run_test262_host.zig	977	priv		wrapExternalWithFunc
src/cli/run_test262_host.zig	979	priv		call
src/cli/run_test262_host.zig	991	priv		ensureTest262HarnessException
src/cli/run_test262_host.zig	999	priv		throwTest262HarnessError
src/cli/run_test262_host.zig	1003	priv		createTest262ErrorValue
src/cli/run_test262_host.zig	1007	priv		createExternalHostFunction
src/cli/run_test262_host.zig	1017	priv		createExternalHostFunctionWithRealm
src/cli/run_test262_host.zig	1034	priv		test262AgentStringValue
src/cli/run_test262_known_errors.zig	6	pub		load
src/cli/run_test262_known_errors.zig	21	pub		normalizeKey
src/cli/run_test262_known_errors.zig	30	pub		contains
src/cli/run_test262_known_errors.zig	37	pub		parseText
src/cli/run_test262_known_errors.zig	51	pub		write
src/cli/run_test262_known_errors.zig	57	pub		mergeForUpdate
src/cli/run_test262_known_errors.zig	74	pub		renderText
src/cli/run_test262_known_errors.zig	89	priv		dirname
src/cli/run_test262_known_errors.zig	93	priv		entryPath
src/cli/run_test262_known_errors.zig	98	priv		selectedContains
src/cli/run_test262_known_errors.zig	108	priv		normalizeEntry
src/cli/run_test262_known_errors.zig	113	priv		normalizePath
src/cli/run_test262_known_errors.zig	122	priv		pathRelativeToBase
src/cli/run_test262_metadata.zig	8	pub		deinit
src/cli/run_test262_metadata.zig	20	pub		init
src/cli/run_test262_metadata.zig	28	pub		deinit
src/cli/run_test262_metadata.zig	35	pub		hasSkippedFeature
src/cli/run_test262_metadata.zig	39	pub		skippedFeature
src/cli/run_test262_metadata.zig	46	pub		hasFlag
src/cli/run_test262_metadata.zig	54	pub		parse
src/cli/run_test262_metadata.zig	123	priv		parseList
src/cli/run_test262_metadata.zig	132	priv		parseListItem
src/cli/run_test262_names.zig	10	pub		init
src/cli/run_test262_names.zig	14	pub		deinit
src/cli/run_test262_names.zig	21	pub		appendOwned
src/cli/run_test262_names.zig	35	pub		append
src/cli/run_test262_names.zig	39	pub		sortAndDedupe
src/cli/run_test262_names.zig	56	pub		dedupePreserveOrder
src/cli/run_test262_names.zig	78	pub		contains
src/cli/run_test262_names.zig	82	pub		bestMatchLen
src/cli/run_test262_names.zig	93	pub		containsExact
src/cli/run_test262_names.zig	100	pub		removeExact
src/cli/run_test262_names.zig	115	pub		findSortedExact
src/cli/run_test262_names.zig	132	pub		move
src/cli/run_test262_names.zig	143	pub		compare
src/cli/run_test262_names.zig	168	priv		lessThan
src/cli/run_test262_names.zig	172	priv		isAsciiDigit
src/cli/run_test262_names.zig	176	priv		asciiDigitRunEnd
src/cli/run_test262_names.zig	182	priv		compareAsciiDigitRuns
src/cli/run_test262_names.zig	197	priv		trimLeadingAsciiZeroes
src/cli/run_test262_options.zig	47	pub		selectedCount
src/cli/run_test262_options.zig	66	pub		append
src/cli/run_test262_options.zig	72	pub		get
src/cli/run_test262_options.zig	81	pub		append
src/cli/run_test262_options.zig	87	pub		get
src/cli/run_test262_options.zig	92	pub		parse
src/cli/run_test262_options.zig	146	priv		nextValue
src/cli/run_test262_options.zig	152	priv		parseU32
src/cli/run_test262_options.zig	156	priv		parseUsize
src/cli/run_test262_options.zig	160	priv		isDecimal
src/cli/run_test262_reporter.zig	28	pub		name
src/cli/run_test262_reporter.zig	63	pub		init
src/cli/run_test262_reporter.zig	67	pub		initQuiet
src/cli/run_test262_reporter.zig	71	pub		deinit
src/cli/run_test262_reporter.zig	82	pub		lockedPrint
src/cli/run_test262_reporter.zig	93	pub		recordResult
src/cli/run_test262_reporter.zig	117	pub		recordSkippedFeature
src/cli/run_test262_reporter.zig	124	priv		findOrInsertDir
src/cli/run_test262_reporter.zig	134	priv		findOrInsertSkippedFeature
src/cli/run_test262_reporter.zig	144	priv		appendFailureLine
src/cli/run_test262_reporter.zig	164	pub		flush
src/cli/run_test262_reporter.zig	198	pub		classifyBucket
src/cli/run_test262_reporter.zig	214	pub		deriveDirSegment
src/cli/run_test262_reporter.zig	221	priv		firstTwoComponents
src/cli/run_test262_reporter.zig	228	priv		renderBucketsJson
src/cli/run_test262_reporter.zig	244	pub		renderSortedFailureLog
src/cli/run_test262_reporter.zig	265	priv		renderByDirJson
src/cli/run_test262_reporter.zig	286	pub		renderSkippedFeaturesJson
src/cli/run_test262_reporter.zig	310	priv		lessThanDirEntry
src/cli/run_test262_reporter.zig	314	priv		lessThanSkippedFeatureEntry
src/cli/run_test262_reporter.zig	319	priv		lessThanFailureLogLine
src/cli/run_test262_source.zig	23	pub		init
src/cli/run_test262_source.zig	31	pub		deinit
src/cli/run_test262_source.zig	41	priv		get
src/cli/run_test262_source.zig	54	priv		append
src/cli/run_test262_source.zig	69	pub		makeHarnessPrelude
src/cli/run_test262_source.zig	144	pub		readTestSource
src/cli/run_test262_source.zig	154	pub		test262Override
src/cli/run_test262_source.zig	162	priv		verifyTest262OverrideUpstream
src/cli/run_test262_source.zig	177	priv		computeSha256Hex
src/cli/run_test262_source.zig	191	pub		test262OverridePath
src/cli/run_test262_source.zig	197	pub		test262UpstreamPath
src/cli/run_test262_source.zig	219	pub		test262RelativePath
src/cli/run_test262_source.zig	232	pub		requireTest262RelativePath
src/cli/run_test262_source.zig	241	priv		lastTest262ComponentEnd
src/cli/run_test262_source.zig	253	pub		makeTestSourceFromBytes
src/cli/run_test262_source.zig	310	priv		needsAsyncHarness
src/cli/run_test262_source.zig	315	priv		readHarnessFile
src/cli/zjs.zig	34	pub		deinit
src/cli/zjs.zig	68	priv		addInclude
src/cli/zjs.zig	74	priv		includes
src/cli/zjs.zig	91	pub		parseArgs
src/cli/zjs.zig	206	priv		runFileModule
src/cli/zjs.zig	218	pub		main
src/cli/zjs.zig	482	priv		printUsage
src/cli/zjs.zig	490	priv		printConfigSignature
src/cli/zjs.zig	498	priv		commandRuntimeOptions
src/cli/zjs.zig	505	priv		commandTracksUnhandledRejections
src/cli/zjs.zig	511	priv		commandScriptArgs
src/cli/zjs.zig	518	priv		applyRuntimeOptions
src/cli/zjs.zig	527	priv		exitIfRequested
src/cli/zjs.zig	534	priv		runIncludeFiles
src/cli/zjs.zig	553	priv		parseLimitKBytes
src/cli/zjs.zig	559	priv		detectFileMode
src/cli/zjs.zig	570	priv		sourceLooksLikeModule
src/cli/zjs.zig	584	priv		skipShebang
src/cli/zjs.zig	592	priv		dumpMemoryUsage
src/cli/zjs.zig	596	priv		dumpMemorySnapshot
src/cli/zjs.zig	628	priv		dumpPerfJson
src/cli/zjs.zig	649	priv		dumpPerfJsonMetrics
src/cli/zjs.zig	672	priv		dumpPerfJsonOpcodeProfile
src/cli/zjs.zig	732	priv		dumpPerfJsonIc
src/cli/zjs.zig	767	priv		writeJsonU64Array
src/cli/zjs.zig	776	priv		commandPerfFile
src/cli/zjs.zig	783	priv		writeJsonString
src/cli/zjs.zig	813	priv		dumpGcSpaceStats
src/cli/zjs.zig	837	priv		dumpGcBlockCensus
src/cli/zjs.zig	898	priv	noinline	writeCounterLine
src/cli/zjs.zig	906	priv		dumpGcGenerationStats
src/cli/zjs.zig	1035	priv		dumpGcBlockHeapStats
src/cli/zjs.zig	1095	priv		dumpGcPhaseTotals
src/cli/zjs.zig	1136	priv		dumpGcMarkFootprint
src/cli/zjs.zig	1221	priv		dumpGcStats
src/cli/zjs.zig	1262	priv		dumpAtomAuditStats
src/cli/zjs.zig	1270	priv		dumpGcDoomedState
src/cli/zjs.zig	1274	priv		writeDoomedStateLine
src/cli/zjs.zig	1306	priv		dumpGcPauses
src/cli/zjs.zig	1322	priv		dumpOpcodeProfile
src/cli/zjs.zig	1432	priv		setupV2OracleReportExitDump
src/cli/zjs.zig	1439	priv		writeV2OracleReportAtExit
src/cli/zjs.zig	1447	priv		opcodeProfileRowLessThan
src/cli/zjs.zig	1453	priv		ensureOpcodeProfileNames
src/cli/zjs.zig	1458	priv		takePendingRejectionOrException
src/cli/zjs.zig	1462	priv		printEvaluationError
src/cli/zjs.zig	1475	priv		printExceptionValue
src/cli/zjs.zig	1509	priv		printUnhandledRejectionTo
src/cli/zjs.zig	1530	priv		printTypeErrorNotFunction
src/cli/zjs.zig	2024	priv		initOpcodeProfile
src/compiler/builder.zig	90	pub	inline	reserve
src/compiler/builder.zig	126	priv	noinline	reserveSlowBytes
src/compiler/builder.zig	204	pub		init
src/compiler/builder.zig	211	pub		enableControlIndex
src/compiler/builder.zig	217	pub		hasControlIndex
src/compiler/builder.zig	221	pub		controlCount
src/compiler/builder.zig	225	pub		controlAt
src/compiler/builder.zig	232	priv		ensureControlCapacity
src/compiler/builder.zig	255	priv		appendControlAssumeCapacity
src/compiler/builder.zig	270	pub		recordControl
src/compiler/builder.zig	290	pub		deinit
src/compiler/builder.zig	321	pub		newLabel
src/compiler/builder.zig	342	pub		emitJump
src/compiler/builder.zig	382	pub		bindLabel
src/compiler/builder.zig	394	pub		bindLabelMatchBarrier
src/compiler/builder.zig	416	pub		retargetLabelRefs
src/compiler/builder.zig	495	pub		firstUnboundLabel
src/compiler/builder.zig	503	pub		emitOp
src/compiler/builder.zig	513	pub		emitOpU8
src/compiler/builder.zig	525	pub		emitOpU16
src/compiler/builder.zig	539	pub		emitCallOp
src/compiler/builder.zig	552	pub		emitOpU32
src/compiler/builder.zig	564	pub		emitOpI32
src/compiler/builder.zig	577	pub		emitAtomOpOwned
src/compiler/builder.zig	616	pub		emitAtomOpU8Owned
src/compiler/builder.zig	646	pub		emitAtomOpU16Owned
src/compiler/builder.zig	680	pub		emitScopeRefOpOwned
src/compiler/builder.zig	745	pub		takeLastAtomOwned
src/compiler/builder.zig	754	pub		takeTrailingAtomOpcodeOwned
src/compiler/builder.zig	803	pub		replaceAtomOperand
src/compiler/builder.zig	835	pub		rewriteTrailingAtomOpAsPlain
src/compiler/builder.zig	861	pub		addSourceMarker
src/compiler/builder.zig	885	pub		snapshot
src/compiler/builder.zig	901	pub		rollback
src/compiler/builder.zig	958	pub		truncateTail
src/compiler/builder.zig	988	pub		truncateLastMarkedOpcode
src/compiler/builder.zig	1026	pub		truncateLastOpcodePreserveSources
src/compiler/builder.zig	1069	pub		detachTail
src/compiler/builder.zig	1210	pub		spliceSegment
src/compiler/builder.zig	1345	pub		discardSegment
src/compiler/builder.zig	1351	pub		invalidateLastOpcode
src/compiler/builder.zig	1355	priv		freeSegmentBackings
src/compiler/builder.zig	1365	priv	inline	reserveCode
src/compiler/builder.zig	1387	priv		expectRelocChain
src/compiler/builder.zig	1892	priv		s2g4OomScript
src/compiler/cfg.zig	59	pub		name
src/compiler/cfg.zig	181	pub		fanoutCensusSnapshot
src/compiler/cfg.zig	263	pub		resetFanoutCensus
src/compiler/cfg.zig	307	pub		name
src/compiler/cfg.zig	351	pub		class
src/compiler/cfg.zig	368	pub		name
src/compiler/cfg.zig	434	priv		recordAnchorCase
src/compiler/cfg.zig	444	priv		recordAnchorExemplar
src/compiler/cfg.zig	458	pub		resetAnchorSplitCensus
src/compiler/cfg.zig	476	pub		anchorSplitSnapshot
src/compiler/cfg.zig	533	pub		anchorClassTotal
src/compiler/cfg.zig	550	pub		formatAnchorSplit
src/compiler/cfg.zig	597	pub		formatAnchorExemplar
src/compiler/cfg.zig	637	pub		recordRelaxCompaction
src/compiler/cfg.zig	644	pub		recordRelaxCoincidence
src/compiler/cfg.zig	652	pub		bindLessThan
src/compiler/cfg.zig	657	priv		lowerBoundBindOffset
src/compiler/cfg.zig	670	priv		upperBoundBindOffset
src/compiler/cfg.zig	699	pub		canonicalBoundaryIdentity
src/compiler/cfg.zig	709	pub		canonicalIdentityAtOffset
src/compiler/cfg.zig	723	priv		tempFromHeader
src/compiler/cfg.zig	732	priv		tempAtomInstructionSize
src/compiler/cfg.zig	753	priv		formatHasAtom
src/compiler/cfg.zig	857	priv		formRowIndex
src/compiler/cfg.zig	923	pub		tempInstruction
src/compiler/cfg.zig	939	pub	inline	phase1Instruction
src/compiler/cfg.zig	950	pub		isUnconditionalTerminal
src/compiler/cfg.zig	967	priv		isContinuationOp
src/compiler/cfg.zig	985	priv		labelOperandOffset
src/compiler/cfg.zig	992	priv		validateAndAdvanceAtom
src/compiler/cfg.zig	1007	priv		readLabelIndex
src/compiler/cfg.zig	1025	priv		labelTargetOffset
src/compiler/cfg.zig	1036	priv		isEmptyGosub
src/compiler/cfg.zig	1060	pub		deinit
src/compiler/cfg.zig	1073	pub		edgesForBlock
src/compiler/cfg.zig	1081	pub		isReachable
src/compiler/cfg.zig	1089	priv		bitWordCount
src/compiler/cfg.zig	1095	priv		bitIsSet
src/compiler/cfg.zig	1100	priv		setBit
src/compiler/cfg.zig	1105	priv		findBlockStart
src/compiler/cfg.zig	1119	priv		appendEdge
src/compiler/cfg.zig	1125	priv		validateBindIndex
src/compiler/cfg.zig	1151	priv		indexedControlKind
src/compiler/cfg.zig	1160	priv		validateControlIndex
src/compiler/cfg.zig	1189	priv		relocOpcodeOffset
src/compiler/cfg.zig	1205	priv		indexedRelocOpcodeValid
src/compiler/cfg.zig	1220	priv		buildFromControlIndex
src/compiler/cfg.zig	1374	pub		build
src/compiler/cfg.zig	1534	priv		enqueueAuditOffset
src/compiler/cfg.zig	1557	pub		auditInstructionOwnership
src/compiler/cfg.zig	1663	priv		validateBoundaryAuditInput
src/compiler/cfg.zig	1706	priv		resolveDivergenceOrigin
src/compiler/cfg.zig	1754	priv		formatDivergenceOrigin
src/compiler/cfg.zig	1798	priv		writeReportIdentity
src/compiler/cfg.zig	1807	priv		panicBoundaryUniquenessViolation
src/compiler/cfg.zig	1833	priv		boundaryViolation
src/compiler/cfg.zig	1868	priv		aliasGroupSplit
src/compiler/cfg.zig	1900	priv		duplicateReplacementOwner
src/compiler/cfg.zig	1913	priv		optimizationBoundaryLessThan
src/compiler/cfg.zig	1930	priv		bindInsideFold
src/compiler/cfg.zig	1950	priv		referenceToRetiredAlias
src/compiler/cfg.zig	1977	priv		survivingSibling
src/compiler/cfg.zig	1993	priv		isInstructionStart
src/compiler/cfg.zig	1997	priv		blockContainingOffset
src/compiler/cfg.zig	2013	priv		referencingInstructionIsLive
src/compiler/cfg.zig	2022	priv		roleForLabelOperand
src/compiler/cfg.zig	2053	priv		referenceChainDepth
src/compiler/cfg.zig	2077	priv		censusAdd
src/compiler/cfg.zig	2081	priv		reportAdd
src/compiler/cfg.zig	2086	pub		recordDiffBucket
src/compiler/cfg.zig	2091	pub		oracleReportSnapshot
src/compiler/cfg.zig	2137	pub		resetOracleReport
src/compiler/cfg.zig	2193	priv		claim
src/compiler/cfg.zig	2224	priv		censusMax
src/compiler/cfg.zig	2228	priv		recordFanout
src/compiler/cfg.zig	2239	priv		recordChainDepth
src/compiler/cfg.zig	2250	pub		recordFinalSourceCensus
src/compiler/cfg.zig	2262	pub		recordFinalBoundaryHops
src/compiler/cfg.zig	2267	priv		fixedPointHundred
src/compiler/cfg.zig	2273	priv		histogramP95Index
src/compiler/cfg.zig	2286	priv		writeHistogramP95
src/compiler/cfg.zig	2313	pub		formatIdentityHealth
src/compiler/cfg.zig	2351	pub		formatOracleReport
src/compiler/cfg.zig	2412	priv		boundaryProductOffset
src/compiler/cfg.zig	2427	priv		boundaryFirstLabel
src/compiler/cfg.zig	2442	priv		nearestSourceSite
src/compiler/cfg.zig	2454	priv		opAt
src/compiler/cfg.zig	2471	priv		classifyAnchorSplits
src/compiler/cfg.zig	2648	priv		hasSourceEventAt
src/compiler/cfg.zig	2658	priv		boundaryFanoutAt
src/compiler/cfg.zig	2667	priv		boundaryRoleMask
src/compiler/cfg.zig	2683	pub		auditBoundaryUniqueness
src/compiler/cfg.zig	3414	priv		init
src/compiler/cfg.zig	3432	priv		deinit
src/compiler/cfg.zig	3438	priv		boundary
src/compiler/cfg.zig	3804	pub		eql
src/compiler/labels.zig	20	pub		index
src/compiler/resolve_labels.zig	67	priv		bindLessThan
src/compiler/resolve_labels.zig	73	priv		lowerBoundBindOffset
src/compiler/resolve_labels.zig	89	priv		canonicalIdentityAtProductOffset
src/compiler/resolve_labels.zig	105	priv		finalAliasSplit
src/compiler/resolve_labels.zig	133	priv		aliasLivenessSplit
src/compiler/resolve_labels.zig	163	priv		retiredIdentityStillReferenced
src/compiler/resolve_labels.zig	169	priv		panicFinalBoundaryUniquenessViolation
src/compiler/resolve_labels.zig	199	priv		resolvedJumpAddress
src/compiler/resolve_labels.zig	237	priv		decodeInstruction
src/compiler/resolve_labels.zig	251	priv	inline	opId
src/compiler/resolve_labels.zig	258	priv	inline	formOf
src/compiler/resolve_labels.zig	288	priv		readU16
src/compiler/resolve_labels.zig	294	priv		readU32At
src/compiler/resolve_labels.zig	301	priv		readI32
src/compiler/resolve_labels.zig	310	priv		validateProductMetadata
src/compiler/resolve_labels.zig	348	priv		validateProductCode
src/compiler/resolve_labels.zig	389	priv		updateLabel
src/compiler/resolve_labels.zig	498	priv		deinit
src/compiler/resolve_labels.zig	527	priv		releaseConsumedProduct
src/compiler/resolve_labels.zig	561	priv		initScratch
src/compiler/resolve_labels.zig	656	priv	noinline	growOutput
src/compiler/resolve_labels.zig	671	priv	inline	ensureOutput
src/compiler/resolve_labels.zig	678	priv	noinline	growOutputSources
src/compiler/resolve_labels.zig	693	priv	inline	ensureOutputSources
src/compiler/resolve_labels.zig	700	priv	inline	appendByte
src/compiler/resolve_labels.zig	719	priv		v4Mask
src/compiler/resolve_labels.zig	726	priv		loadV4Mask
src/compiler/resolve_labels.zig	742	priv	inline	v4On
src/compiler/resolve_labels.zig	746	priv	inline	noteFusionA
src/compiler/resolve_labels.zig	880	priv	inline	maybeFusePrev
src/compiler/resolve_labels.zig	896	priv	inline	appendRaw
src/compiler/resolve_labels.zig	904	priv	inline	appendU16
src/compiler/resolve_labels.zig	911	priv	inline	appendI16
src/compiler/resolve_labels.zig	918	priv	inline	appendU32
src/compiler/resolve_labels.zig	925	priv	inline	appendI32
src/compiler/resolve_labels.zig	932	priv		appendOutputAtom
src/compiler/resolve_labels.zig	941	priv		consumeAtomsRange
src/compiler/resolve_labels.zig	979	priv		consumeInstructionAtom
src/compiler/resolve_labels.zig	995	priv		absorbSources
src/compiler/resolve_labels.zig	1003	priv		absorbSourcesAtEnd
src/compiler/resolve_labels.zig	1011	priv		hasInputSourceAt
src/compiler/resolve_labels.zig	1030	priv	inline	attachSource
src/compiler/resolve_labels.zig	1062	priv	noinline	attachSourceSlow
src/compiler/resolve_labels.zig	1089	priv		attachInputSourceRangeAt
src/compiler/resolve_labels.zig	1120	priv		lowerBoundBind
src/compiler/resolve_labels.zig	1133	priv		hasBindInRange
src/compiler/resolve_labels.zig	1154	priv		readIndex
src/compiler/resolve_labels.zig	1166	priv		matchReturnAfter
src/compiler/resolve_labels.zig	1192	priv		matchTailReturnAfterStrict
src/compiler/resolve_labels.zig	1224	priv		matchSeq
src/compiler/resolve_labels.zig	1269	priv		addReloc
src/compiler/resolve_labels.zig	1291	priv		writeRelative
src/compiler/resolve_labels.zig	1332	priv		retireSpannedDeadBinds
src/compiler/resolve_labels.zig	1352	priv	inline	refreshBindFrontier
src/compiler/resolve_labels.zig	1366	priv	inline	processBindsAt
src/compiler/resolve_labels.zig	1371	priv	noinline	processBindsAtCold
src/compiler/resolve_labels.zig	1403	priv		appendJumpSlot
src/compiler/resolve_labels.zig	1443	priv		labelsShareBindOffset
src/compiler/resolve_labels.zig	1482	priv		isSwitchDispatchBridgeAt
src/compiler/resolve_labels.zig	1505	priv		codeHasLabel
src/compiler/resolve_labels.zig	1531	priv		deadSwitchTrampolineCanReachLabel
src/compiler/resolve_labels.zig	1581	priv		findJumpTarget
src/compiler/resolve_labels.zig	1646	priv		findFoldedBranchTarget
src/compiler/resolve_labels.zig	1653	priv		skipDeadCode
src/compiler/resolve_labels.zig	1748	priv		shortSlotOp
src/compiler/resolve_labels.zig	1776	priv		putShortCodeSize
src/compiler/resolve_labels.zig	1788	priv		specialObjectSize
src/compiler/resolve_labels.zig	1800	priv		functionPrologueSize
src/compiler/resolve_labels.zig	1841	priv		putShortCode
src/compiler/resolve_labels.zig	1879	priv		nextCallSiteIndex
src/compiler/resolve_labels.zig	1889	priv		callSiteCount
src/compiler/resolve_labels.zig	1896	priv		nextPropSiteIndex
src/compiler/resolve_labels.zig	1906	priv		propSiteCount
src/compiler/resolve_labels.zig	1914	priv		putCallCode
src/compiler/resolve_labels.zig	1935	priv		pushShortInt
src/compiler/resolve_labels.zig	1973	priv		checkedSlotIndex
src/compiler/resolve_labels.zig	1979	priv		emitSpecialObject
src/compiler/resolve_labels.zig	1992	priv		emitFunctionPrologue
src/compiler/resolve_labels.zig	2059	priv		shortJumpOp
src/compiler/resolve_labels.zig	2065	priv		emitHasLabel
src/compiler/resolve_labels.zig	2171	priv		putFamily
src/compiler/resolve_labels.zig	2189	priv		isShortSlotFamily
src/compiler/resolve_labels.zig	2196	priv		copyDefault
src/compiler/resolve_labels.zig	2255	priv		emitRawInstruction
src/compiler/resolve_labels.zig	2273	priv		emitFinalCarrier
src/compiler/resolve_labels.zig	2286	priv		handleGoto
src/compiler/resolve_labels.zig	2323	priv		handleConstantTest
src/compiler/resolve_labels.zig	2345	priv		emitDynEnvProbe
src/compiler/resolve_labels.zig	2387	priv		walk
src/compiler/resolve_labels.zig	2867	priv		walkLateArm
src/compiler/resolve_labels.zig	3234	priv		relaxJumps
src/compiler/resolve_labels.zig	3363	priv		deinit
src/compiler/resolve_labels.zig	3372	priv		anchorAtAddress
src/compiler/resolve_labels.zig	3391	priv		captureAnchorCoincidence
src/compiler/resolve_labels.zig	3407	priv		reportAnchorCoincidence
src/compiler/resolve_labels.zig	3427	priv		auditFinalBoundaryIdentity
src/compiler/resolve_labels.zig	3619	priv		isLabelAddress
src/compiler/resolve_labels.zig	3626	priv		validateFinalSources
src/compiler/resolve_labels.zig	3638	priv		validateFinalOutput
src/compiler/resolve_labels.zig	3659	priv		installSourceLocsNoFail
src/compiler/resolve_labels.zig	3678	priv		commit
src/compiler/resolve_labels.zig	3709	priv		runImpl
src/compiler/resolve_labels.zig	3765	pub		run
src/compiler/resolve_labels.zig	3777	pub		runForPackedFinalize
src/compiler/resolve_labels.zig	3792	priv		init
src/compiler/resolve_labels.zig	3813	priv		deinit
src/compiler/resolve_labels.zig	3819	priv		input
src/compiler/resolve_labels.zig	3823	priv		resolve
src/compiler/resolve_labels.zig	5003	priv		resolveLabelsOomScript
src/compiler/resolve_variables.zig	71	pub		releaseConsumedStreams
src/compiler/resolve_variables.zig	89	pub		deinitUncommitted
src/compiler/resolve_variables.zig	121	priv		updateLabel
src/compiler/resolve_variables.zig	183	priv		deinitScratch
src/compiler/resolve_variables.zig	206	priv	inline	hasDynamicEnvObjects
src/compiler/resolve_variables.zig	233	priv	inline	dynamicEnvProbesPossible
src/compiler/resolve_variables.zig	247	priv		recordOptimizationBoundary
src/compiler/resolve_variables.zig	280	priv		resolveDeferredFoldProduct
src/compiler/resolve_variables.zig	297	priv	inline	streamHasCapacity
src/compiler/resolve_variables.zig	306	priv	noinline	growProductStreams
src/compiler/resolve_variables.zig	360	priv	inline	ensureProductStreams
src/compiler/resolve_variables.zig	381	priv		prepareLegacyWrite
src/compiler/resolve_variables.zig	404	priv		finishLegacyWrite
src/compiler/resolve_variables.zig	415	priv		newProductLabel
src/compiler/resolve_variables.zig	433	priv		bindProductLabel
src/compiler/resolve_variables.zig	442	priv		writeScopeVarAction
src/compiler/resolve_variables.zig	473	priv		writeResolvedScopeVarPlan
src/compiler/resolve_variables.zig	506	priv		emitDynamicEnvProbe
src/compiler/resolve_variables.zig	545	priv		ensureDynamicEnvLabel
src/compiler/resolve_variables.zig	560	priv	inline	needsDynamicEnvProbes
src/compiler/resolve_variables.zig	582	priv		emitDynamicEnvProbes
src/compiler/resolve_variables.zig	654	priv		emitThrowVarRedeclaration
src/compiler/resolve_variables.zig	677	priv		writeLoweredScopeDeleteVar
src/compiler/resolve_variables.zig	704	priv		writeLoweredScopeGetRef
src/compiler/resolve_variables.zig	724	priv		writeLoweredScopeMakeRef
src/compiler/resolve_variables.zig	751	priv		writeLoweredPrivateField
src/compiler/resolve_variables.zig	787	priv		writeEnterScopeRefresh
src/compiler/resolve_variables.zig	803	priv		writeLeaveScopeClose
src/compiler/resolve_variables.zig	819	priv		emitWideU16
src/compiler/resolve_variables.zig	826	priv		emitWideU32
src/compiler/resolve_variables.zig	833	priv		emitAtomWide
src/compiler/resolve_variables.zig	847	priv		emitProductJump
src/compiler/resolve_variables.zig	857	priv		emitBodyHoists
src/compiler/resolve_variables.zig	920	priv		registerPendingTailRewrite
src/compiler/resolve_variables.zig	949	priv		pendingTailRewriteAt
src/compiler/resolve_variables.zig	958	priv		emitPendingTailRewrite
src/compiler/resolve_variables.zig	987	priv		ensureAllPendingTailsConsumed
src/compiler/resolve_variables.zig	993	priv		incrementJumpSize
src/compiler/resolve_variables.zig	998	priv	inline	refreshSourceFrontier
src/compiler/resolve_variables.zig	1006	priv		absorbSourcesThrough
src/compiler/resolve_variables.zig	1015	priv		pendingSourceUpperBound
src/compiler/resolve_variables.zig	1027	priv	inline	attachPendingSourcesAssumeCapacity
src/compiler/resolve_variables.zig	1042	priv	noinline	attachPendingSourcesSlowAssumeCapacity
src/compiler/resolve_variables.zig	1060	priv		emitInstruction
src/compiler/resolve_variables.zig	1100	priv		consumeInputAtom
src/compiler/resolve_variables.zig	1124	priv		emitValidatedCopyNoAtom
src/compiler/resolve_variables.zig	1148	priv		emitValidatedCopyAtom
src/compiler/resolve_variables.zig	1170	priv		copyInputInstruction
src/compiler/resolve_variables.zig	1184	priv		validateLabelIndex
src/compiler/resolve_variables.zig	1188	priv		labelAt
src/compiler/resolve_variables.zig	1198	priv		passBindsAt
src/compiler/resolve_variables.zig	1217	priv	inline	refreshBindFrontier
src/compiler/resolve_variables.zig	1225	priv	inline	refreshSideFrontier
src/compiler/resolve_variables.zig	1229	priv	inline	passSideEventsThrough
src/compiler/resolve_variables.zig	1235	priv		hasLiveMatchBarrierAt
src/compiler/resolve_variables.zig	1248	priv		blockAt
src/compiler/resolve_variables.zig	1268	priv		deadBoundaryAt
src/compiler/resolve_variables.zig	1329	priv		firstBindAtOrAfter
src/compiler/resolve_variables.zig	1342	priv		hasBindInRange
src/compiler/resolve_variables.zig	1358	priv		planMakeRefFold
src/compiler/resolve_variables.zig	1439	priv		matchBranchDrop
src/compiler/resolve_variables.zig	1465	priv		matchDupBranchDrop
src/compiler/resolve_variables.zig	1484	priv		matchBareBranch
src/compiler/resolve_variables.zig	1512	priv		hasSourceTransitionAt
src/compiler/resolve_variables.zig	1548	priv		matchInsertTail
src/compiler/resolve_variables.zig	1565	priv		getLabelPos
src/compiler/resolve_variables.zig	1589	priv		skipDeadCode
src/compiler/resolve_variables.zig	1635	priv		lowerScopeVar
src/compiler/resolve_variables.zig	1703	priv		lowerScopeRef
src/compiler/resolve_variables.zig	1766	priv		lowerScopeMakeRef
src/compiler/resolve_variables.zig	1875	priv		lowerPrivateField
src/compiler/resolve_variables.zig	1902	priv		run
src/compiler/resolve_variables.zig	2266	priv		validateInput
src/compiler/resolve_variables.zig	2295	priv		initializeLabels
src/compiler/resolve_variables.zig	2324	priv		preallocateProductStreams
src/compiler/resolve_variables.zig	2363	priv		buildBindIndex
src/compiler/resolve_variables.zig	2391	priv		markReachableEvalCaptures
src/compiler/resolve_variables.zig	2459	pub		run
src/compiler/resolve_variables.zig	2543	priv		init
src/compiler/resolve_variables.zig	2568	priv		deinit
src/compiler/resolve_variables.zig	2574	priv		deinitInput
src/compiler/resolve_variables.zig	2582	priv		input
src/compiler/resolve_variables.zig	2586	priv		resolve
src/compiler/resolve_variables.zig	2591	priv		expectProductCode
src/compiler/resolve_variables.zig	2596	priv		expectProductLabel
src/compiler/resolve_variables.zig	2622	priv		init
src/compiler/resolve_variables.zig	2660	priv		deinit
src/compiler/resolve_variables.zig	2669	priv		expectUnchanged
src/compiler/resolve_variables.zig	2697	priv		expectOwnedAtomRelease
src/compiler/resolve_variables.zig	3725	priv		expectOomInputUnchanged
src/compiler/resolve_variables.zig	3740	priv		resolveVariablesOomScript
src/compiler/root.zig	43	pub		formatOracleReport
src/compiler/root.zig	53	pub		compileFunctionV2
src/compiler/root.zig	69	pub	noinline	compileFunctionV2ForPackedFinalize
src/compiler/root.zig	76	priv		compileFunctionV2Impl
src/compiler/root.zig	103	priv		releaseConsumedBuilder
src/compiler/root.zig	113	priv		emitIdentityHealth
src/compiler/root.zig	127	priv		emitAnchorSplit
src/compiler/test_entry.zig	29	pub		phase1Code
src/compiler/test_entry.zig	33	pub		deinit
src/compiler/test_entry.zig	44	pub		configureScriptRoot
src/compiler/test_entry.zig	51	pub		configureModuleRoot
src/compiler/test_entry.zig	61	pub		parseAndCompileV2TestProgram
src/compiler/tests.zig	35	priv		init
src/compiler/tests.zig	50	priv		builder
src/compiler/tests.zig	54	priv		childBuilder
src/compiler/tests.zig	58	priv		grandchildBuilder
src/compiler/tests.zig	62	priv		deinit
src/compiler/tests.zig	79	priv		init
src/compiler/tests.zig	100	priv		deinit
src/compiler/tests.zig	116	priv		expectV2Stream
src/compiler/tests.zig	130	priv		expectResolvedStream
src/compiler/tests.zig	153	priv		expectLabel
src/compiler/tests.zig	161	priv		expectResolvedLabel
src/compiler/tests.zig	175	priv		installedFunctionHasShortOpcode
src/compiler/tests.zig	198	priv		compileAndRun
src/compiler/tests.zig	205	priv		compileAndRunWithHook
src/compiler/tests.zig	255	priv		expectFunctionDefInertAfterEscape
src/compiler/tests.zig	279	priv		expectPublishedAtomResolves
src/compiler/tests.zig	284	priv		expectPublishedFunctionBytecodeOwnersResolve
src/compiler/tests.zig	321	priv		expectRelocIntegrity
src/compiler/tests.zig	370	priv		expectSourceOrder
src/compiler/tests.zig	379	priv		expectSourceOffsets
src/compiler/tests.zig	499	priv		oomScript
src/compiler/tests.zig	2990	priv		expectV2ExecutionCompletion
src/compiler/tests.zig	2998	priv		countInstalledOpcode
src/compiler/tests.zig	3018	priv		compileRunAndCount
src/compiler/tests.zig	3472	priv		s3bDrainGc
src/compiler/tests.zig	3485	priv		s3bExpectDefTreeMarked
src/compiler/tests.zig	3505	priv		s3bMajorBeforeFinalize
src/compiler/tests.zig	3557	priv		s3bExpectTemplateArraysMarked
src/compiler/tests.zig	3793	priv		expectCoverageSkipSetMatches
src/config_signature.zig	162	pub		actualEffectiveConfig
src/config_signature.zig	181	pub		assertExpectedConfig
src/config_signature.zig	200	pub		attest
src/config_signature.zig	209	priv		find
src/config_signature.zig	220	priv		parseSignature
src/config_signature.zig	240	priv		differingFields
src/core/array.zig	22	pub		isArrayIndexName
src/core/array.zig	26	pub		arrayIndexFromAtom
src/core/array.zig	42	pub		arrayIndexFromName
src/core/array.zig	55	pub		canonicalNumericIndex
src/core/array.zig	72	pub		isArrayValue
src/core/array.zig	92	pub		expectArray
src/core/array.zig	131	pub		constructLiteralOwnedDenseFromShape
src/core/array.zig	145	priv	inline	constructLiteralOwnedDenseFromShapeWork
src/core/array.zig	152	pub		constructLiteralWithPrototype
src/core/array_list_erased.zig	13	priv		ListItem
src/core/array_list_erased.zig	19	pub	inline	append
src/core/array_list_erased.zig	41	pub		growCapacity
src/core/array_list_erased.zig	47	priv	noinline	addOneErased
src/core/array_list_erased.zig	73	priv		ensureTotalCapacityPrecise
src/core/array_list_erased.zig	114	pub	inline	toOwnedSlice
src/core/array_list_erased.zig	135	priv	noinline	toOwnedSliceErased
src/core/atom.zig	37	pub		isPublicSymbolKind
src/core/atom.zig	41	pub		isValueSymbolKind
src/core/atom.zig	953	priv		predefinedKindCount
src/core/atom.zig	961	priv		makePredefinedMapEntries
src/core/atom.zig	1005	priv	inline	predefinedStringIdHashed
src/core/atom.zig	1069	pub		isLive
src/core/atom.zig	1073	pub		slotOccupied
src/core/atom.zig	1119	priv		atomHashSeed
src/core/atom.zig	1130	priv		spellingHash
src/core/atom.zig	1297	pub		traceRoots
src/core/atom.zig	1306	pub		traceYoungSymbolBodies
src/core/atom.zig	1316	priv	inline	youngListAllocator
src/core/atom.zig	1324	pub		retireYoungSymbolBodies
src/core/atom.zig	1328	pub		init
src/core/atom.zig	1332	pub		deinit
src/core/atom.zig	1360	pub		releaseCachedStrings
src/core/atom.zig	1388	pub		releaseValueSymbolBodiesAfterGc
src/core/atom.zig	1399	priv	inline	hashNextPtr
src/core/atom.zig	1407	priv	inline	storedHash
src/core/atom.zig	1418	priv		initAtomHash
src/core/atom.zig	1436	priv	inline	ensureAtomHash
src/core/atom.zig	1443	priv		resizeAtomHash
src/core/atom.zig	1469	priv	inline	findAtom
src/core/atom.zig	1499	priv		chainInsert
src/core/atom.zig	1515	priv		chainUnlink
src/core/atom.zig	1538	pub		internString
src/core/atom.zig	1544	priv		internStringInner
src/core/atom.zig	1561	pub		newSymbol
src/core/atom.zig	1566	pub		newValueSymbol
src/core/atom.zig	1570	pub		newValueSymbolNoDescription
src/core/atom.zig	1574	pub		internSymbol
src/core/atom.zig	1578	pub		internGlobalSymbol
src/core/atom.zig	1584	priv		internGlobalSymbolInner
src/core/atom.zig	1596	pub		internRegisteredValueSymbol
src/core/atom.zig	1602	priv		internRegisteredValueSymbolInner
src/core/atom.zig	1618	pub		isRegisteredSymbol
src/core/atom.zig	1635	priv	inline	traceEpoch
src/core/atom.zig	1649	pub		markAtomAtEpoch
src/core/atom.zig	1663	pub		atomEdgeBodyWithoutStamp
src/core/atom.zig	1669	priv		atomEdge
src/core/atom.zig	1711	pub	inline	shadeAtomIfMarking
src/core/atom.zig	1719	priv	noinline	shadeAtomBarrierSlow
src/core/atom.zig	1740	pub		restampTraceEpoch
src/core/atom.zig	1754	priv		stampBirthEpoch
src/core/atom.zig	1765	pub	inline	noteCompileScope
src/core/atom.zig	1774	pub		pinForHost
src/core/atom.zig	1780	pub		unpinForHost
src/core/atom.zig	1797	pub		sweepDead
src/core/atom.zig	1855	pub		noteHolderStore
src/core/atom.zig	1861	pub		name
src/core/atom.zig	1887	pub		atomIsArrayIndex
src/core/atom.zig	1908	pub		kind
src/core/atom.zig	1918	pub		isPublicSymbol
src/core/atom.zig	1943	pub	inline	cachedPushValue
src/core/atom.zig	1960	pub	inline	toStringValueForPush
src/core/atom.zig	1965	pub		toStringValue
src/core/atom.zig	2032	pub		cachedString
src/core/atom.zig	2047	pub		cacheString
src/core/atom.zig	2077	pub		symbolValue
src/core/atom.zig	2087	pub		takeSymbolValue
src/core/atom.zig	2092	pub		symbolValueIfLive
src/core/atom.zig	2097	pub		retainSymbolWeakRef
src/core/atom.zig	2105	pub		releaseSymbolWeakRef
src/core/atom.zig	2120	pub		symbolDescription
src/core/atom.zig	2129	pub		symbolBodyHeaderIfLive
src/core/atom.zig	2149	priv		bodyLiveForCurrentPhase
src/core/atom.zig	2154	priv		symbolBodyIfLive
src/core/atom.zig	2176	priv		ensureSymbolBody
src/core/atom.zig	2211	priv		internDynamic
src/core/atom.zig	2217	priv		internDynamicInner
src/core/atom.zig	2282	pub	inline	mightBePrivate
src/core/atom.zig	2287	priv		appendEntry
src/core/atom.zig	2312	priv		indexEntry
src/core/atom.zig	2321	priv		unindexEntry
src/core/atom.zig	2329	priv		finalizeDeadEntry
src/core/atom.zig	2373	priv		releaseQuarantinedSlots
src/core/atom.zig	2387	priv		findDynamic
src/core/atom.zig	2393	priv		findDynamicConst
src/core/atom.zig	2405	pub		onSymbolBodyDead
src/core/atom.zig	2474	pub		init
src/core/atom.zig	2483	priv		traceRootsThunk
src/core/atom.zig	2488	priv		provider
src/core/atom.zig	2494	pub		activate
src/core/atom.zig	2507	pub		deinit
src/core/atom.zig	2528	pub		note
src/core/atom.zig	2546	pub		intern
src/core/atom.zig	2554	pub		noteExisting
src/core/atom.zig	2564	pub	inline	callVisitAtom
src/core/atom.zig	2577	priv		dynamicEntryIndex
src/core/atom.zig	2582	pub		isConst
src/core/atom.zig	2586	pub		isTaggedInt
src/core/atom.zig	2590	pub		atomFromUInt32
src/core/atom.zig	2595	pub		atomToUInt32
src/core/atom.zig	2605	pub		predefinedName
src/core/atom.zig	2610	pub		predefinedById
src/core/atom.zig	2615	pub		predefinedId
src/core/atom.zig	2625	priv		parseArrayIndex
src/core/atom.zig	2648	priv		parseHighArrayIndex
src/core/atom.zig	2665	pub		atomListContains
src/core/atom.zig	2672	pub		appendAtom
src/core/atom.zig	2682	pub		freeAtomList
src/core/atom.zig	2686	pub		appendOwnedAtom
src/core/bigint.zig	87	pub	inline	isInline
src/core/bigint.zig	91	pub	inline	isExternal
src/core/bigint.zig	95	pub	inline	negative
src/core/bigint.zig	102	pub	inline	limbs
src/core/bigint.zig	109	pub	inline	capacitySliceMut
src/core/bigint.zig	114	pub	inline	famBytes
src/core/bigint.zig	124	pub	inline	borrowedValue
src/core/bigint.zig	134	pub		create
src/core/bigint.zig	140	pub		createFromBigInt
src/core/bigint.zig	146	pub		createFromOwned
src/core/bigint.zig	154	pub		createFromOwnedReserved
src/core/bigint.zig	180	pub		initExternalFromOwned
src/core/bigint.zig	199	pub		createInlineUninitialized
src/core/bigint.zig	214	priv	inline	inlineBase
src/core/bigint.zig	221	pub	inline	publishInline
src/core/bigint.zig	228	pub		valueRef
src/core/bigint.zig	232	pub	inline	fromHeader
src/core/bigint.zig	238	pub		accountedAllocationSize
src/core/bigint.zig	249	pub		register
src/core/bigint.zig	253	pub	inline	isRegistered
src/core/bigint.zig	260	pub		releaseForTest
src/core/bigint.zig	268	pub		registerReservedValue
src/core/bigint.zig	277	pub		destroyIfReservedValue
src/core/bigint.zig	319	pub	inline	mulResultCannotCompactToShort
src/core/bigint.zig	334	pub		createMulInline
src/core/bigint.zig	398	pub		destroyFromHeader
src/core/bigint.zig	405	pub		destroyWithAccount
src/core/bulk_memory.zig	8	pub	noinline	fillByte
src/core/bytes_view.zig	13	pub		JSBytes
src/core/bytes_view.zig	30	pub		fromMutable
src/core/bytes_view.zig	38	pub		fromConst
src/core/bytes_view.zig	45	pub		fromValue
src/core/bytes_view.zig	50	pub		fromObject
src/core/bytes_view.zig	57	pub		slice
src/core/bytes_view.zig	61	pub		sliceMut
src/core/bytes_view.zig	66	pub		isShared
src/core/bytes_view.zig	88	pub		owned
src/core/bytes_view.zig	97	pub		shared
src/core/bytes_view.zig	106	pub		view
src/core/bytes_view.zig	115	pub		toArrayBuffer
src/core/bytes_view.zig	128	priv		toSharedArrayBuffer
src/core/bytes_view.zig	141	pub		release
src/core/bytes_view.zig	146	priv		disarm
src/core/bytes_view.zig	151	priv		fromArrayBufferObject
src/core/bytes_view.zig	163	priv		fromTypedArrayObject
src/core/bytes_view.zig	196	priv		fromDataViewObject
src/core/bytes_view.zig	219	priv		objectFromValue
src/core/bytes_view.zig	226	priv		typedArrayBufferObject
src/core/bytes_view.zig	233	priv		isArrayBufferObject
src/core/bytes_view.zig	238	priv		isTypedArrayObject
src/core/bytes_view.zig	242	priv		isDataViewObject
src/core/bytes_view.zig	268	priv		deinit
src/core/bytes_view.zig	290	priv		deinit
src/core/bytes_view.zig	308	priv		deinit
src/core/bytes_view.zig	350	priv		deinit
src/core/bytes_view.zig	383	priv		deinit
src/core/bytes_view.zig	581	priv		testObjectFromValue
src/core/class.zig	31	priv		lockDynamicClassIds
src/core/class.zig	35	priv		unlockDynamicClassIds
src/core/class.zig	39	priv		allocateDynamicClassIdLocked
src/core/class.zig	46	pub		allocateDynamicClassId
src/core/class.zig	57	pub		getOrAllocate
src/core/class.zig	175	pub	inline	isNumericTypedArrayClass
src/core/class.zig	192	pub	inline	isBytecodeFunctionClass
src/core/class.zig	204	pub	inline	isAsyncFunctionResumeClass
src/core/class.zig	215	pub		value
src/core/class.zig	220	pub		object
src/core/class.zig	270	pub		isRegistered
src/core/class.zig	274	pub		finalizeBindingData
src/core/class.zig	285	priv		fillDefaultRecords
src/core/class.zig	302	priv		isPinned
src/core/class.zig	328	pub		publishObject
src/core/class.zig	347	pub		abort
src/core/class.zig	385	pub		init
src/core/class.zig	400	pub		initInPlace
src/core/class.zig	417	priv		registerStandardClasses
src/core/class.zig	426	priv		usingInlineRecords
src/core/class.zig	430	priv		usingInlineRegistrationStates
src/core/class.zig	434	pub		isOwnerThread
src/core/class.zig	438	pub		requireOwnerThread
src/core/class.zig	449	pub	inline	assertOwnerThread
src/core/class.zig	454	priv	noinline	assertOwnerThreadChecked
src/core/class.zig	458	pub		deinit
src/core/class.zig	484	pub		register
src/core/class.zig	497	pub		unregisterDynamic
src/core/class.zig	504	pub		tryUnregisterDynamic
src/core/class.zig	509	priv		unregisterDynamicOwned
src/core/class.zig	519	pub		beginConstruction
src/core/class.zig	544	pub		beginStandardConstruction
src/core/class.zig	557	pub		standardPlan
src/core/class.zig	564	pub		destructionPlan
src/core/class.zig	574	pub		releaseObjectDefinition
src/core/class.zig	592	pub		pinDeferredPayloadCallbacks
src/core/class.zig	608	pub		releaseDeferredPayloadCallbacks
src/core/class.zig	619	pub		unregisterPending
src/core/class.zig	624	pub		isRegistered
src/core/class.zig	629	pub		className
src/core/class.zig	635	pub		findByName
src/core/class.zig	644	pub		findByIdentity
src/core/class.zig	653	pub		record
src/core/class.zig	670	pub		recordPtr
src/core/class.zig	677	pub		runFinalizer
src/core/class.zig	686	pub		runPayloadFinalizerForTest
src/core/class.zig	702	pub		runPayloadFinalizer
src/core/class.zig	719	pub		markPayload
src/core/class.zig	741	priv		registerAtom
src/core/class.zig	775	priv		ensureCapacity
src/core/class.zig	807	priv		fillStandardPlanFallbacks
src/core/class.zig	813	priv		definitionPlan
src/core/class.zig	830	priv		pinCallback
src/core/class.zig	838	priv		releaseCallback
src/core/class.zig	847	priv		completePendingUnregister
src/core/class.zig	918	pub		standardPayloadKind
src/core/collection.zig	34	pub		findStrongEntry
src/core/collection.zig	56	pub		findStrongEntryLatin1Concat
src/core/collection.zig	77	pub		strongSize
src/core/collection.zig	83	pub		strongEntryHash
src/core/collection.zig	99	priv		hashNumber
src/core/collection.zig	106	priv		hashStringValue
src/core/collection.zig	111	pub		strongEntryHashLatin1ConcatWithSeed
src/core/collection.zig	119	priv		stringValueEqlLatin1Concat
src/core/collection.zig	129	priv		utf16EqlLatin1Concat
src/core/collection.zig	145	priv		bigIntHashParts
src/core/collection.zig	162	priv		hashBigIntValue
src/core/collection.zig	171	priv		hashRefPointer
src/core/collection.zig	176	priv		hashObjectPointer
src/core/collection.zig	181	priv		mix64
src/core/collection.zig	188	priv		tagHashBits
src/core/collection.zig	192	priv		bucketIndex
src/core/collection.zig	198	pub		findWeakEntry
src/core/collection.zig	219	priv		weakEntryHash
src/core/collection.zig	225	pub		appendStrongEntryWithHash
src/core/collection.zig	237	pub		appendStrongEntryOwned
src/core/collection.zig	241	pub		ensureStrongIndexForInsert
src/core/collection.zig	253	priv		bucketCountForActiveCount
src/core/collection.zig	259	priv		rebuildStrongIndex
src/core/collection.zig	278	priv		linkStrongEntry
src/core/collection.zig	287	priv		unlinkStrongEntry
src/core/collection.zig	309	pub		appendWeakEntry
src/core/collection.zig	330	priv		ensureWeakIndexForInsert
src/core/collection.zig	342	priv		rebuildWeakIndex
src/core/collection.zig	360	priv		linkWeakEntry
src/core/collection.zig	372	priv		unlinkWeakEntry
src/core/collection.zig	405	priv		shouldCompactStrongEntries
src/core/collection.zig	422	priv		compactStrongEntries
src/core/collection.zig	463	priv		shrinkStrongStorage
src/core/collection.zig	496	pub		removeStrongEntry
src/core/collection.zig	503	priv		rollbackLastStrongEntry
src/core/collection.zig	510	pub		rollbackStrongEntriesTo
src/core/collection.zig	530	pub		removeWeakEntry
src/core/collection.zig	554	pub		clearStrongEntries
src/core/collection.zig	586	priv		takeStrongEntry
src/core/collection.zig	597	pub		clearWeakEntries
src/core/collection.zig	614	pub		weakKeyIdentityRegister
src/core/collection.zig	622	pub		weakKeyIdentityPeek
src/core/collection.zig	631	pub		sweepWeakEntries
src/core/collection.zig	655	pub		setWeakMapEntryByIdentityChecked
src/core/collection.zig	667	pub		setWeakMapEntryByIdentity
src/core/collection.zig	674	pub		setWeakMapEntry
src/core/collection.zig	685	pub		mapGetLatin1PrefixIntValue
src/core/collection.zig	698	pub		mapSetLatin1PrefixInt32Range
src/core/collection.zig	744	priv		stringFromValue
src/core/context.zig	72	pub		currentPc
src/core/context.zig	76	pub		location
src/core/context.zig	228	pub		retain
src/core/context.zig	234	pub		release
src/core/context.zig	241	pub		sharedStore
src/core/context.zig	272	pub		traceRoots
src/core/context.zig	276	pub		setExitCode
src/core/context.zig	280	pub		exitCode
src/core/context.zig	284	pub		nextTimerId
src/core/context.zig	288	pub		enqueueTimer
src/core/context.zig	292	pub		clearTimer
src/core/context.zig	296	pub		runNextTimer
src/core/context.zig	300	pub		setRwHandler
src/core/context.zig	304	pub		clearRwHandler
src/core/context.zig	308	pub		runNextRwHandler
src/core/context.zig	312	pub		setSignalHandler
src/core/context.zig	316	pub		clearSignalHandler
src/core/context.zig	320	pub		runNextSignalHandler
src/core/context.zig	453	pub	inline	traceListPreviousPtr
src/core/context.zig	457	pub	inline	traceListPreviousPtrConst
src/core/context.zig	467	pub		create
src/core/context.zig	473	pub		createWithOptions
src/core/context.zig	479	pub		createConstructingWithOptions
src/core/context.zig	483	priv		createWithPublication
src/core/context.zig	498	priv		fillNullJsValues
src/core/context.zig	505	priv		initConstructing
src/core/context.zig	540	pub		publishLive
src/core/context.zig	556	pub		finishConstruction
src/core/context.zig	564	pub		finishConstructionChecked
src/core/context.zig	569	pub		publicationState
src/core/context.zig	573	pub		isLive
src/core/context.zig	577	pub		runtimePtr
src/core/context.zig	581	pub		setStackLimit
src/core/context.zig	585	pub		stackLimit
src/core/context.zig	594	pub	inline	pollInterrupt
src/core/context.zig	604	pub	inline	pollInterruptTick
src/core/context.zig	610	pub		pollInterruptSlowPublic
src/core/context.zig	614	priv	noinline	pollInterruptSlow
src/core/context.zig	629	pub		setTrackUnhandledRejections
src/core/context.zig	633	pub		tracksUnhandledRejections
src/core/context.zig	637	pub		setPreserveUncaughtException
src/core/context.zig	641	pub		preservesUncaughtException
src/core/context.zig	645	pub		setHostEventLoop
src/core/context.zig	649	pub		clearHostEventLoop
src/core/context.zig	655	pub		hostEventLoop
src/core/context.zig	659	priv		usingInlineClassPrototypes
src/core/context.zig	663	priv		deinitClassPrototypeSlots
src/core/context.zig	676	pub		ensureClassPrototypeSlot
src/core/context.zig	700	pub		setClassPrototype
src/core/context.zig	711	pub		clearClassPrototype
src/core/context.zig	718	pub		classPrototypeObject
src/core/context.zig	728	pub		setNativeErrorPrototype
src/core/context.zig	736	pub		nativeErrorPrototypeObject
src/core/context.zig	745	pub		initializeInitialShapes
src/core/context.zig	811	priv		releaseInitialShape
src/core/context.zig	818	priv		clearIntrinsicBootstrapValues
src/core/context.zig	841	pub		rollbackIntrinsicBootstrap
src/core/context.zig	854	priv		deinitResources
src/core/context.zig	886	pub		destroy
src/core/context.zig	893	pub		tryDestroy
src/core/context.zig	898	priv		consumeHostApiRelease
src/core/context.zig	909	priv		dropHostRootProvider
src/core/context.zig	916	pub		destroyFromHeader
src/core/context.zig	924	pub		createValueHandle
src/core/context.zig	928	pub		takeValueHandle
src/core/context.zig	932	pub		traceRoots
src/core/context.zig	985	pub		traceChildEdgesNoFail
src/core/context.zig	1016	pub		arrayBuffer
src/core/context.zig	1020	priv		rootProvider
src/core/context.zig	1027	priv		traceRootProvider
src/core/context.zig	1037	pub		throwValue
src/core/context.zig	1045	pub		setExceptionUncatchable
src/core/context.zig	1050	pub		exceptionIsUncatchable
src/core/context.zig	1057	pub		markExceptionOutOfMemory
src/core/context.zig	1062	pub		exceptionIsOutOfMemory
src/core/context.zig	1066	pub		hasException
src/core/context.zig	1070	pub		takeException
src/core/context.zig	1079	pub		clearException
src/core/context.zig	1085	pub		recordUnhandledRejection
src/core/context.zig	1095	pub		recordUnhandledPromiseRejection
src/core/context.zig	1107	priv		appendUnhandledRejection
src/core/context.zig	1131	pub		removeUnhandledPromiseRejection
src/core/context.zig	1144	pub		hasUnhandledRejection
src/core/context.zig	1151	pub		takeUnhandledRejection
src/core/context.zig	1162	pub		clearUnhandledRejection
src/core/context.zig	1171	pub		classPrototypeSlotCount
src/core/context.zig	1175	pub		pushBacktraceFrame
src/core/context.zig	1185	pub		pushBacktraceFrameWithResolver
src/core/context.zig	1197	pub		pushActiveBacktraceFrame
src/core/context.zig	1202	pub		popActiveBacktraceFrame
src/core/context.zig	1208	pub		snapshotBacktraceFrames
src/core/context.zig	1253	pub		freeBacktraceFrameSnapshot
src/core/context.zig	1258	priv		dupBacktraceFrame
src/core/context.zig	1272	priv		dupActiveBacktraceFrameFromSnapshot
src/core/context.zig	1289	pub		pushBacktraceFrameLazyName
src/core/context.zig	1323	pub		popBacktraceFrame
src/core/context.zig	1329	pub		updateBacktracePc
src/core/context.zig	1336	pub		borrowBacktracePc
src/core/context.zig	1341	pub		updateBacktraceLocation
src/core/context.zig	1350	pub		takePendingException
src/core/context.zig	1359	pub		globalObject
src/core/context.zig	1382	pub		takeOwned
src/core/context.zig	1390	pub		retain
src/core/context.zig	1394	pub		clone
src/core/context.zig	1398	pub		borrow
src/core/context.zig	1402	pub		deinit
src/core/descriptor.zig	30	pub		data
src/core/descriptor.zig	41	pub		accessor
src/core/descriptor.zig	53	pub		generic
src/core/descriptor.zig	61	pub		fromSlot
src/core/descriptor.zig	103	pub		destroy
src/core/error_names.zig	12	pub		isErrorConstructorName
src/core/error_names.zig	16	pub		isConstructErrorObjectName
src/core/error_names.zig	22	pub		isNativeErrorSubclassName
src/core/error_names.zig	28	pub		isSimpleNativeErrorConstructorName
src/core/exception.zig	14	pub		hasException
src/core/exception.zig	18	pub		set
src/core/exception.zig	23	pub		clear
src/core/exception.zig	29	pub		take
src/core/function.zig	83	pub		nativeBuiltinId
src/core/function.zig	87	pub		decodeNativeBuiltinId
src/core/function.zig	119	priv		isAsciiBuiltinName
src/core/function.zig	126	priv		nativeFunctionWithClass
src/core/function.zig	141	pub		nativeFunction
src/core/function.zig	151	pub		nativeFunctionWithPrototypeAndCapacity
src/core/function.zig	169	priv		publishNativeFunctionMetadata
src/core/function.zig	185	priv		publishNativeFunctionMetadataWork
src/core/function.zig	215	pub		nativeDataFunctionWithPrototype
src/core/function.zig	224	pub		nativeFunctionForGlobal
src/core/function.zig	240	pub		defineNativeMethod
src/core/function.zig	247	priv		defineMethodData
src/core/gc.zig	135	pub	inline	invariantChecksEnabled
src/core/gc.zig	156	pub	inline	mCutInjection
src/core/gc.zig	163	priv		readStressFromEnv
src/core/gc.zig	390	pub	inline	needsProcessMemorySnapshot
src/core/gc.zig	403	pub		release
src/core/gc.zig	413	pub		deinit
src/core/gc.zig	463	pub	inline	kindIsBlockCellKind
src/core/gc.zig	477	pub	inline	kindIsPrefixCarrier
src/core/gc.zig	499	pub	inline	kindIsOwnedStorageCell
src/core/gc.zig	512	priv	inline	kindIsExtentCapable
src/core/gc.zig	548	pub	inline	representationKindDescriptor
src/core/gc.zig	576	pub	inline	frontierEpochSafe
src/core/gc.zig	680	pub		ratioPerMille
src/core/gc.zig	911	pub	inline	barrierOwnerWord
src/core/gc.zig	935	pub	inline	meta
src/core/gc.zig	939	pub	inline	metaConst
src/core/gc.zig	945	pub	inline	nextNonObject
src/core/gc.zig	951	priv	inline	setNextNonObject
src/core/gc.zig	969	pub	inline	bodyOffsetFromHeader
src/core/gc.zig	991	pub	inline	bodyAddressFromHeader
src/core/gc.zig	1019	pub	inline	headerNeedsFinalizer
src/core/gc.zig	1063	pub	inline	headerCondemned
src/core/gc.zig	1070	priv	inline	stampHeaderCondemned
src/core/gc.zig	1074	priv	inline	assertInitialHeaderLifetime
src/core/gc.zig	1194	pub		verifyMetadataSemantics
src/core/gc.zig	1543	pub		init
src/core/gc.zig	1558	pub		initLists
src/core/gc.zig	1564	pub		deinit
src/core/gc.zig	1728	pub		reportExternalAlloc
src/core/gc.zig	1748	pub		reportExternalAllocUntracked
src/core/gc.zig	1762	pub		reportExternalFree
src/core/gc.zig	1768	pub		reportExternalFreeUntracked
src/core/gc.zig	1776	priv		releaseExternalToken
src/core/gc.zig	1795	pub		externalMemoryRequestReason
src/core/gc.zig	1806	pub		externalMemoryRequestUrgency
src/core/gc.zig	1813	pub		processMemoryRequest
src/core/gc.zig	1819	pub		requestGC
src/core/gc.zig	1825	pub		hasPendingMajorRequest
src/core/gc.zig	1829	pub		resetAllocationDebt
src/core/gc.zig	1833	pub	inline	addInitializedWithSize
src/core/gc.zig	1844	pub		prepareNonBlockObjectAuthority
src/core/gc.zig	1852	pub		addInitializedWithSizeNoFail
src/core/gc.zig	1869	priv	noinline	publishInitializedCold
src/core/gc.zig	1879	priv	inline	publicationNeedsColdArm
src/core/gc.zig	1885	priv	inline	publishInitialized
src/core/gc.zig	1985	pub		addInitializedShape
src/core/gc.zig	2007	priv		encodeHeapBytes
src/core/gc.zig	2011	priv		storedHeapBytes
src/core/gc.zig	2018	pub		heapByteSizeFromHeader
src/core/gc.zig	2059	pub		isLargeAllocation
src/core/gc.zig	2066	pub		isCycleCandidate
src/core/gc.zig	2085	priv		recordHeapFreeWithBytes
src/core/gc.zig	2108	pub	inline	headerIsPinned
src/core/gc.zig	2112	pub		pinHeader
src/core/gc.zig	2116	pub		unpinHeader
src/core/gc.zig	2125	pub		unlinkObjectWithBytes
src/core/gc.zig	2150	pub	inline	recordDetachedHeapFreeWithBytes
src/core/gc.zig	2180	pub		createStorageCellPublished
src/core/gc.zig	2219	pub		reclaimDoomedBlock
src/core/gc.zig	2268	pub		destroyStorageCell
src/core/gc.zig	2278	priv	inline	storageCellBlockTotalBytes
src/core/gc.zig	2283	pub		unpublishStringCell
src/core/gc.zig	2289	pub		unpublishStringExtent
src/core/gc.zig	2358	pub		next
src/core/gc.zig	2409	priv	inline	registryFromSentinel
src/core/gc.zig	2415	priv		nextInBlock
src/core/gc.zig	2453	priv		nextCell
src/core/gc.zig	2479	priv		nextYoungCell
src/core/gc.zig	2510	pub		next
src/core/gc.zig	2545	pub		objectIterator
src/core/gc.zig	2569	pub		heapAccountingIterator
src/core/gc.zig	2582	pub		blockCellPublicationAllowance
src/core/gc.zig	2605	pub		blockCellAccountingAllowance
src/core/gc.zig	2617	pub	inline	isBlockCellHeader
src/core/gc.zig	2626	priv		unregisterNonBlockObject
src/core/gc.zig	2635	priv		removeNonBlockObject
src/core/gc.zig	2644	pub		condemnNonBlockObject
src/core/gc.zig	2658	priv		removeGcObject
src/core/gc.zig	2666	priv		removeGcObjectAfter
src/core/gc.zig	2694	pub	inline	frontierSafeHeaderAfterMarkClaim
src/core/gc.zig	2726	pub	inline	frontierSafeHeaderForRequeue
src/core/gc.zig	2734	priv		frontierHasEntriesForSafety
src/core/gc.zig	2745	pub		assertFrontierAllowsReclaimKind
src/core/gc.zig	2752	pub		assertFrontierDrainedBeforeReclaim
src/core/gc.zig	2760	pub	inline	headerMarked
src/core/gc.zig	2792	pub	inline	headerMarkedKnownNonBlock
src/core/gc.zig	2797	pub	inline	setHeaderMarked
src/core/gc.zig	2826	pub		setNeedsFinalizer
src/core/gc.zig	2861	pub	inline	retireTracedYoung
src/core/gc.zig	2880	pub	inline	setHeaderUnmarked
src/core/gc.zig	2893	pub		advanceHeaderMarkEpoch
src/core/gc.zig	2915	pub		detachCycleCandidate
src/core/gc.zig	2929	pub	inline	detachBlockObjectCandidate
src/core/gc.zig	2942	pub		detachCycleCandidateAfter
src/core/gc.zig	2957	pub		abortIncrementalCycle
src/core/gc.zig	2968	priv		closeMarkingAndDrainFrontier
src/core/gc.zig	2981	pub		noteCycleEnvelopeBaseline
src/core/gc.zig	2996	pub		invalidateCycleEnvelopeBaseline
src/core/gc.zig	3009	pub		beginCycleEnvelope
src/core/gc.zig	3026	priv		abortCycleEnvelope
src/core/gc.zig	3032	pub		finishCycleEnvelope
src/core/gc.zig	3061	pub		shadeCellForAtomBarrier
src/core/gc.zig	3070	pub	inline	shadeForIncrementalMark
src/core/gc.zig	3156	pub	inline	shouldTryMinor
src/core/gc.zig	3209	pub	inline	shouldTryMinorBeforeMajor
src/core/gc.zig	3246	pub	inline	rememberOwnerForBulkWrite
src/core/gc.zig	3251	priv		rememberOwnerForBulkWriteSlow
src/core/gc.zig	3275	priv	inline	expectedBarrierGate
src/core/gc.zig	3293	pub		refreshBarrierGate
src/core/gc.zig	3308	pub		setMajorMarkingActive
src/core/gc.zig	3322	pub	inline	barrierOwnerSkips
src/core/gc.zig	3343	priv	inline	rememberGenerationalOwner
src/core/gc.zig	3350	priv	inline	clearGenerationalRememberedBit
src/core/gc.zig	3354	priv	inline	clearGenerationalRememberedBits
src/core/gc.zig	3367	pub		retireGenerationalYoungSet
src/core/gc.zig	3396	pub	inline	forgetGenerationalOwner
src/core/gc.zig	3406	priv	inline	generationalBarrierDetailed
src/core/gc.zig	3430	pub	inline	auditUnbarrieredStore
src/core/gc.zig	3442	priv		auditUnbarrieredStoreSlow
src/core/gc.zig	3481	pub	inline	generationalBarrier
src/core/gc.zig	3494	priv		generationalBarrierSlow
src/core/gc.zig	3529	pub	inline	generationalBarrierValue
src/core/gc.zig	3538	pub	inline	markQueueAllocator
src/core/gc.zig	3542	priv	inline	addressRegistryAllocator
src/core/gc.zig	3571	pub		serveObjectCells
src/core/gc.zig	3588	priv		noteSlabArenaCreated
src/core/gc.zig	3593	priv		noteSlabArenaReleased
src/core/gc.zig	3598	pub		observeSlabArenas
src/core/gc.zig	3619	priv	inline	registerLiveAddressClassified
src/core/gc.zig	3651	priv	noinline	insertLiveAddressCold
src/core/gc.zig	3673	priv	inline	noteYoungPublicationCensus
src/core/gc.zig	3681	priv	inline	markPublishedYoungClassified
src/core/gc.zig	3767	priv	noinline	publishGreyCold
src/core/gc.zig	3789	priv	inline	unregisterLiveAddress
src/core/gc.zig	3814	priv	inline	observeNewPublication
src/core/gc.zig	3833	priv	noinline	recordSpacePublicationDetailed
src/core/gc.zig	3850	pub		addressSetWhole
src/core/gc.zig	3899	pub		containsHeader
src/core/gc.zig	3941	pub		resolveCurrentMember
src/core/gc.zig	3955	pub		allocationHandle
src/core/gc.zig	3961	pub		resolveExact
src/core/gc_address_registry.zig	40	pub		gcHeader
src/core/gc_address_registry.zig	138	pub	inline	arenasIncomplete
src/core/gc_address_registry.zig	142	priv	inline	setArenasIncomplete
src/core/gc_address_registry.zig	150	pub	inline	occupantsIncomplete
src/core/gc_address_registry.zig	154	pub	inline	setOccupantsIncomplete
src/core/gc_address_registry.zig	171	pub		noteArenaCreated
src/core/gc_address_registry.zig	192	pub		resyncArenas
src/core/gc_address_registry.zig	197	priv		visit
src/core/gc_address_registry.zig	217	pub		noteArenaReleased
src/core/gc_address_registry.zig	233	priv		forEachGcObjectInArena
src/core/gc_address_registry.zig	272	pub		auditArenas
src/core/gc_address_registry.zig	277	priv		visit
src/core/gc_address_registry.zig	314	pub		verifyIndex
src/core/gc_address_registry.zig	388	pub		rebuildScanFilter
src/core/gc_address_registry.zig	435	priv		forEachGcObjectInBlocks
src/core/gc_address_registry.zig	467	priv	inline	filterRulesOut
src/core/gc_address_registry.zig	471	priv	inline	filterRulesOutBits
src/core/gc_address_registry.zig	475	pub		deinit
src/core/gc_address_registry.zig	486	pub		occupantFor
src/core/gc_address_registry.zig	493	pub		insert
src/core/gc_address_registry.zig	497	priv		insertOccupant
src/core/gc_address_registry.zig	525	pub		remove
src/core/gc_address_registry.zig	529	priv		removePtr
src/core/gc_address_registry.zig	557	priv		compactIfTombstoned
src/core/gc_address_registry.zig	584	pub		forEachTraceCandidateAt
src/core/gc_address_registry.zig	653	pub		containsHeader
src/core/gc_address_registry.zig	686	priv		rollbackPages
src/core/gc_address_registry.zig	712	pub	inline	noteFailedInsert
src/core/gc_address_registry.zig	717	priv		occupantsEqual
src/core/gc_audit_print.zig	17	pub	inline	boolText
src/core/gc_audit_print.zig	22	pub	noinline	hexPad
src/core/gc_audit_print.zig	33	pub		print
src/core/gc_audit_print.zig	44	pub	noinline	write
src/core/gc_audit_print.zig	56	priv		formatDec
src/core/gc_audit_print.zig	68	priv		formatHex
src/core/gc_block_heap.zig	82	priv	inline	injectedCellFailure
src/core/gc_block_heap.zig	253	pub		currentDecommittedBytes
src/core/gc_block_heap.zig	304	pub		canAllocCellSize
src/core/gc_block_heap.zig	312	pub	inline	cellClassForPayload
src/core/gc_block_heap.zig	322	pub	inline	accountedBodyBytesForRequest
src/core/gc_block_heap.zig	539	priv		fromAddr
src/core/gc_block_heap.zig	547	priv		bitmaps
src/core/gc_block_heap.zig	561	pub		finalizerBits
src/core/gc_block_heap.zig	568	pub		setFinalizerBit
src/core/gc_block_heap.zig	572	priv		clearFinalizerBit
src/core/gc_block_heap.zig	576	pub		cellNeedsFinalizer
src/core/gc_block_heap.zig	580	priv		cellPtr
src/core/gc_block_heap.zig	585	pub		cellIndex
src/core/gc_block_heap.zig	599	pub		cellIndexInterior
src/core/gc_block_heap.zig	608	pub		allocWords
src/core/gc_block_heap.zig	617	pub		doomedWords
src/core/gc_block_heap.zig	624	pub		deadWord
src/core/gc_block_heap.zig	631	pub		cellAllocated
src/core/gc_block_heap.zig	635	pub		cellBase
src/core/gc_block_heap.zig	642	pub	inline	fromCellTrusted
src/core/gc_block_heap.zig	648	pub		clearMark
src/core/gc_block_heap.zig	663	pub		clearYoungMarksStw
src/core/gc_block_heap.zig	688	priv	inline	isYoungListed
src/core/gc_block_heap.zig	692	priv		hasPendingDoomed
src/core/gc_block_heap.zig	700	priv		cellPendingDoomed
src/core/gc_block_heap.zig	715	pub		snapshotDoomed
src/core/gc_block_heap.zig	755	priv		forgetDoomedCell
src/core/gc_block_heap.zig	777	pub		takeDoomedFinalizerCell
src/core/gc_block_heap.zig	806	priv		reclaimDoomedIntoBitmap
src/core/gc_block_heap.zig	827	pub		takeDoomedCell
src/core/gc_block_heap.zig	874	pub		ensureMarkEpoch
src/core/gc_block_heap.zig	893	pub	inline	isDoomed
src/core/gc_block_heap.zig	897	pub		isMarked
src/core/gc_block_heap.zig	902	pub		setMark
src/core/gc_block_heap.zig	925	priv		blockGeometry
src/core/gc_block_heap.zig	1061	pub		init
src/core/gc_block_heap.zig	1065	pub		deinit
src/core/gc_block_heap.zig	1091	pub		beginMajor
src/core/gc_block_heap.zig	1102	pub		alloc
src/core/gc_block_heap.zig	1119	pub		allocCell
src/core/gc_block_heap.zig	1132	pub	noinline	allocCellFixedPtr
src/core/gc_block_heap.zig	1136	priv	inline	allocSmallCell
src/core/gc_block_heap.zig	1163	pub		free
src/core/gc_block_heap.zig	1202	pub		next
src/core/gc_block_heap.zig	1209	pub		extentKeys
src/core/gc_block_heap.zig	1213	pub		extentSetMark
src/core/gc_block_heap.zig	1228	pub		extentSetNeedsFinalizer
src/core/gc_block_heap.zig	1236	priv		extentNeedsFinalizer
src/core/gc_block_heap.zig	1242	pub		extentIsMarked
src/core/gc_block_heap.zig	1270	pub		extentContaining
src/core/gc_block_heap.zig	1289	pub		extentsContaining
src/core/gc_block_heap.zig	1309	priv		extentsContainingLinear
src/core/gc_block_heap.zig	1339	priv		indexExtentPages
src/core/gc_block_heap.zig	1374	priv		rollbackExtentPages
src/core/gc_block_heap.zig	1382	priv		unindexExtentPages
src/core/gc_block_heap.zig	1402	priv		compactExtentPagesIfTombstoned
src/core/gc_block_heap.zig	1419	pub		verifyExtentPageIndex
src/core/gc_block_heap.zig	1440	priv		verifyOneExtentIndexed
src/core/gc_block_heap.zig	1472	pub		sweepExtents
src/core/gc_block_heap.zig	1503	pub		containsExtent
src/core/gc_block_heap.zig	1507	pub		extentUserBytes
src/core/gc_block_heap.zig	1523	pub		sweepYoungExtents
src/core/gc_block_heap.zig	1551	pub		retireYoungExtents
src/core/gc_block_heap.zig	1563	pub		clearYoungExtentMarksStw
src/core/gc_block_heap.zig	1578	pub		freeSmallCell
src/core/gc_block_heap.zig	1588	priv		generationFor
src/core/gc_block_heap.zig	1597	priv		generationForConst
src/core/gc_block_heap.zig	1606	priv		lifecycleFor
src/core/gc_block_heap.zig	1615	priv		lifecycleForConst
src/core/gc_block_heap.zig	1624	priv		blockIncarnation
src/core/gc_block_heap.zig	1631	priv		reserveCellGeneration
src/core/gc_block_heap.zig	1639	priv	inline	popTrackedCell
src/core/gc_block_heap.zig	1655	pub		generationHandle
src/core/gc_block_heap.zig	1669	pub		containsAllocatedCell
src/core/gc_block_heap.zig	1684	pub		resolveExactHandle
src/core/gc_block_heap.zig	1705	pub		transitionCell
src/core/gc_block_heap.zig	1715	pub		publishCell
src/core/gc_block_heap.zig	1724	pub		rawBytesForCell
src/core/gc_block_heap.zig	1731	pub		setReuseSequenceForTest
src/core/gc_block_heap.zig	1739	pub		forEachOwnedIdentity
src/core/gc_block_heap.zig	1765	pub		verifyGenerationAuthority
src/core/gc_block_heap.zig	1785	pub		verifyLifecycleAuthority
src/core/gc_block_heap.zig	1816	pub		reclaimDoomedCells
src/core/gc_block_heap.zig	1849	pub		censusBlocks
src/core/gc_block_heap.zig	1902	pub		verifyBlockAllocCount
src/core/gc_block_heap.zig	1908	pub		owns
src/core/gc_block_heap.zig	1917	pub	inline	noteYoungCell
src/core/gc_block_heap.zig	1925	pub		clearYoungBlocks
src/core/gc_block_heap.zig	1942	pub		clearYoungBlockMarksStw
src/core/gc_block_heap.zig	1954	priv		noteNonemptyBlock
src/core/gc_block_heap.zig	1962	priv		noteEmptyBlock
src/core/gc_block_heap.zig	1970	priv		hasHotReuseCapacity
src/core/gc_block_heap.zig	1978	priv		withdrawHotBlocks
src/core/gc_block_heap.zig	2000	priv		findCellState
src/core/gc_block_heap.zig	2022	priv		writeIntervalNode
src/core/gc_block_heap.zig	2034	priv		rebuildFreeIntervals
src/core/gc_block_heap.zig	2079	priv		publishHotBlock
src/core/gc_block_heap.zig	2131	pub		publishCompletedHotBlocks
src/core/gc_block_heap.zig	2155	pub		publishCompletedHotBlocksSlice
src/core/gc_block_heap.zig	2174	priv		publishSuperblockHotBlocks
src/core/gc_block_heap.zig	2200	priv		recordDoomedBlock
src/core/gc_block_heap.zig	2241	pub		snapshotAllDoomed
src/core/gc_block_heap.zig	2267	pub		snapshotYoungDoomed
src/core/gc_block_heap.zig	2295	priv		decommitCellPages
src/core/gc_block_heap.zig	2312	pub		releaseFreeBlockPages
src/core/gc_block_heap.zig	2355	priv		trimProcessHeapAfterLargeShrink
src/core/gc_block_heap.zig	2401	pub		verify
src/core/gc_block_heap.zig	2794	pub		verifyPublishedCellsAllowing
src/core/gc_block_heap.zig	2807	pub		verifyAccountingCellsAllowing
src/core/gc_block_heap.zig	2816	priv		verifyCellsAllowing
src/core/gc_block_heap.zig	2901	pub		blockOf
src/core/gc_block_heap.zig	2914	pub	inline	scanFilter
src/core/gc_block_heap.zig	2918	pub	inline	blockOfWithFilter
src/core/gc_block_heap.zig	2938	pub		liveSmall
src/core/gc_block_heap.zig	2988	pub		census
src/core/gc_block_heap.zig	3046	pub		liveBytes
src/core/gc_block_heap.zig	3055	pub		committedLiveMilli
src/core/gc_block_heap.zig	3061	priv		containsBlock
src/core/gc_block_heap.zig	3065	priv		containsInitializedBlock
src/core/gc_block_heap.zig	3069	priv		blockFromListLink
src/core/gc_block_heap.zig	3079	priv		blockFromFreeLink
src/core/gc_block_heap.zig	3085	priv		allocSmall
src/core/gc_block_heap.zig	3091	priv		freeSmall
src/core/gc_block_heap.zig	3130	priv		openBlock
src/core/gc_block_heap.zig	3177	priv		takeClassedBlock
src/core/gc_block_heap.zig	3258	priv		reserveSuperblock
src/core/gc_block_heap.zig	3303	priv		unreserveSuperblock
src/core/gc_block_heap.zig	3351	priv		whollyEmpty
src/core/gc_block_heap.zig	3358	priv		releaseEmptyMediumSuperblocks
src/core/gc_block_heap.zig	3388	priv		resetBlock
src/core/gc_block_heap.zig	3446	priv		allocMedium
src/core/gc_block_heap.zig	3491	priv		takeMediumSuperblock
src/core/gc_block_heap.zig	3502	priv		freeMedium
src/core/gc_block_heap.zig	3527	priv		rebucket
src/core/gc_block_heap.zig	3534	priv		bucketUnlink
src/core/gc_block_heap.zig	3554	priv		bucketLink
src/core/gc_block_heap.zig	3580	pub		verifyMediumBuckets
src/core/gc_block_heap.zig	3616	priv		allocLarge
src/core/gc_block_heap.zig	3802	priv		destroy
src/core/gc_block_heap.zig	3966	pub		processHeapTrimNeeded
src/core/gc_block_heap.zig	3972	priv		popCell
src/core/gc_block_heap.zig	4029	priv		pushCell
src/core/gc_block_heap.zig	4045	priv		bitMask
src/core/gc_block_heap.zig	4064	priv		setBitPlain
src/core/gc_block_heap.zig	4068	priv		clearBitPlain
src/core/gc_block_heap.zig	4072	priv		testBitPlain
src/core/gc_block_heap.zig	4076	priv		testBit
src/core/gc_block_heap.zig	4081	priv		setBit
src/core/gc_block_heap.zig	4085	priv		clearBit
src/core/gc_block_heap.zig	4103	priv		scanFreeRuns
src/core/gc_block_heap.zig	4138	priv		testPage
src/core/gc_block_heap.zig	4142	priv		setPage
src/core/gc_block_heap.zig	4146	priv		clearPage
src/core/gc_carrier.zig	48	pub		of
src/core/gc_carrier.zig	54	pub		publishedOnly
src/core/gc_carrier.zig	58	pub		owned
src/core/gc_carrier.zig	62	pub		contains
src/core/gc_carrier.zig	95	pub		deinit
src/core/gc_carrier.zig	100	pub		reserve
src/core/gc_carrier.zig	111	pub		commit
src/core/gc_carrier.zig	120	pub		record
src/core/gc_carrier.zig	124	priv		recordMut
src/core/gc_carrier.zig	128	pub		handle
src/core/gc_carrier.zig	133	pub		resolve
src/core/gc_carrier.zig	145	pub		finishRawFree
src/core/gc_carrier.zig	149	pub		verify
src/core/gc_carrier.zig	177	pub		deinit
src/core/gc_carrier.zig	182	pub		prepare
src/core/gc_carrier.zig	186	pub		commit
src/core/gc_carrier.zig	192	pub		record
src/core/gc_carrier.zig	196	priv		recordMut
src/core/gc_carrier.zig	200	pub		transition
src/core/gc_carrier.zig	205	pub		publish
src/core/gc_carrier.zig	211	pub		resolve
src/core/gc_carrier.zig	217	pub		finishRawFree
src/core/gc_carrier.zig	222	pub		verify
src/core/gc_carrier.zig	262	pub		deinit
src/core/gc_carrier.zig	267	pub		prepareRawAlloc
src/core/gc_carrier.zig	271	pub		recordRawAlloc
src/core/gc_carrier.zig	281	pub		recordRawFree
src/core/gc_carrier.zig	286	pub		recordPublish
src/core/gc_carrier.zig	296	pub		recordUnpublish
src/core/gc_conservative.zig	86	priv		stackHigh
src/core/gc_conservative.zig	97	priv		stackHigh
src/core/gc_conservative.zig	105	priv		stackHigh
src/core/gc_conservative.zig	111	priv		stackHigh
src/core/gc_conservative.zig	122	priv		stackHigh
src/core/gc_conservative.zig	129	priv		stackHigh
src/core/gc_conservative.zig	148	priv		threadStackHigh
src/core/gc_conservative.zig	165	priv		scanHigh
src/core/gc_conservative.zig	174	priv		dumpRegisters
src/core/gc_conservative.zig	255	priv		scanWords
src/core/gc_conservative.zig	285	pub		spillRegistersAndScan
src/core/gc_conservative.zig	335	pub	inline	diagCurrentWord
src/core/gc_conservative.zig	379	priv		diagCaptureFrames
src/core/gc_conservative.zig	409	priv		diagOwnerPcs
src/core/gc_conservative.zig	435	priv		diagRegisterName
src/core/gc_conservative.zig	503	priv		kindCount
src/core/gc_conservative.zig	512	priv		diagThreadId
src/core/gc_conservative.zig	567	priv		offsetBucket
src/core/gc_conservative.zig	575	priv		offsetBucketName
src/core/gc_conservative.zig	706	priv		hashKey
src/core/gc_conservative.zig	712	priv		currentFunction
src/core/gc_conservative.zig	725	priv		internName
src/core/gc_conservative.zig	742	priv		internPcSilent
src/core/gc_conservative.zig	758	priv		internPc
src/core/gc_conservative.zig	764	priv		classify
src/core/gc_conservative.zig	839	priv		noteSite
src/core/gc_conservative.zig	896	priv		entryVerdict
src/core/gc_conservative.zig	931	priv		apply
src/core/gc_conservative.zig	968	priv		nameAt
src/core/gc_conservative.zig	973	priv		percent
src/core/gc_conservative.zig	978	priv		slotName
src/core/gc_conservative.zig	985	priv		mergeSite
src/core/gc_conservative.zig	1001	priv		siteCountFor
src/core/gc_conservative.zig	1019	priv		writeTopSites
src/core/gc_conservative.zig	1055	priv		reportVerdicts
src/core/gc_conservative.zig	1088	priv		frameTotal
src/core/gc_conservative.zig	1091	priv		more
src/core/gc_conservative.zig	1126	priv		writeOwnerPc
src/core/gc_conservative.zig	1141	pub		report
src/core/gc_conservative.zig	1180	priv		moreHits
src/core/gc_conservative.zig	1212	priv		moreHits
src/core/gc_conservative.zig	1260	priv		lock
src/core/gc_conservative.zig	1266	priv		unlock
src/core/gc_conservative.zig	1277	pub	inline	diagThreadDirect
src/core/gc_conservative.zig	1283	pub		noteDirect
src/core/gc_conservative.zig	1295	pub		noteProbe
src/core/gc_conservative.zig	1304	pub		reportGlobal
src/core/gc_conservative.zig	1317	priv		diagVerdictForHeader
src/core/gc_conservative.zig	1334	priv		diagCensusSnapshot
src/core/gc_conservative.zig	1345	priv		f
src/core/gc_conservative.zig	1379	priv		shade
src/core/gc_conservative.zig	1432	priv	noinline	diagRescanFixedSlot
src/core/gc_conservative.zig	1437	priv		shade
src/core/gc_generation.zig	102	pub		minorPhaseNsTotal
src/core/gc_generation.zig	174	pub		deinit
src/core/gc_generation.zig	180	pub		recordMinorPause
src/core/gc_generation.zig	189	pub		minorPauseDistribution
src/core/gc_generation.zig	204	priv		percentileIndex
src/core/gc_generation.zig	216	pub		rememberOwner
src/core/gc_generation.zig	231	pub	inline	rememberedCount
src/core/gc_generation.zig	235	pub		forget
src/core/gc_generation.zig	253	pub		forgetUnremembered
src/core/gc_generation.zig	267	priv	inline	forgetYoungCensus
src/core/gc_generation.zig	281	pub		openRetirementWindow
src/core/gc_generation.zig	298	pub		retireYoungSet
src/core/gc_generation.zig	317	pub		beginMajorRetirement
src/core/gc_generation.zig	324	pub		commitMajorRetirement
src/core/gc_generation.zig	332	pub		abandonMajorRetirement
src/core/gc_generation.zig	339	pub		minorsAllowed
src/core/gc_generation.zig	345	pub	inline	retirementOpen
src/core/gc_generation.zig	352	pub		beginMinorRetirement
src/core/gc_generation.zig	358	pub		commitMinorRetirement
src/core/gc_generation.zig	368	pub		abandonMinorRetirement
src/core/gc_generation.zig	401	pub		noteMinorYield
src/core/gc_generation.zig	428	pub		decayLowYieldStreak
src/core/gc_generation.zig	437	pub		minorSuspended
src/core/gc_generation.zig	441	pub		noteMinorPromotion
src/core/gc_generation.zig	446	pub		rememberedIterator
src/core/gc_incremental.zig	92	pub		ratioMillionthsCeil
src/core/gc_incremental.zig	135	pub	inline	markingActive
src/core/gc_incremental.zig	163	pub		deinit
src/core/gc_incremental.zig	219	pub		startAssistCredit
src/core/gc_incremental.zig	224	pub		recordAssistReclaim
src/core/gc_incremental.zig	233	pub		consumeAssistDebt
src/core/gc_incremental.zig	239	pub		clearAssistCredit
src/core/gc_incremental.zig	246	pub		init
src/core/gc_mark_queue.zig	69	priv		ensureBacking
src/core/gc_mark_queue.zig	73	pub		acquire
src/core/gc_mark_queue.zig	117	pub		release
src/core/gc_mark_queue.zig	133	pub		stats
src/core/gc_mark_queue.zig	137	pub		failBackingAllocationsForTest
src/core/gc_mark_queue.zig	142	pub		deinit
src/core/gc_mark_queue.zig	167	pub		ensure
src/core/gc_mark_queue.zig	171	pub		reset
src/core/gc_mark_queue.zig	188	pub		deinitStack
src/core/gc_mark_queue.zig	193	pub	inline	push
src/core/gc_mark_queue.zig	209	pub	inline	pop
src/core/gc_mark_queue.zig	220	pub	inline	popPrefetch
src/core/gc_mark_queue.zig	236	priv		releaseEmptyTop
src/core/gc_mark_queue.zig	246	priv		adoptAsTop
src/core/gc_mark_queue.zig	270	pub		ensureCapacity
src/core/gc_mark_queue.zig	274	pub		segmentPool
src/core/gc_mark_queue.zig	278	pub		failBackingAllocationsForTest
src/core/gc_mark_queue.zig	283	pub		deinit
src/core/gc_mark_queue.zig	290	pub		reset
src/core/gc_mark_queue.zig	303	pub		len
src/core/gc_mark_queue.zig	307	pub		isEmpty
src/core/gc_mark_queue.zig	311	pub		stats
src/core/gc_mark_queue.zig	315	pub		failure
src/core/gc_mark_queue.zig	319	pub		invalidateBarrier
src/core/gc_mark_queue.zig	323	priv		noteOutOfMemory
src/core/gc_mark_queue.zig	328	pub	noinline	push
src/core/gc_mark_queue.zig	349	pub		steal
src/core/gc_mark_queue.zig	362	pub		pop
src/core/gc_mark_queue.zig	377	priv		appendNewest
src/core/gc_registry_diagnostics.zig	62	pub		pauseDistribution
src/core/gc_registry_diagnostics.zig	82	priv		percentileIndex
src/core/gc_registry_diagnostics.zig	99	priv		deriveHeapSpaceSnapshot
src/core/gc_registry_diagnostics.zig	116	pub		statsSnapshot
src/core/gc_registry_diagnostics.zig	171	priv		ownerCondemned
src/core/gc_registry_diagnostics.zig	180	pub		verifyObjectPropertyStorageLayouts
src/core/gc_registry_diagnostics.zig	294	pub		recordFailure
src/core/gc_registry_diagnostics.zig	302	pub		recordSuccess
src/core/gc_registry_diagnostics.zig	318	pub		recordMajorSlicePause
src/core/gc_registry_diagnostics.zig	331	pub		recordIncrementalCycleSuccess
src/core/gc_registry_diagnostics.zig	358	pub		recordMinorSuccess
src/core/gc_registry_diagnostics.zig	363	priv		recordPauseSample
src/core/gc_registry_diagnostics.zig	369	pub		verifyIntrusiveList
src/core/gc_registry_diagnostics.zig	437	priv		verifyAuxiliaryIntrusiveLists
src/core/gc_registry_diagnostics.zig	489	pub		verifyConstructionRoots
src/core/gc_registry_diagnostics.zig	499	priv		verifyPublishedHeaderRepresentation
src/core/gc_registry_diagnostics.zig	567	pub		verifyRepresentationInvariants
src/core/gc_registry_diagnostics.zig	604	pub		verifyGenerationInvariants
src/core/gc_registry_diagnostics.zig	638	pub		verifyMajorRetirementCommit
src/core/gc_registry_diagnostics.zig	661	pub		verifyHeapAccounting
src/core/gc_registry_diagnostics.zig	799	priv		visit
src/core/gc_registry_diagnostics.zig	821	pub		liveCount
src/core/gc_registry_diagnostics.zig	828	pub		liveCountKind
src/core/gc_registry_heap.zig	34	pub		deinit
src/core/gc_registry_heap.zig	44	pub		count
src/core/gc_registry_heap.zig	48	pub		totalBytes
src/core/gc_registry_heap.zig	57	pub		add
src/core/gc_registry_heap.zig	76	pub		release
src/core/gc_registry_heap.zig	96	priv		indexOf
src/core/gc_registry_heap.zig	103	priv		takeId
src/core/gc_registry_heap.zig	110	priv		ensureCapacity
src/core/gc_registry_heap.zig	144	pub		prepare
src/core/gc_registry_heap.zig	150	pub		publish
src/core/gc_registry_heap.zig	156	priv		indexOf
src/core/gc_registry_heap.zig	163	pub		remove
src/core/gc_registry_heap.zig	169	pub		condemn
src/core/gc_registry_heap.zig	177	pub		deinit
src/core/gc_registry_lists.zig	28	priv	inline	storedListPrevious
src/core/gc_registry_lists.zig	42	priv	inline	setStoredListPrevious
src/core/gc_registry_lists.zig	67	pub	inline	listInit
src/core/gc_registry_lists.zig	72	pub	inline	listEmpty
src/core/gc_registry_lists.zig	76	pub	inline	listAddTail
src/core/gc_registry_lists.zig	90	pub	inline	listAddTailTraversalOwned
src/core/gc_registry_lists.zig	102	pub	inline	listPrevious
src/core/gc_registry_lists.zig	122	pub	inline	listDelAfter
src/core/gc_registry_lists.zig	141	pub	inline	listDelAfterTraversalOwned
src/core/gc_registry_lists.zig	149	pub	inline	listFirst
src/core/gc_registry_lists.zig	155	pub	inline	headerLinked
src/core/gc_registry_lists.zig	159	pub		verifyCircularHeaderList
src/core/gc_registry_lists.zig	234	pub		init
src/core/gc_registry_lists.zig	241	pub	inline	stageYoungTailPredecessor
src/core/gc_registry_lists.zig	247	pub	inline	resetYoungSuffix
src/core/gc_registry_lists.zig	253	pub	inline	linkTail
src/core/gc_registry_pins.zig	43	pub		deinit
src/core/gc_registry_pins.zig	56	pub	inline	contains
src/core/gc_registry_pins.zig	61	pub		pin
src/core/gc_registry_pins.zig	78	pub		unpin
src/core/gc_registry_pins.zig	89	pub		indexOf
src/core/gc_registry_pins.zig	96	priv		removeAt
src/core/gc_registry_pins.zig	107	priv		ensureCapacity
src/core/gc_registry_pins.zig	125	pub		prepareConstructionRoot
src/core/gc_registry_pins.zig	133	pub		addConstructionRoot
src/core/gc_registry_pins.zig	146	pub		removeConstructionRoot
src/core/gc_registry_pins.zig	154	pub		firstConstructionRoot
src/core/gc_registry_pins.zig	161	pub		isConstructionRoot
src/core/gc_registry_pins.zig	197	pub		entryIsConstructionRoot
src/core/gc_registry_scheduler.zig	42	pub		processMemoryRequest
src/core/gc_registry_scheduler.zig	59	pub		request
src/core/gc_registry_scheduler.zig	86	pub		hasPendingMajorRequest
src/core/gc_registry_scheduler.zig	90	pub		pendingMajorRequest
src/core/gc_registry_scheduler.zig	94	pub		clearMajorRequest
src/core/gc_registry_scheduler.zig	110	pub		pendingAllocationThresholdRequest
src/core/gc_registry_scheduler.zig	115	pub		clearStaleAllocationThresholdRequest
src/core/gc_registry_scheduler.zig	122	pub		shouldRunMajorAt
src/core/gc_registry_scheduler.zig	132	pub		beginMajorCycle
src/core/gc_registry_scheduler.zig	141	pub		setMajorPhase
src/core/gc_registry_scheduler.zig	146	pub		activeMajorReason
src/core/gc_registry_scheduler.zig	150	pub		abortMajorCycle
src/core/gc_registry_scheduler.zig	155	pub		finishMajorCycle
src/core/gc_space.zig	53	priv		nextGeometricClass
src/core/gc_space.zig	127	pub		classIndexForPayload
src/core/gc_space.zig	151	pub		record
src/core/gc_space.zig	166	pub		recordObject
src/core/gc_space.zig	173	pub		percentilePayloadBelowLarge
src/core/gc_space.zig	178	pub		coveredByMaxSmall
src/core/gc_space.zig	187	pub		belowLarge
src/core/gc_space.zig	192	priv		percentileOf
src/core/gc_space.zig	219	pub		cutoffForCoverage
src/core/gc_trace_stw.zig	40	priv		checkFrontierFailure
src/core/gc_trace_stw.zig	48	priv		popSegmentedFrontier
src/core/gc_trace_stw.zig	63	pub		traceHeaderEdges
src/core/gc_trace_stw.zig	150	priv		sweepAtomTable
src/core/gc_trace_stw.zig	163	priv		traceFunctionBytecodeAtoms
src/core/gc_trace_stw.zig	180	priv		visit
src/core/gc_trace_stw.zig	277	priv		cacheLines
src/core/gc_trace_stw.zig	283	pub		noteMarkedHeader
src/core/gc_trace_stw.zig	301	pub		beginTraceClass
src/core/gc_trace_stw.zig	306	pub		noteAllocation
src/core/gc_trace_stw.zig	324	pub		noteInlinePropertyCandidate
src/core/gc_trace_stw.zig	414	priv		deinit
src/core/gc_trace_stw.zig	440	priv		computeFullReachable
src/core/gc_trace_stw.zig	537	priv		verifyFullCondemnation
src/core/gc_trace_stw.zig	641	priv	inline	censusTimed
src/core/gc_trace_stw.zig	645	priv	inline	censusStart
src/core/gc_trace_stw.zig	649	priv	inline	censusEnd
src/core/gc_trace_stw.zig	655	priv		requireInvariant
src/core/gc_trace_stw.zig	668	priv		verifyCollectorInvariants
src/core/gc_trace_stw.zig	728	priv		recordFinalMarkFootprint
src/core/gc_trace_stw.zig	757	pub		collectCycles
src/core/gc_trace_stw.zig	810	pub		collectMinor
src/core/gc_trace_stw.zig	977	priv		promoteYoungSurvivorsInBulk
src/core/gc_trace_stw.zig	991	priv		closeYoungGeneration
src/core/gc_trace_stw.zig	1015	priv		clearYoungState
src/core/gc_trace_stw.zig	1044	pub		beginIncrementalCycle
src/core/gc_trace_stw.zig	1102	pub		incrementalMarkStep
src/core/gc_trace_stw.zig	1117	pub		finishIncrementalCycle
src/core/gc_trace_stw.zig	1305	priv		morgueIsEmpty
src/core/gc_trace_stw.zig	1332	pub		doomedStateSnapshot
src/core/gc_trace_stw.zig	1371	priv		auditDeferredPayloadRootsBeforeBlockPublication
src/core/gc_trace_stw.zig	1381	pub		auditDoomedExitInvariant
src/core/gc_trace_stw.zig	1390	priv		assertMorgueEmptyBeforeCondemnation
src/core/gc_trace_stw.zig	1401	priv	inline	condemnIntoBucket
src/core/gc_trace_stw.zig	1438	priv		condemnListSweep
src/core/gc_trace_stw.zig	1505	priv		note
src/core/gc_trace_stw.zig	1515	priv		note
src/core/gc_trace_stw.zig	1567	priv		destroyCondemnedSlice
src/core/gc_trace_stw.zig	1745	priv		destroyCondemnedWhole
src/core/gc_trace_stw.zig	1760	pub		destroyDoomedSlice
src/core/gc_trace_stw.zig	1793	pub		finishPendingDestruction
src/core/gc_trace_stw.zig	1818	pub		remarkBarrierQueueForTest
src/core/gc_trace_stw.zig	1835	priv		auditLiveObjectsResolve
src/core/gc_trace_stw.zig	1881	priv		init
src/core/gc_trace_stw.zig	1906	priv		deinit
src/core/gc_trace_stw.zig	1910	priv		allocator
src/core/gc_trace_stw.zig	1914	priv		run
src/core/gc_trace_stw.zig	1955	priv		clearMarks
src/core/gc_trace_stw.zig	1968	priv	inline	clearYoungMarks
src/core/gc_trace_stw.zig	1977	priv		countMarked
src/core/gc_trace_stw.zig	1986	priv		countMarkedYoung
src/core/gc_trace_stw.zig	1998	priv		shadeExact
src/core/gc_trace_stw.zig	2063	pub		visitValue
src/core/gc_trace_stw.zig	2067	pub		visitObject
src/core/gc_trace_stw.zig	2071	pub		visitShape
src/core/gc_trace_stw.zig	2076	pub		visitRealm
src/core/gc_trace_stw.zig	2080	pub		visitModule
src/core/gc_trace_stw.zig	2102	pub		storageCell
src/core/gc_trace_stw.zig	2126	pub		visitAtom
src/core/gc_trace_stw.zig	2139	pub		visitWeakCollectionEntry
src/core/gc_trace_stw.zig	2144	pub		visitFinalizationCell
src/core/gc_trace_stw.zig	2148	priv		seedRoots
src/core/gc_trace_stw.zig	2182	priv		visitValue
src/core/gc_trace_stw.zig	2188	priv		visitObject
src/core/gc_trace_stw.zig	2194	priv		visitHeader
src/core/gc_trace_stw.zig	2200	priv		visitAtom
src/core/gc_trace_stw.zig	2227	priv		shadeConservativeCandidate
src/core/gc_trace_stw.zig	2239	priv		recordConservativeCandidate
src/core/gc_trace_stw.zig	2253	priv		seedConservativeRoots
src/core/gc_trace_stw.zig	2266	priv		drainBarrierQueue
src/core/gc_trace_stw.zig	2284	priv		drainSegmentedFrontier
src/core/gc_trace_stw.zig	2312	priv		drain
src/core/gc_trace_stw.zig	2319	priv		traceHeader
src/core/gc_trace_stw.zig	2351	priv		traceRememberedOwner
src/core/gc_trace_stw.zig	2377	priv		ephemeronFixedPoint
src/core/gc_trace_stw.zig	2403	priv		processWeak
src/core/gc_trace_stw.zig	2422	priv		sweepHolder
src/core/gc_trace_stw.zig	2505	priv		stampYoungBlockCorpses
src/core/gc_trace_stw.zig	2528	priv		sweepUnmarkedYoung
src/core/gc_trace_stw.zig	2708	priv		sweepUnmarked
src/core/gc_trace_stw.zig	2759	priv		auditCondemnedYoung
src/core/gc_trace_stw.zig	2768	priv		hit
src/core/gc_trace_stw.zig	2892	pub		visitValue
src/core/gc_trace_stw.zig	2895	pub		visitObject
src/core/gc_trace_stw.zig	2898	pub		visitShape
src/core/gc_trace_stw.zig	2901	pub		visitRealm
src/core/gc_trace_stw.zig	2904	pub		visitModule
src/core/gc_trace_stw.zig	2907	pub		storageCell
src/core/gc_trace_stw.zig	2910	pub		visitWeakCollectionEntry
src/core/gc_trace_stw.zig	2911	pub		visitFinalizationCell
src/core/gc_trace_stw.zig	2972	priv		keyIsMarked
src/core/generator_state.zig	52	pub		ensureAdditionalWithResidentBacking
src/core/generator_state.zig	80	pub		deinit
src/core/generator_state.zig	84	pub		isEmpty
src/core/generator_state.zig	102	pub		deinit
src/core/generator_state.zig	125	pub		deinitResident
src/core/generator_state.zig	137	pub		isEmpty
src/core/generator_state.zig	155	priv		swapOwned
src/core/generator_state.zig	185	pub		deinit
src/core/generator_state.zig	200	pub		moveInto
src/core/generator_state.zig	206	pub		isEmpty
src/core/generator_state.zig	235	pub		deinit
src/core/generator_state.zig	254	pub		beginRunningAliases
src/core/generator_state.zig	261	pub		finishRunningAliases
src/core/generator_state.zig	270	pub		catchTarget
src/core/generator_state.zig	277	pub		replaceStorageOwned
src/core/generator_state.zig	338	priv		combinedFrameSlotCount
src/core/generator_state.zig	342	pub		completionPending
src/core/generator_state.zig	346	pub		setCompletionPending
src/core/generator_state.zig	354	priv		combinedStackStorage
src/core/generator_state.zig	361	pub		combinedFrameStorage
src/core/generator_state.zig	373	pub		allocationSize
src/core/generator_state.zig	379	pub		stackUsesCombinedStorage
src/core/generator_state.zig	386	pub		frameUsesCombinedStorage
src/core/generator_state.zig	393	pub		canRetainResidentStorageOwnership
src/core/generator_state.zig	398	pub		destroy
src/core/generator_state.zig	425	pub		createGeneratorExecutionStateWithStorage
src/core/generator_state.zig	447	priv		freeGeneratorExecutionState
src/core/generator_state.zig	462	pub		destroyGeneratorExecutionState
src/core/generator_state.zig	490	pub		destroy
src/core/generator_state.zig	501	pub		traceChildEdges
src/core/global_slots.zig	19	pub		getByName
src/core/global_slots.zig	26	pub		getByAtom
src/core/global_slots.zig	33	pub		setExistingByName
src/core/host_function.zig	28	pub	noinline	lookup
src/core/host_function.zig	58	pub		usesCallerRealm
src/core/host_function.zig	117	pub		callWithThis
src/core/host_function.zig	123	pub		callValue
src/core/host_function.zig	188	pub		isConstructorCProto
src/core/host_function.zig	827	pub		staticMethodId
src/core/host_function.zig	834	pub		prototypeMethodId
src/core/host_function.zig	870	pub		decodePrototypeMethodId
src/core/host_function.zig	915	pub		encodePrototypeMethodId
src/core/host_function.zig	955	pub		decodePrototypeMethodId
src/core/host_function.zig	1001	pub		constructorId
src/core/host_function.zig	1012	pub		constructIdForKind
src/core/host_function.zig	1046	pub		prototypeMethodId
src/core/host_function.zig	1050	priv		legacyBasePrototypeMethodId
src/core/host_function.zig	1069	pub		legacyClosureMethodId
src/core/host_function.zig	1078	pub		fastPrototypeMethodIdForClass
src/core/host_function.zig	1110	pub		staticMethodId
src/core/host_function.zig	1122	pub		decodePrototypeMethodId
src/core/host_function.zig	1167	pub		encodePrototypeMethodId
src/core/host_function.zig	1216	pub		dataViewGetMethodId
src/core/host_function.zig	1220	pub		dataViewSetMethodId
src/core/host_function.zig	1228	priv	noinline	dataViewGetOrSetMethodId
src/core/host_function.zig	1265	pub		arrayBufferAccessorMethodId
src/core/host_function.zig	1274	pub		sharedArrayBufferAccessorMethodId
src/core/host_function.zig	1281	pub		dataViewAccessorMethodId
src/core/host_function.zig	1288	pub		typedArrayAccessorMethodId
src/core/host_function.zig	1297	pub		dataViewGetKindFromRecordId
src/core/host_function.zig	1314	pub		dataViewSetKindFromRecordId
src/core/host_function.zig	1331	pub		arrayBufferAccessorNameFromRecordId
src/core/host_function.zig	1342	pub		sharedArrayBufferAccessorNameFromRecordId
src/core/host_function.zig	1351	pub		dataViewAccessorNameFromRecordId
src/core/host_function.zig	1360	pub		typedArrayAccessorNameFromRecordId
src/core/host_function.zig	1396	pub		accessorMethodId
src/core/host_function.zig	1400	pub		accessorNameFromId
src/core/host_function.zig	1416	pub		accessorNameFromGetterName
src/core/host_function.zig	1422	pub		accessorIdFromGetterName
src/core/host_function.zig	1427	pub		legacyAccessorMethodFromId
src/core/host_function.zig	1448	pub		legacyCaptureIndex
src/core/host_function.zig	1469	pub		methodId
src/core/host_function.zig	1536	pub		genericMagicHandler
src/core/jobs.zig	48	pub		replaceValueOwned
src/core/jobs.zig	79	pub		replaceCompletionOwned
src/core/jobs.zig	152	pub		init
src/core/jobs.zig	170	pub		initPromise
src/core/jobs.zig	181	pub		initOwnedPromiseObject
src/core/jobs.zig	194	pub		initPromiseReaction
src/core/jobs.zig	212	pub		initAsyncResume
src/core/jobs.zig	224	pub		initPromiseThenable
src/core/jobs.zig	244	pub		initPromiseSettlementNoFail
src/core/jobs.zig	262	pub		initDynamicImport
src/core/jobs.zig	285	pub		initAtomicsWaiter
src/core/jobs.zig	305	pub		initFinalization
src/core/jobs.zig	320	pub		deinit
src/core/jobs.zig	372	pub		run
src/core/jobs.zig	377	pub		traceRoots
src/core/jobs.zig	442	pub		init
src/core/jobs.zig	446	pub		deinit
src/core/jobs.zig	462	priv		blockStart
src/core/jobs.zig	469	priv		reclaimDrainedPrefix
src/core/jobs.zig	479	pub		enqueue
src/core/jobs.zig	484	priv		ensureAdditionalCapacity
src/core/jobs.zig	488	pub		ensureCapacity
src/core/jobs.zig	521	pub		reserveEntries
src/core/jobs.zig	527	pub		releaseReservedEntries
src/core/jobs.zig	540	pub		reserveUnlinkedEntrySlot
src/core/jobs.zig	546	pub		releaseUnlinkedEntrySlot
src/core/jobs.zig	555	pub		enqueueUnlinkedEntrySlot
src/core/jobs.zig	568	pub		enqueuePrepared
src/core/jobs.zig	574	pub		enqueueReserved
src/core/jobs.zig	581	priv		append
src/core/jobs.zig	588	pub		enqueueFunc
src/core/jobs.zig	595	pub		enqueuePromise
src/core/jobs.zig	601	pub		enqueueOwnedPromiseObjectPrepared
src/core/jobs.zig	605	pub		preparePromiseReaction
src/core/jobs.zig	616	pub		enqueuePromiseReaction
src/core/jobs.zig	627	pub		enqueuePromiseThenable
src/core/jobs.zig	638	pub		enqueueDynamicImport
src/core/jobs.zig	652	pub		enqueueAtomicsWaiter
src/core/jobs.zig	664	pub		enqueueFinalization
src/core/jobs.zig	674	pub		hasJobs
src/core/jobs.zig	680	pub		takeFirst
src/core/jobs.zig	694	pub		takeAt
src/core/jobs.zig	710	pub		prependReserved
src/core/jobs.zig	720	pub		firstIndexOfKind
src/core/jobs.zig	727	pub		countKind
src/core/jobs.zig	735	pub		traceRoots
src/core/jobs.zig	744	priv		runGenericOneForTest
src/core/jobs.zig	760	priv		fail
src/core/jobs.zig	764	priv		succeed
src/core/jobs.zig	818	priv		append
src/core/jobs.zig	831	priv		appendAndEnqueue
src/core/json.zig	19	pub		createJsonStringValue
src/core/json.zig	27	priv		jsonBytesAreAscii
src/core/json.zig	35	pub		appendJsonStringValue
src/core/json.zig	54	pub		appendJsonAtomName
src/core/json.zig	85	pub		appendEscapedJsonString
src/core/json.zig	93	priv		appendEscapedJsonLatin1String
src/core/json.zig	105	priv		appendEscapedJsonUtf16String
src/core/json.zig	131	priv		appendEscapedJsonByte
src/core/json.zig	145	priv		appendEscapedJsonUnit
src/core/json.zig	152	priv		appendUtf8CodePoint
src/core/list.zig	13	pub		isLinked
src/core/list.zig	21	pub		init
src/core/list.zig	26	pub		isEmpty
src/core/list.zig	30	pub		add
src/core/list.zig	34	pub		addTail
src/core/list.zig	38	pub		remove
src/core/list.zig	47	priv		insertBetween
src/core/memory.zig	129	priv		lock
src/core/memory.zig	133	priv		unlock
src/core/memory.zig	137	priv		record
src/core/memory.zig	149	pub		oomCoverageDistinctSiteCount
src/core/memory.zig	192	pub		forEachArena
src/core/memory.zig	250	pub	inline	blockSize
src/core/memory.zig	266	pub	inline	canUse
src/core/memory.zig	270	pub		setArenaBacking
src/core/memory.zig	279	priv	inline	eligibleSize
src/core/memory.zig	288	priv	inline	headerClassIndex
src/core/memory.zig	293	pub	inline	usablePayloadFromClass
src/core/memory.zig	302	priv	inline	allocAtIndex
src/core/memory.zig	310	priv	inline	popFreeBlock
src/core/memory.zig	345	priv	inline	freeAtIndex
src/core/memory.zig	390	priv	noinline	releaseEmptyArena
src/core/memory.zig	409	pub		deinit
src/core/memory.zig	425	priv	noinline	addArena
src/core/memory.zig	458	priv	inline	classIndex
src/core/memory.zig	473	priv	inline	blockSizeIndex
src/core/memory.zig	501	priv	inline	totalBlockSize
src/core/memory.zig	509	priv	inline	arenaBlocks
src/core/memory.zig	527	pub		userPtrWithinArena
src/core/memory.zig	547	pub		forEachArenaBlock
src/core/memory.zig	571	priv	inline	blockHeaderAt
src/core/memory.zig	575	priv	inline	blockHeaderFromUser
src/core/memory.zig	579	priv	inline	userData
src/core/memory.zig	583	priv	inline	arenaFromBlock
src/core/memory.zig	588	priv	inline	arenaAllocation
src/core/memory.zig	594	priv	inline	arenaBacking
src/core/memory.zig	598	priv		addArenaList
src/core/memory.zig	605	priv		removeArena
src/core/memory.zig	617	priv		addFreeArena
src/core/memory.zig	637	priv		removeFreeArena
src/core/memory.zig	714	pub		init
src/core/memory.zig	727	pub		accountedMallocSize
src/core/memory.zig	736	pub		accountedSizeForRequest
src/core/memory.zig	740	priv	inline	creditAlloc
src/core/memory.zig	745	priv	inline	debitAlloc
src/core/memory.zig	749	pub		initWithTrace
src/core/memory.zig	757	pub		activateRuntimeAccounting
src/core/memory.zig	768	pub		accountedAllocator
src/core/memory.zig	782	priv		accountedAllocatorAlloc
src/core/memory.zig	796	priv		accountedAllocatorResize
src/core/memory.zig	819	priv		accountedAllocatorRemap
src/core/memory.zig	848	priv		accountedAllocatorFree
src/core/memory.zig	859	priv		recordAccountedResize
src/core/memory.zig	870	pub	inline	alloc
src/core/memory.zig	879	pub		allocElements
src/core/memory.zig	905	pub	noinline	reallocElements
src/core/memory.zig	923	pub	inline	allocNoTrigger
src/core/memory.zig	931	priv	inline	slabPopHot
src/core/memory.zig	936	priv	inline	noteAllocDiagnostics
src/core/memory.zig	956	priv	inline	noteFreeDiagnostics
src/core/memory.zig	967	priv		allocInternal
src/core/memory.zig	1036	priv	inline	allocInternalSlow
src/core/memory.zig	1058	priv	noinline	allocSlowErased
src/core/memory.zig	1093	pub	inline	free
src/core/memory.zig	1107	priv		freeGc
src/core/memory.zig	1135	pub		remap
src/core/memory.zig	1172	pub		allocAlignedBytesNoTrigger
src/core/memory.zig	1176	priv		allocAlignedBytesInternal
src/core/memory.zig	1200	priv	noinline	allocAlignedBytesSlow
src/core/memory.zig	1216	pub	noinline	freeAlignedBytes
src/core/memory.zig	1235	pub	inline	create
src/core/memory.zig	1241	pub	inline	createNoTrigger
src/core/memory.zig	1249	pub	inline	createObjectConstFamNoTrigger
src/core/memory.zig	1269	priv	inline	gcPrefixSize
src/core/memory.zig	1273	priv	inline	gcAlignment
src/core/memory.zig	1277	priv	inline	gcSlabClassIndex
src/core/memory.zig	1282	priv	inline	rawAllocForGc
src/core/memory.zig	1287	priv		prepareGcRawAudit
src/core/memory.zig	1293	pub		reserveGcExtent
src/core/memory.zig	1305	pub		commitGcExtent
src/core/memory.zig	1340	priv		recordBlockGcAllocation
src/core/memory.zig	1359	pub		carrierGenerationHandle
src/core/memory.zig	1367	pub		carrierTransition
src/core/memory.zig	1377	pub		carrierPublish
src/core/memory.zig	1387	pub		beginGcRawFree
src/core/memory.zig	1398	pub		finishExtentGcRawFree
src/core/memory.zig	1413	pub		finishBlockGcRawFree
src/core/memory.zig	1420	pub		deinitGcCarrier
src/core/memory.zig	1448	priv	inline	gcAllocInfoByte
src/core/memory.zig	1460	priv	inline	initGcPrefixBlockCell
src/core/memory.zig	1471	priv	inline	initGcPrefix
src/core/memory.zig	1480	priv	inline	initGcPrefixTagged
src/core/memory.zig	1496	priv		createInternal
src/core/memory.zig	1578	priv	inline	createInternalSlow
src/core/memory.zig	1594	pub	inline	destroy
src/core/memory.zig	1603	pub	inline	destroyConstFam
src/core/memory.zig	1636	priv	noinline	destroyErased
src/core/memory.zig	1682	pub	inline	createWithFam
src/core/memory.zig	1688	pub	inline	createWithFamComptime
src/core/memory.zig	1720	pub	inline	createObjectWithFamNoTrigger
src/core/memory.zig	1731	priv		createWithFamInternal
src/core/memory.zig	1806	priv	inline	createWithFamInternalSlow
src/core/memory.zig	1825	pub		gcSlabAccountedPayload
src/core/memory.zig	1837	pub		destroyWithFam
src/core/memory.zig	1897	pub		createStringCell
src/core/memory.zig	1918	pub		destroyStringCell
src/core/memory.zig	1942	pub		createStringExtent
src/core/memory.zig	1949	pub		createExtent
src/core/memory.zig	1984	pub		destroyStringExtent
src/core/memory.zig	2010	pub		createStorageCell
src/core/memory.zig	2033	pub		noteBlockCellBitmapReclaim
src/core/memory.zig	2048	pub	inline	debitBlockBytes
src/core/memory.zig	2053	pub		hasOutstandingAllocations
src/core/memory.zig	2060	pub		enableSmallObjectSlab
src/core/memory.zig	2079	pub		useIndependentSmallObjectSlabArenaBacking
src/core/memory.zig	2084	pub		deinitSmallObjectSlab
src/core/memory.zig	2089	pub		setLimit
src/core/memory.zig	2093	pub		getLimit
src/core/memory.zig	2097	priv		checkAllocation
src/core/memory.zig	2111	priv	inline	triggerGCBeforeAllocation
src/core/memory.zig	2134	pub		samplePeakAtCollection
src/core/memory.zig	2138	priv		updatePeak
src/core/memory.zig	2145	pub		beginCyclePeakTracking
src/core/memory.zig	2151	pub		endCyclePeakTracking
src/core/memory.zig	2155	priv	inline	noteCyclePeak
src/core/memory.zig	2170	priv	inline	rawSlabClass
src/core/memory.zig	2177	priv	inline	rawAlloc
src/core/memory.zig	2186	priv	inline	rawFree
src/core/memory.zig	2200	priv		traceAlloc
src/core/memory.zig	2209	priv		traceFree
src/core/module.zig	106	pub		bindingName
src/core/module.zig	113	pub		sameIdentity
src/core/module.zig	124	priv		identity
src/core/module.zig	179	pub		init
src/core/module.zig	185	pub		deinit
src/core/module.zig	220	pub		addRequest
src/core/module.zig	227	pub		addImport
src/core/module.zig	247	pub		addExport
src/core/module.zig	263	pub		addIndirectExport
src/core/module.zig	282	pub		addStarExport
src/core/module.zig	287	pub		addImportAttribute
src/core/module.zig	305	pub		funcObjectValue
src/core/module.zig	312	pub		adoptFuncObjectValueNoFail
src/core/module.zig	318	pub		takeFuncObjectValueNoFail
src/core/module.zig	324	priv		validateRequestIndex
src/core/module.zig	396	priv		prepare
src/core/module.zig	408	pub		replaceDefinitionNoFail
src/core/module.zig	449	priv		clearForDestroy
src/core/module.zig	492	pub		destroyFromHeader
src/core/module.zig	503	pub	inline	traceChildEdgesFallible
src/core/module.zig	506	priv	inline	callVisitValue
src/core/module.zig	554	pub	inline	traceChildEdgesNoFail
src/core/module.zig	558	pub		setStatus
src/core/module.zig	565	pub		setEvalException
src/core/module.zig	570	pub		request
src/core/module.zig	575	pub		requestsResolved
src/core/module.zig	582	pub		markRequestsResolvedNoFail
src/core/module.zig	590	pub		setRequestModuleNoFail
src/core/module.zig	600	pub		funcObjectValue
src/core/module.zig	606	pub		adoptFuncObjectValueNoFail
src/core/module.zig	615	pub		takeFuncObjectValueNoFail
src/core/module.zig	621	pub		moduleNamespaceValue
src/core/module.zig	626	pub		publishModuleNamespaceNoFail
src/core/module.zig	633	pub		namespaceAutoInitOwner
src/core/module.zig	637	pub		setNamespaceAutoInitResolverNoFail
src/core/module.zig	648	pub		publishRetainedExportCellNoFail
src/core/module.zig	660	pub		retainedExportCellValue
src/core/module.zig	666	pub		clearRetainedExportCellNoFail
src/core/module.zig	673	pub		resetLinkTransientNoFail
src/core/module.zig	691	pub		next
src/core/module.zig	704	pub		record
src/core/module.zig	710	pub		isFresh
src/core/module.zig	718	pub		init
src/core/module.zig	726	pub		deinit
src/core/module.zig	734	pub		iterator
src/core/module.zig	738	pub	inline	traceChildEdgesFallible
src/core/module.zig	740	priv	inline	callVisitModule
src/core/module.zig	758	pub	inline	traceChildEdgesNoFail
src/core/module.zig	762	priv		link
src/core/module.zig	780	pub		unlink
src/core/module.zig	813	pub		prepareFreshTarget
src/core/module.zig	838	pub		find
src/core/module.zig	849	pub		resolveExport
src/core/module.zig	860	priv		resolveExportFromRecord
src/core/module.zig	937	priv		requestDependency
src/core/module.zig	944	priv		unresolvedModuleAutoInit
src/core/module.zig	955	priv	inline	append
src/core/native_entry.zig	53	pub	inline	isConstructor
src/core/native_entry.zig	170	pub	inline	managed
src/core/native_entry.zig	175	pub	inline	ctor
src/core/native_entry.zig	183	pub	inline	getter
src/core/native_entry.zig	188	pub	inline	setter
src/core/native_entry.zig	193	pub	inline	methodManaged
src/core/native_entry.zig	198	pub	inline	isConstructor
src/core/native_entry.zig	205	pub	inline	code
src/core/native_entry.zig	239	pub	inline	get
src/core/native_entry.zig	254	priv		retiredTrap
src/core/native_entry.zig	268	priv		testManaged
src/core/native_object.zig	37	pub		fromRecord
src/core/native_object.zig	47	pub		registerType
src/core/native_object.zig	70	priv		destroyType
src/core/native_object.zig	78	priv		payloadFinalizer
src/core/native_object.zig	90	pub		create
src/core/native_object.zig	98	pub	inline	unwrap
src/core/number.zig	15	pub		parseIntValue
src/core/number.zig	40	pub		parseFloatValue
src/core/number.zig	56	pub		parseIntLatin1Bytes
src/core/number.zig	109	pub		parseFloatLatin1Bytes
src/core/number.zig	144	priv		parseSimpleDecimalFloat
src/core/number.zig	178	pub		numberValue
src/core/number.zig	184	pub		toNumber
src/core/number.zig	201	priv		jsWhitespacePrefixLen
src/core/number.zig	209	priv		toInt32
src/core/number.zig	218	priv		trimLeadingJsWhitespace
src/core/object.zig	87	priv		finalizingShape
src/core/object.zig	172	pub		destroyDetachedClassPayload
src/core/object.zig	294	priv		classHasExoticMethods
src/core/object.zig	299	priv		classNeedsSlowPropertyAccess
src/core/object.zig	338	priv		classOwnsIndexedElementStorage
src/core/object.zig	349	priv		exoticMethodsForClassId
src/core/object.zig	397	pub	inline	initPayload
src/core/object.zig	427	pub		unionArmBytes
src/core/object.zig	509	pub	inline	objectBodyBytes
src/core/object.zig	515	priv	inline	prospectiveAccountedBodyBytes
src/core/object.zig	522	pub	inline	bodyBytes
src/core/object.zig	529	priv	inline	accountedBodyBytesForPhysical
src/core/object.zig	534	pub	inline	gcHeader
src/core/object.zig	538	pub	inline	gcHeaderConst
src/core/object.zig	542	pub	inline	fromHeader
src/core/object.zig	550	pub	inline	fromHeaderConst
src/core/object.zig	563	pub	inline	objectTailBytes
src/core/object.zig	574	priv	inline	allocCell
src/core/object.zig	587	priv	inline	allocCellConst
src/core/object.zig	600	priv	noinline	prepareNonBlockObjectAllocation
src/core/object.zig	605	priv	inline	freeRawCellConst
src/core/object.zig	617	priv	inline	freeRawCell
src/core/object.zig	623	priv	inline	armBase
src/core/object.zig	640	priv	inline	assertArmReadable
src/core/object.zig	647	pub	inline	payloadArm
src/core/object.zig	652	priv		asyncResumeArm
src/core/object.zig	659	pub		asyncResumeContinuation
src/core/object.zig	663	pub		setAsyncResumeContinuation
src/core/object.zig	668	pub	inline	arrayArm
src/core/object.zig	673	pub	inline	bytecodeArm
src/core/object.zig	678	pub	inline	regexpArm
src/core/object.zig	690	priv	inline	initArmPayload
src/core/object.zig	736	pub	inline	traceShapeSummary
src/core/object.zig	740	pub	inline	traceShapeSummaryIsExact
src/core/object.zig	744	pub	inline	traceShapeSummaryCount
src/core/object.zig	749	pub	inline	traceShapeSummaryFlagsAt
src/core/object.zig	763	priv	inline	traceShapeSlotState
src/core/object.zig	770	priv		shapeSummaryFor
src/core/object.zig	781	priv	inline	storeTraceShapeSummary
src/core/object.zig	791	pub	inline	refreshTraceShapeSummary
src/core/object.zig	795	pub		traceShapeSummaryMatches
src/core/object.zig	808	priv	inline	commitTraceShapeAppend
src/core/object.zig	844	priv	inline	syncTraceShapePropertyFlags
src/core/object.zig	861	priv	inline	updateShapePropertyFlags
src/core/object.zig	866	pub		expect
src/core/object.zig	872	pub		create
src/core/object.zig	885	pub		createFinalizationRegistry
src/core/object.zig	898	pub		createWithOwnPropertyCapacity
src/core/object.zig	905	pub		reserveOwnPropertyCapacity
src/core/object.zig	919	pub		createGeneratorShell
src/core/object.zig	978	pub		finishGeneratorShell
src/core/object.zig	1006	pub		destroyGeneratorShell
src/core/object.zig	1027	pub		createFromPropertyTemplate
src/core/object.zig	1036	pub		createFromShape
src/core/object.zig	1049	pub		createArrayFromShape
src/core/object.zig	1074	pub		createArrayFromInitialShape
src/core/object.zig	1147	priv		collectBeforeObjectAllocationPublishingShape
src/core/object.zig	1184	pub		createPlainObject
src/core/object.zig	1238	pub		createPlainObjectReserved2
src/core/object.zig	1304	pub		createRegExpFromShape
src/core/object.zig	1311	pub		createRegExpMatchArrayFromShape
src/core/object.zig	1343	pub		createArgumentsFromShape
src/core/object.zig	1426	priv	noinline	createPreparedPropertyTemplate
src/core/object.zig	1501	priv		createInternal
src/core/object.zig	1758	priv	inline	payloadKindAllocates
src/core/object.zig	1777	pub	inline	payloadKindIsTracerOwnedCell
src/core/object.zig	1811	pub	inline	payloadKindIsTracerOwnedCellOrNone
src/core/object.zig	1823	pub	inline	payloadKindNeedsFinalizer
src/core/object.zig	1833	pub	inline	markNeedsFinalizer
src/core/object.zig	1837	pub	inline	hasTracerOwnedPayloadCell
src/core/object.zig	1849	priv		mintPayloadCell
src/core/object.zig	1863	priv		createPayloadCell
src/core/object.zig	1869	pub	inline	payloadCellHeader
src/core/object.zig	1881	pub		createPayloadSliceCell
src/core/object.zig	1901	priv	noinline	allocClassPayloadCell
src/core/object.zig	1920	priv	inline	classPayloadCellBytes
src/core/object.zig	1941	priv	noinline	allocFunctionPayload
src/core/object.zig	1961	priv	noinline	allocClassPayload
src/core/object.zig	2040	priv	noinline	freeClassPayloadAllocation
src/core/object.zig	2077	priv		inlineClassPayloadLayout
src/core/object.zig	2082	priv		inlineClassPayloadLayoutForDefinition
src/core/object.zig	2093	priv		inlineClassPayloadLayoutFromScalars
src/core/object.zig	2111	priv		initInlineClassPayloadGcPrefix
src/core/object.zig	2120	priv		inlineClassPayloadPtr
src/core/object.zig	2134	priv	inline	freeObjectAllocation
src/core/object.zig	2152	priv	noinline	freeInlinePayloadObjectAllocation
src/core/object.zig	2167	priv		inlineClassObjectSize
src/core/object.zig	2175	pub		allocationSize
src/core/object.zig	2183	pub		createArray
src/core/object.zig	2192	pub		createArrayWithOwnPropertyCapacity
src/core/object.zig	2198	pub		value
src/core/object.zig	2202	pub		cachedIteratorNextSlot
src/core/object.zig	2227	pub		cachedIteratorNext
src/core/object.zig	2233	pub		clearCachedIteratorNext
src/core/object.zig	2240	priv		clearCachedIteratorNextWithoutFree
src/core/object.zig	2247	priv		cachedIteratorNextSlotIfPresent
src/core/object.zig	2254	pub		cachedIteratorNextSlotForCycleGc
src/core/object.zig	2258	priv		cachedIteratorNextEntryIndex
src/core/object.zig	2266	priv		removeCachedIteratorNextEntryAt
src/core/object.zig	2274	pub		createPromiseReactionRecord
src/core/object.zig	2287	pub		ensureOrdinaryPayload
src/core/object.zig	2329	priv		spillInlinePropertyStorageForPayload
src/core/object.zig	2351	pub		globalLexicals
src/core/object.zig	2356	pub		setGlobalLexicals
src/core/object.zig	2362	pub		globalUninitializedVars
src/core/object.zig	2366	pub		setGlobalUninitializedVars
src/core/object.zig	2381	pub		promoteToGlobalObjectClass
src/core/object.zig	2386	pub		ensureGlobalPayload
src/core/object.zig	2399	pub		ensureRealmPayload
src/core/object.zig	2404	pub		installOwnedRealmRef
src/core/object.zig	2415	pub		realmContext
src/core/object.zig	2424	priv	inline	bytecodeFunctionAux
src/core/object.zig	2432	priv	inline	bytecodeFunctionAuxConst
src/core/object.zig	2440	priv	inline	encodeBytecodeFunctionAux
src/core/object.zig	2444	priv		ensureFunctionRarePayload
src/core/object.zig	2470	priv		functionRarePayload
src/core/object.zig	2476	priv		functionRarePayloadConst
src/core/object.zig	2482	pub		installExternalClassPayload
src/core/object.zig	2501	priv	inline	assertOnlyPayloadWordIsLive
src/core/object.zig	2511	pub	inline	nativeSelf
src/core/object.zig	2519	pub	inline	nativeSelfAssumeClass
src/core/object.zig	2527	pub		installNativeSelf
src/core/object.zig	2535	pub		takeNativeSelf
src/core/object.zig	2543	pub		externalClassPayload
src/core/object.zig	2554	pub		externalClassPayloadConst
src/core/object.zig	2562	pub		setCachedFunctionProto
src/core/object.zig	2573	pub		cachedFunctionProto
src/core/object.zig	2578	pub		setCachedPromiseProto
src/core/object.zig	2589	pub		cachedPromiseProto
src/core/object.zig	2599	pub		setCachedRealmValue
src/core/object.zig	2618	pub		setRealmRegExpLegacySlot
src/core/object.zig	2626	pub		cachedRealmValue
src/core/object.zig	2631	pub		cachedThrowTypeErrorIntrinsic
src/core/object.zig	2635	priv		enqueueDeferredStdFileClose
src/core/object.zig	2653	priv		owesFinalizerWork
src/core/object.zig	2677	priv		auditNeedsFinalizerBit
src/core/object.zig	2713	pub		destroyFromHeader
src/core/object.zig	2733	priv	noinline	destroyFromHeaderSlow
src/core/object.zig	2870	priv		finalizeClassPayload
src/core/object.zig	2894	priv		clearBorrowedReferencesForDestroyedObject
src/core/object.zig	2918	pub		drainBorrowedWeakCleanup
src/core/object.zig	2926	priv		clearBorrowedReferencesForDestroyedIdentity
src/core/object.zig	2930	priv		clearBorrowedReferencesForMatcher
src/core/object.zig	2963	priv		compactBorrowedReferenceHolders
src/core/object.zig	2969	priv		runtimeBorrowedReferenceHolderIndex
src/core/object.zig	2983	pub		pruneBorrowedReferenceHolderIfEmpty
src/core/object.zig	2988	priv		hasBorrowedReferences
src/core/object.zig	3001	priv		mayContainBorrowedReferences
src/core/object.zig	3018	priv	inline	matches
src/core/object.zig	3026	priv		clearBorrowedReferencesToDestroyedIdentities
src/core/object.zig	3036	priv		clearWeakIdentities
src/core/object.zig	3110	pub		iteratorTargetSlot
src/core/object.zig	3116	pub		iteratorLengthSlot
src/core/object.zig	3122	pub		iteratorLength
src/core/object.zig	3127	pub		setIteratorLength
src/core/object.zig	3131	pub		arrayLength
src/core/object.zig	3140	pub		setArrayLength
src/core/object.zig	3145	pub		hasExoticMethods
src/core/object.zig	3149	pub	inline	isArray
src/core/object.zig	3153	priv	inline	supportsPlainNamedPropertyStorage
src/core/object.zig	3163	pub	inline	isProxy
src/core/object.zig	3169	pub	inline	isGlobal
src/core/object.zig	3173	pub	inline	hasPropertyStorage
src/core/object.zig	3177	pub	inline	hasSlots2Layout
src/core/object.zig	3181	pub	inline	propertyStorageIsInline
src/core/object.zig	3185	pub	inline	needsSlowPropertyAccess
src/core/object.zig	3189	pub		exoticMethods
src/core/object.zig	3198	pub		installClassExoticMethods
src/core/object.zig	3210	pub		iteratorTarget
src/core/object.zig	3215	pub		iteratorDataSlot
src/core/object.zig	3221	pub		iteratorData
src/core/object.zig	3226	pub		iteratorNextSlot
src/core/object.zig	3232	pub		iteratorNext
src/core/object.zig	3237	pub		iteratorCallbackSlot
src/core/object.zig	3243	pub		iteratorCallback
src/core/object.zig	3248	pub		iteratorInnerNextSlot
src/core/object.zig	3254	pub		iteratorInnerNext
src/core/object.zig	3259	pub		iteratorZipNextsSlot
src/core/object.zig	3265	pub		iteratorZipNexts
src/core/object.zig	3270	pub		iteratorZipPadsSlot
src/core/object.zig	3276	pub		iteratorZipPads
src/core/object.zig	3281	pub		iteratorZipKeysSlot
src/core/object.zig	3287	pub		iteratorZipKeys
src/core/object.zig	3292	pub		iteratorAtomKeysSlot
src/core/object.zig	3298	pub		iteratorAtomKeys
src/core/object.zig	3303	pub		iteratorIndexSlot
src/core/object.zig	3309	pub		iteratorKindSlot
src/core/object.zig	3315	pub		iteratorZipAliveSlot
src/core/object.zig	3321	pub		iteratorZipModeSlot
src/core/object.zig	3327	pub		iteratorZipStateSlot
src/core/object.zig	3334	pub		collectionEntriesSlot
src/core/object.zig	3340	pub		collectionEntries
src/core/object.zig	3345	pub		collectionEntriesCapacitySlot
src/core/object.zig	3351	pub		collectionEntriesCapacity
src/core/object.zig	3356	pub		collectionBucketHeadsSlot
src/core/object.zig	3362	pub		collectionBucketHeads
src/core/object.zig	3367	pub		collectionActiveCountSlot
src/core/object.zig	3373	pub		collectionActiveCount
src/core/object.zig	3381	pub		retainCollectionCursor
src/core/object.zig	3392	pub		releaseCollectionCursor
src/core/object.zig	3397	pub		collectionLiveCursors
src/core/object.zig	3406	pub		retainCollectionIteratorCursor
src/core/object.zig	3420	pub		detachCollectionIteratorTarget
src/core/object.zig	3427	pub		ensureCollectionEntryCapacity
src/core/object.zig	3450	pub		appendCollectionEntryUnindexed
src/core/object.zig	3466	pub		clearCollectionIndex
src/core/object.zig	3473	pub		weakCollectionEntriesSlot
src/core/object.zig	3479	pub		weakCollectionEntries
src/core/object.zig	3484	pub		ensureWeakCollectionEntryCapacity
src/core/object.zig	3510	pub		finalizationRegistryCleanupCallbackSlot
src/core/object.zig	3516	pub		finalizationRegistryCleanupCallback
src/core/object.zig	3521	pub		finalizationRegistryRealmContext
src/core/object.zig	3526	pub		finalizationRegistryCellsSlot
src/core/object.zig	3532	pub		finalizationRegistryCells
src/core/object.zig	3537	pub		pendingFinalizationCellCountForTest
src/core/object.zig	3547	pub		unregisterFinalizationRegistryCells
src/core/object.zig	3575	pub		ensureFinalizationRegistryCellCapacity
src/core/object.zig	3600	pub		appendFinalizationRegistryCell
src/core/object.zig	3656	pub		stdFileSlot
src/core/object.zig	3662	pub		stdFileIsPopenSlot
src/core/object.zig	3668	pub		stdFileIsStdioSlot
src/core/object.zig	3674	pub		disposableStackDisposedSlot
src/core/object.zig	3680	pub		disposableStackDisposed
src/core/object.zig	3685	pub		appendDisposableResource
src/core/object.zig	3727	pub		disposableStackHasAsyncHint
src/core/object.zig	3735	pub		disposableStackAsyncResolveSlot
src/core/object.zig	3741	pub		disposableStackAsyncRejectSlot
src/core/object.zig	3747	pub		disposableStackAsyncErrorSlot
src/core/object.zig	3753	pub		clearDisposableStackAsyncCapability
src/core/object.zig	3761	pub		popDisposableResource
src/core/object.zig	3770	pub		moveDisposableResourcesTo
src/core/object.zig	3790	pub		setVarRefValue
src/core/object.zig	3799	pub		setOptionalValueSlot
src/core/object.zig	3808	pub		clearOptionalValueSlot
src/core/object.zig	3813	pub		takeOptionalValueSlot
src/core/object.zig	3820	pub		setPromiseResult
src/core/object.zig	3824	pub		setPromiseReactionCallback
src/core/object.zig	3828	pub		setPromiseReactionArg
src/core/object.zig	3832	pub		setFunctionPromiseCapabilitySlot
src/core/object.zig	3836	pub		setFunctionPromiseResolvingTarget
src/core/object.zig	3840	pub		setFunctionPromiseResolvingState
src/core/object.zig	3844	pub		setFunctionPromiseCombinatorState
src/core/object.zig	3848	pub		setFunctionPromiseFinallyPayload
src/core/object.zig	3852	pub		setFunctionPromiseFinallyCallback
src/core/object.zig	3856	pub		setFunctionPromiseFinallyConstructor
src/core/object.zig	3860	pub		varRefValueSlot
src/core/object.zig	3866	pub		varRefValue
src/core/object.zig	3871	pub		varRefIsConstSlot
src/core/object.zig	3877	pub		varRefIsFunctionNameSlot
src/core/object.zig	3883	pub		varRefIsDeletableSlot
src/core/object.zig	3890	pub		ensureTypedArrayPayload
src/core/object.zig	3906	pub		initTypedArrayView
src/core/object.zig	3939	pub		byteStorage
src/core/object.zig	3944	pub		installByteStorage
src/core/object.zig	3960	pub		installInlineByteStorage
src/core/object.zig	3979	pub		installExternalByteStorage
src/core/object.zig	4002	pub		detachByteStorage
src/core/object.zig	4013	pub		sharedByteStorageStore
src/core/object.zig	4018	pub		installSharedByteStorage
src/core/object.zig	4036	pub		setSharedByteStorageLength
src/core/object.zig	4044	pub		arrayBufferDetached
src/core/object.zig	4049	pub		arrayBufferImmutableSlot
src/core/object.zig	4055	pub		arrayBufferImmutable
src/core/object.zig	4060	pub		arrayBufferMaxByteLengthSlot
src/core/object.zig	4066	pub		arrayBufferMaxByteLength
src/core/object.zig	4071	pub		typedArrayBufferSlot
src/core/object.zig	4077	pub		typedArrayBuffer
src/core/object.zig	4082	pub		typedArrayByteOffset
src/core/object.zig	4087	pub		typedArrayElementSizeSlot
src/core/object.zig	4095	pub		typedArrayElementSize
src/core/object.zig	4102	pub		typedArrayFixedLength
src/core/object.zig	4112	pub		typedArrayPayloadFast
src/core/object.zig	4118	pub		collectionPayloadBorrowed
src/core/object.zig	4122	pub		typedArrayKindSlot
src/core/object.zig	4130	pub		typedArrayKind
src/core/object.zig	4137	pub		regexpSource
src/core/object.zig	4148	pub		setRegexpSource
src/core/object.zig	4160	pub	inline	regexpLastIndexSlot
src/core/object.zig	4170	pub	inline	regexpLastIndex
src/core/object.zig	4176	pub	inline	regexpLastIndexWritable
src/core/object.zig	4185	pub		initializeRegExpLastIndex
src/core/object.zig	4197	pub		regexpCompiledBytecode
src/core/object.zig	4208	pub		clearRegexpCompiledBytecode
src/core/object.zig	4217	pub		setRegexpCompiledBytecode
src/core/object.zig	4239	pub		setRegexpCompiledBytecodeString
src/core/object.zig	4250	pub		boundTargetSlot
src/core/object.zig	4256	pub		boundTarget
src/core/object.zig	4261	pub		boundThisSlot
src/core/object.zig	4267	pub		boundThis
src/core/object.zig	4272	pub		boundArgsSlot
src/core/object.zig	4278	pub		boundArgs
src/core/object.zig	4283	pub		ensureProxyPayload
src/core/object.zig	4292	pub		proxyTargetSlot
src/core/object.zig	4298	pub		proxyTarget
src/core/object.zig	4303	pub		proxyHandlerSlot
src/core/object.zig	4309	pub		proxyHandler
src/core/object.zig	4320	pub		allocateMappedArgumentsVarRefsAssumingEmpty
src/core/object.zig	4350	pub		unmappedArgumentsDenseValues
src/core/object.zig	4366	pub		fullyBoundMappedArgumentsVarRefs
src/core/object.zig	4376	pub		argumentsVarRefs
src/core/object.zig	4384	pub		argumentsVarRefsMut
src/core/object.zig	4392	pub		objectDataSlot
src/core/object.zig	4398	pub		objectData
src/core/object.zig	4403	pub		setWeakRefTarget
src/core/object.zig	4424	pub		weakRefDeref
src/core/object.zig	4447	pub		arrayElementStorageMode
src/core/object.zig	4463	pub	inline	denseArmNamesStorageCell
src/core/object.zig	4471	pub		arrayElements
src/core/object.zig	4478	priv		arrayElementsMut
src/core/object.zig	4496	pub		createArrayStorageCell
src/core/object.zig	4514	pub		createArrayStorageSlice
src/core/object.zig	4522	pub	inline	arrayStorageCellHeader
src/core/object.zig	4526	pub		arrayElementsCapacity
src/core/object.zig	4530	pub		isFastArray
src/core/object.zig	4534	pub		isFastArrayIndexInBounds
src/core/object.zig	4538	pub		fastArrayElementAt
src/core/object.zig	4543	pub		fastArrayElementDup
src/core/object.zig	4564	pub	noinline	mappedArgumentsElementDup
src/core/object.zig	4571	pub	inline	mappedArgumentsIntElementDup
src/core/object.zig	4579	pub		setFastArrayElementDup
src/core/object.zig	4590	pub		setFastArrayElementOwned
src/core/object.zig	4598	pub		setFastArrayElementOwnedDuringActiveBytecode
src/core/object.zig	4617	pub		adoptDenseArrayElementsAssumingEmpty
src/core/object.zig	4634	pub		adoptDenseUnmappedArgumentsElementsAssumingEmpty
src/core/object.zig	4656	pub		takeLastFullyDenseFastArrayElement
src/core/object.zig	4667	priv		freeArrayElementBufferAfterMove
src/core/object.zig	4673	priv		ensureArrayBufferCapacity
src/core/object.zig	4711	priv		appendInitializedFastArrayValue
src/core/object.zig	4720	pub		appendUninitializedFastArraySlot
src/core/object.zig	4732	pub		fastArrayEnsureCapacity
src/core/object.zig	4736	pub		fastArrayCount
src/core/object.zig	4740	pub		fastArrayCapacity
src/core/object.zig	4744	pub		fastArrayValues
src/core/object.zig	4748	pub		fastArrayValuesMut
src/core/object.zig	4752	pub		setFastArrayCountAssumeCapacity
src/core/object.zig	4758	pub		fastArraySlotAssumeCapacity
src/core/object.zig	4764	pub		promiseResultSlot
src/core/object.zig	4770	pub		promiseResult
src/core/object.zig	4775	pub		promiseReactionCallbackSlot
src/core/object.zig	4781	pub		promiseReactionCallback
src/core/object.zig	4786	pub		promiseReactionArgSlot
src/core/object.zig	4792	pub		promiseReactionArg
src/core/object.zig	4797	pub		promiseReactionsSlot
src/core/object.zig	4803	pub		promiseReactions
src/core/object.zig	4808	pub		promiseReactionsCapacitySlot
src/core/object.zig	4814	pub		promiseIsRejectedSlot
src/core/object.zig	4820	pub		promiseIsRejected
src/core/object.zig	4825	pub		promiseAtomicsWaitAsyncSlot
src/core/object.zig	4831	pub		promiseAtomicsWaitAsync
src/core/object.zig	4839	pub		initGeneratorExecutionWithStorage
src/core/object.zig	4848	priv		generatorLiveExecution
src/core/object.zig	4862	pub	inline	generatorPayloadPtr
src/core/object.zig	4870	pub		attachGeneratorOpenVarRefOwners
src/core/object.zig	4880	pub		generatorThisSlot
src/core/object.zig	4884	pub		setGeneratorThis
src/core/object.zig	4888	pub		generatorThis
src/core/object.zig	4896	pub		generatorArgs
src/core/object.zig	4904	pub		generatorCaptures
src/core/object.zig	4912	pub		generatorActualArgCountSlot
src/core/object.zig	4916	pub		generatorActualArgCount
src/core/object.zig	4924	pub		generatorExecutionStateSlot
src/core/object.zig	4928	pub		generatorExecutionState
src/core/object.zig	4937	pub		generatorStackUsesCombinedStorage
src/core/object.zig	4943	pub		generatorCombinedFrameStorage
src/core/object.zig	4949	pub		generatorFrameUsesCombinedStorage
src/core/object.zig	4958	pub		finalizeGeneratorExecutionCompletion
src/core/object.zig	4967	pub		setGeneratorCurrentFunction
src/core/object.zig	4971	pub		generatorCurrentFunction
src/core/object.zig	4980	pub		generatorYieldStarIteratorSlot
src/core/object.zig	4984	pub		setGeneratorYieldStarIterator
src/core/object.zig	4988	pub		clearGeneratorYieldStarIterator
src/core/object.zig	4992	pub		generatorYieldStarIterator
src/core/object.zig	5001	pub		generatorAsyncPromiseSlot
src/core/object.zig	5007	pub		generatorAsyncPromise
src/core/object.zig	5012	pub		generatorPcSlot
src/core/object.zig	5016	pub		generatorPc
src/core/object.zig	5024	pub		generatorResumeCompletionTypeSlot
src/core/object.zig	5030	pub		generatorResumeCompletionType
src/core/object.zig	5035	pub		generatorDoneSlot
src/core/object.zig	5041	pub		generatorDone
src/core/object.zig	5058	pub	noinline	completeGeneratorExecution
src/core/object.zig	5081	pub		generatorExecutingSlot
src/core/object.zig	5088	pub		generatorExecuting
src/core/object.zig	5094	pub		generatorStartedSlot
src/core/object.zig	5100	pub		generatorStarted
src/core/object.zig	5105	pub		generatorJustYieldedSlot
src/core/object.zig	5111	pub		generatorJustYielded
src/core/object.zig	5116	pub		generatorYieldStarSuspendedSlot
src/core/object.zig	5122	pub		generatorYieldStarSuspended
src/core/object.zig	5127	pub		generatorSuspendKindSlot
src/core/object.zig	5133	pub		generatorSuspendKind
src/core/object.zig	5138	pub		asyncGeneratorStateSlot
src/core/object.zig	5144	pub		asyncGeneratorQueueSlot
src/core/object.zig	5150	pub		asyncGeneratorQueue
src/core/object.zig	5155	pub		asyncGeneratorQueueCapacitySlot
src/core/object.zig	5162	pub		functionSourceSlot
src/core/object.zig	5166	pub		functionSource
src/core/object.zig	5171	pub		hostFunctionKindSlot
src/core/object.zig	5178	pub		hostFunctionKind
src/core/object.zig	5184	pub		nativeFunctionIdSlot
src/core/object.zig	5191	pub		nativeFunctionId
src/core/object.zig	5197	pub		setNativeBuiltinIdAndRecord
src/core/object.zig	5211	pub		nativeEntrySlot
src/core/object.zig	5218	pub		nativeEntry
src/core/object.zig	5224	pub		nativeEntryAssumeCFunction
src/core/object.zig	5239	pub		nativeCallTarget
src/core/object.zig	5251	pub	inline	nativeCallTargetAssumeCFunction
src/core/object.zig	5260	pub		isHostEntryFunction
src/core/object.zig	5268	pub		installNativeEntry
src/core/object.zig	5273	pub		functionIteratorWrapMethodSlot
src/core/object.zig	5277	pub		functionIteratorWrapMethod
src/core/object.zig	5282	pub		nativeDispatchNameSlot
src/core/object.zig	5289	pub		nativeDispatchName
src/core/object.zig	5298	pub	inline	installedRealmRegExpLegacyStatics
src/core/object.zig	5304	pub		ensureInstalledRealmRegExpLegacyStatics
src/core/object.zig	5314	pub		arrayBuiltinMarkerSlot
src/core/object.zig	5318	pub		arrayBuiltinMarker
src/core/object.zig	5323	pub		typedArrayBuiltinMarker
src/core/object.zig	5328	pub		internalCallableTag
src/core/object.zig	5333	pub		setInternalCallableTag
src/core/object.zig	5341	pub		arrayIteratorKind
src/core/object.zig	5346	pub		isIteratorIdentityFunction
src/core/object.zig	5351	pub		isArrayIteratorNextFunction
src/core/object.zig	5356	pub		isGeneratorNextFunction
src/core/object.zig	5361	pub		addGeneratorNextFunction
src/core/object.zig	5366	pub		isThrowTypeErrorIntrinsicFunction
src/core/object.zig	5371	pub		isAsyncIteratorAsyncDisposeFunction
src/core/object.zig	5376	pub		isAsyncGeneratorPrototypeMethod
src/core/object.zig	5381	pub		iteratorHelperMethod
src/core/object.zig	5386	pub		asyncFromSyncIteratorMethod
src/core/object.zig	5391	pub		disposableStackMethod
src/core/object.zig	5396	pub		asyncDisposableStackMethod
src/core/object.zig	5401	pub		addArrayBuiltinMarker
src/core/object.zig	5407	pub		addTypedArrayBuiltinMarker
src/core/object.zig	5413	pub		addIteratorIdentityFunction
src/core/object.zig	5419	pub		addArrayIteratorNextFunction
src/core/object.zig	5425	pub		addThrowTypeErrorIntrinsicFunction
src/core/object.zig	5431	pub		addAsyncIteratorAsyncDisposeFunction
src/core/object.zig	5437	pub		addAsyncGeneratorPrototypeMethod
src/core/object.zig	5443	pub		addIteratorHelperMethod
src/core/object.zig	5451	pub		addAsyncFromSyncIteratorMethod
src/core/object.zig	5459	pub		addDisposableStackMethod
src/core/object.zig	5465	pub		addAsyncDisposableStackMethod
src/core/object.zig	5471	pub		addCollectionMethodOwnerClass
src/core/object.zig	5477	priv		setArrayBuiltinMarker
src/core/object.zig	5483	priv		setTypedArrayBuiltinMarker
src/core/object.zig	5489	priv		setArrayIteratorKind
src/core/object.zig	5495	priv		setDisposableStackMethod
src/core/object.zig	5501	priv		setAsyncDisposableStackMethod
src/core/object.zig	5507	priv		setCollectionMethodOwnerClass
src/core/object.zig	5513	pub		collectionMethodOwnerClass
src/core/object.zig	5518	pub		setFunctionBytecodeValue
src/core/object.zig	5537	pub	inline	bytecodeFunctionStoragePtr
src/core/object.zig	5543	pub	inline	bytecodeFunctionStoragePtrConst
src/core/object.zig	5549	pub		functionBytecode
src/core/object.zig	5559	pub		generatorFunctionBytecode
src/core/object.zig	5572	pub		generatorFunctionRealmGlobalPtr
src/core/object.zig	5579	pub		functionProxyRevokeTargetSlot
src/core/object.zig	5583	pub		functionPromiseCapabilitySlot
src/core/object.zig	5588	pub		functionPromiseResolvingTarget
src/core/object.zig	5593	pub		functionPromiseResolvingState
src/core/object.zig	5598	pub		functionPromiseResolvingRejectSlot
src/core/object.zig	5602	pub		functionPromiseResolvingReject
src/core/object.zig	5607	pub		functionPromiseCombinatorState
src/core/object.zig	5612	pub		functionPromiseCombinatorModeSlot
src/core/object.zig	5616	pub		functionPromiseCombinatorMode
src/core/object.zig	5621	pub		functionPromiseCombinatorIndexSlot
src/core/object.zig	5625	pub		functionPromiseCombinatorIndex
src/core/object.zig	5630	pub		functionPromiseCombinatorCalledSlot
src/core/object.zig	5634	pub		functionPromiseCombinatorCalled
src/core/object.zig	5639	pub		functionPromiseFinallyPayload
src/core/object.zig	5644	pub		functionPromiseFinallyCallback
src/core/object.zig	5649	pub		functionPromiseFinallyConstructor
src/core/object.zig	5654	pub		functionPromiseFinallyModeSlot
src/core/object.zig	5658	pub		functionPromiseFinallyMode
src/core/object.zig	5663	pub		functionAsyncDisposeStackSlot
src/core/object.zig	5667	pub		functionAsyncDisposeStack
src/core/object.zig	5672	pub		functionAsyncDisposeRejectedSlot
src/core/object.zig	5676	pub		functionAsyncDisposeRejected
src/core/object.zig	5681	pub		functionAsyncContinuationSlot
src/core/object.zig	5685	pub		functionAsyncContinuation
src/core/object.zig	5690	pub		functionAsyncContinuationRejectedSlot
src/core/object.zig	5694	pub		functionAsyncContinuationRejected
src/core/object.zig	5699	pub		functionAsyncGeneratorActionSlot
src/core/object.zig	5703	pub		functionAsyncGeneratorAction
src/core/object.zig	5708	pub		functionAsyncFromSyncUnwrapDoneSlot
src/core/object.zig	5712	pub		functionAsyncFromSyncUnwrapDone
src/core/object.zig	5717	pub		functionCaptures
src/core/object.zig	5725	pub		moduleCaptureSlots
src/core/object.zig	5739	pub	inline	allocateNullCaptureSlots
src/core/object.zig	5756	pub		allocateNullModuleCaptureSlots
src/core/object.zig	5761	pub	inline	mutableCaptureSlots
src/core/object.zig	5768	pub		replaceModuleCaptureSlotOwned
src/core/object.zig	5783	pub		clearModuleImportCaptureSlot
src/core/object.zig	5794	pub		sealModuleCaptures
src/core/object.zig	5804	pub		functionHomeObject
src/core/object.zig	5813	pub		setFunctionHomeObject
src/core/object.zig	5824	pub		setCallSiteMetadata
src/core/object.zig	5855	pub		isCallSite
src/core/object.zig	5860	pub		callSiteFile
src/core/object.zig	5865	pub		callSiteFunctionName
src/core/object.zig	5870	pub		callSiteLine
src/core/object.zig	5875	pub		callSiteColumn
src/core/object.zig	5880	pub		callSiteIsNative
src/core/object.zig	5885	pub		setErrorStack
src/core/object.zig	5901	pub		errorStack
src/core/object.zig	5906	pub		setErrorStackSites
src/core/object.zig	5918	pub		errorStackSites
src/core/object.zig	5923	pub		errorStackSiteCount
src/core/object.zig	5928	priv		capturedStackSiteCount
src/core/object.zig	5933	pub		promiseReactionOnFulfilledSlot
src/core/object.zig	5939	pub		promiseReactionOnFulfilled
src/core/object.zig	5945	pub		setPromiseReactionOnFulfilled
src/core/object.zig	5949	pub		promiseReactionOnRejectedSlot
src/core/object.zig	5955	pub		promiseReactionOnRejected
src/core/object.zig	5961	pub		setPromiseReactionOnRejected
src/core/object.zig	5965	pub		promiseReactionResolveSlot
src/core/object.zig	5975	pub		promiseReactionResolve
src/core/object.zig	5987	pub		setPromiseReactionResolve
src/core/object.zig	5991	pub		promiseReactionRejectSlot
src/core/object.zig	6001	pub		promiseReactionReject
src/core/object.zig	6013	pub		setPromiseReactionReject
src/core/object.zig	6017	pub		promiseReactionIntrinsicCapability
src/core/object.zig	6032	pub		setPromiseReactionIntrinsicCapability
src/core/object.zig	6041	pub		clearPromiseReactionIntrinsicCapability
src/core/object.zig	6047	priv		promiseReactionCapabilityPtr
src/core/object.zig	6053	pub		promiseAlreadyResolvedSlot
src/core/object.zig	6058	pub		promiseAlreadyResolved
src/core/object.zig	6063	pub		promiseCapabilityResolveSlot
src/core/object.zig	6068	pub		promiseCapabilityResolve
src/core/object.zig	6073	pub		promiseCapabilityRejectSlot
src/core/object.zig	6078	pub		promiseCapabilityReject
src/core/object.zig	6083	pub		setPromiseCapability
src/core/object.zig	6097	pub		promiseCombinatorResolveSlot
src/core/object.zig	6102	pub		promiseCombinatorResolve
src/core/object.zig	6107	pub		setPromiseCombinatorResolve
src/core/object.zig	6111	pub		promiseCombinatorRejectSlot
src/core/object.zig	6116	pub		promiseCombinatorReject
src/core/object.zig	6121	pub		setPromiseCombinatorReject
src/core/object.zig	6125	pub		promiseCombinatorValuesSlot
src/core/object.zig	6130	pub		promiseCombinatorValues
src/core/object.zig	6135	pub		setPromiseCombinatorValues
src/core/object.zig	6139	pub		promiseCombinatorKeysSlot
src/core/object.zig	6144	pub		promiseCombinatorKeys
src/core/object.zig	6149	pub		setPromiseCombinatorKeys
src/core/object.zig	6153	pub		promiseCombinatorRemainingSlot
src/core/object.zig	6158	pub		promiseCombinatorRemaining
src/core/object.zig	6163	pub		functionRealmGlobalSlot
src/core/object.zig	6168	pub		functionRealmGlobal
src/core/object.zig	6173	pub		setFunctionRealmGlobalPtr
src/core/object.zig	6189	pub		setFunctionRealmGlobalPtrIfNull
src/core/object.zig	6199	pub		borrowedReferenceHolderIndex
src/core/object.zig	6211	pub		setBorrowedReferenceHolderIndex
src/core/object.zig	6232	pub		bytecodeFunctionRealmGlobalPtr
src/core/object.zig	6237	pub		bytecodeFunctionRealmContext
src/core/object.zig	6246	pub		setNativeFunctionRealm
src/core/object.zig	6261	pub		forgetNativeFunctionRealmForTest
src/core/object.zig	6271	pub		nativeFunctionRealm
src/core/object.zig	6277	pub		nativeFunctionRealmAssumeCFunction
src/core/object.zig	6282	pub		nativeFunctionRealmGlobalPtr
src/core/object.zig	6287	pub		functionRealmGlobalPtr
src/core/object.zig	6306	pub	inline	payloadSlot
src/core/object.zig	6314	pub		injectSlots2PayloadArmMutationForTest
src/core/object.zig	6320	pub		ordinaryPayloadForAudit
src/core/object.zig	6324	priv		promiseReactionRecordPayload
src/core/object.zig	6329	priv		promiseReactionRecordPayloadConst
src/core/object.zig	6334	priv		ordinaryPayload
src/core/object.zig	6339	priv		ordinaryPayloadConst
src/core/object.zig	6344	priv		iteratorPayload
src/core/object.zig	6350	priv		iteratorPayloadConst
src/core/object.zig	6361	priv		releaseIteratorCollectionCursor
src/core/object.zig	6370	priv		destroyIteratorPayload
src/core/object.zig	6379	priv		collectionPayload
src/core/object.zig	6386	pub		collectionPayloadForCycleGc
src/core/object.zig	6390	priv		collectionPayloadConst
src/core/object.zig	6396	priv		destroyCollectionPayload
src/core/object.zig	6404	priv		finalizationRegistryPayload
src/core/object.zig	6411	pub		finalizationRegistryPayloadForCycleGc
src/core/object.zig	6415	priv		finalizationRegistryPayloadConst
src/core/object.zig	6421	priv		destroyFinalizationRegistryPayload
src/core/object.zig	6429	priv		weakRefPayload
src/core/object.zig	6436	pub		weakRefPayloadForCycleGc
src/core/object.zig	6440	priv		weakRefPayloadConst
src/core/object.zig	6446	priv		destroyWeakRefPayload
src/core/object.zig	6454	pub		isWeakReferenceHolderClass
src/core/object.zig	6461	pub		weakReferenceHolderLink
src/core/object.zig	6468	pub		weakReferenceHolderLinkConst
src/core/object.zig	6475	pub		weakReferenceHolderPrevious
src/core/object.zig	6480	pub		weakReferenceHolderNext
src/core/object.zig	6485	priv		stdFilePayload
src/core/object.zig	6491	priv		destroyStdFilePayload
src/core/object.zig	6499	priv		disposableStackPayload
src/core/object.zig	6505	priv		disposableStackPayloadConst
src/core/object.zig	6511	priv		globalPayload
src/core/object.zig	6517	priv		globalPayloadConst
src/core/object.zig	6523	priv		destroyRealmRecordPayload
src/core/object.zig	6533	priv		bufferPayload
src/core/object.zig	6539	priv		bufferPayloadConst
src/core/object.zig	6545	priv		destroyBufferPayload
src/core/object.zig	6553	priv		typedArrayPayload
src/core/object.zig	6558	priv		typedArrayPayloadConst
src/core/object.zig	6563	priv		destroyTypedArrayPayload
src/core/object.zig	6571	priv		regExpPayload
src/core/object.zig	6578	priv		regExpPayloadConst
src/core/object.zig	6585	priv		boundFunctionPayload
src/core/object.zig	6591	priv		boundFunctionPayloadConst
src/core/object.zig	6597	priv		proxyPayload
src/core/object.zig	6603	priv		proxyPayloadConst
src/core/object.zig	6609	priv		argumentsPayload
src/core/object.zig	6615	priv		argumentsPayloadConst
src/core/object.zig	6621	priv		objectDataPayload
src/core/object.zig	6627	priv		objectDataPayloadConst
src/core/object.zig	6633	priv		varRefPayload
src/core/object.zig	6638	priv		varRefPayloadConst
src/core/object.zig	6643	pub		promisePayload
src/core/object.zig	6648	priv		promisePayloadConst
src/core/object.zig	6653	priv		generatorPayload
src/core/object.zig	6659	priv		generatorPayloadConst
src/core/object.zig	6665	priv		destroyGeneratorPayload
src/core/object.zig	6673	priv		functionPayload
src/core/object.zig	6679	priv		functionPayloadConst
src/core/object.zig	6685	priv		destroyFunctionPayload
src/core/object.zig	6713	priv		weakIdentityIsLive
src/core/object.zig	6724	priv		objectFromValue
src/core/object.zig	6730	priv		markClassPayload
src/core/object.zig	6753	priv		collectReachableObjects
src/core/object.zig	6759	pub		ClassPayloadTraceAdaptor
src/core/object.zig	6763	pub		visitValue
src/core/object.zig	6783	pub		visitObject
src/core/object.zig	6809	pub		traceClassPayloadRootEdges
src/core/object.zig	6814	priv		visitValue
src/core/object.zig	6822	priv		visitObject
src/core/object.zig	6840	pub		isDetachedGeneratorShellForGc
src/core/object.zig	6850	pub		traceDetachedGeneratorShellEdges
src/core/object.zig	6863	pub		recordTraceStorageFootprint
src/core/object.zig	6867	priv	noinline	allocation
src/core/object.zig	6872	priv		backing
src/core/object.zig	7058	priv		traceUnusualPropertyFallible
src/core/object.zig	7082	priv	inline	tracePropertyEntriesFallible
src/core/object.zig	7103	priv	inline	traceDataPropertyEntriesFallible
src/core/object.zig	7108	priv	inline	tracePropertyEdgesFallible
src/core/object.zig	7144	pub	inline	traceChildEdgesFallible
src/core/object.zig	7146	priv	inline	callVisitObject
src/core/object.zig	7150	priv	inline	callVisitValue
src/core/object.zig	7154	priv	inline	callVisitShape
src/core/object.zig	7158	priv	inline	callVisitRealm
src/core/object.zig	7162	priv	inline	traceOptValue
src/core/object.zig	7367	pub	inline	traceChildEdges
src/core/object.zig	7371	pub	inline	traceChildEdgesNoFail
src/core/object.zig	7379	priv		collectDirectChildObjects
src/core/object.zig	7385	pub		visitObject
src/core/object.zig	7392	pub		visitValue
src/core/object.zig	7396	pub		visitWeakCollectionEntry
src/core/object.zig	7400	pub		visitFinalizationCell
src/core/object.zig	7410	priv		collectValueObject
src/core/object.zig	7419	priv		collectFunctionBytecodeChildObjects
src/core/object.zig	7429	pub		weakIdentityFromValue
src/core/object.zig	7437	pub		weakIdentityFromValuePeek
src/core/object.zig	7443	priv		objectFromWeakCandidate
src/core/object.zig	7452	priv	inline	objectIsCycleGarbage
src/core/object.zig	7456	priv	inline	headerIsCycleGarbage
src/core/object.zig	7466	priv		clearValueReferenceToVisited
src/core/object.zig	7484	priv		clearFunctionBytecodeReferencesToVisited
src/core/object.zig	7494	priv		valueReferencesVisited
src/core/object.zig	7500	priv		functionBytecodeFromValue
src/core/object.zig	7506	pub		getPrototype
src/core/object.zig	7510	pub		setPrototype
src/core/object.zig	7534	pub		setFreshObjectPrototype
src/core/object.zig	7550	pub		preventExtensions
src/core/object.zig	7554	pub		isExtensible
src/core/object.zig	7558	pub		markImmutablePrototype
src/core/object.zig	7562	pub		hasImmutablePrototype
src/core/object.zig	7566	pub		getOwnProperty
src/core/object.zig	7610	priv		descriptorFromOwnPropertySlot
src/core/object.zig	7625	priv	inline	isModuleNamespaceExportProperty
src/core/object.zig	7648	pub		ownPropertyEnumerableKind
src/core/object.zig	7673	pub		hasOwnProperty
src/core/object.zig	7691	pub		existsOwnProperty
src/core/object.zig	7728	pub		ownPropertyEnumerable
src/core/object.zig	7743	pub		hasProperty
src/core/object.zig	7753	pub		getProperty
src/core/object.zig	7781	priv		materializeAutoInit
src/core/object.zig	7819	priv		materializeModuleAutoInit
src/core/object.zig	7827	priv		autoInitSlotStillMatches
src/core/object.zig	7834	priv		commitAutoInitValue
src/core/object.zig	7862	priv		commitAutoInitVarRef
src/core/object.zig	7870	priv		materializeAutoInitEntryForMutation
src/core/object.zig	7879	priv		isAccessorOrAccessorPlaceholderAt
src/core/object.zig	7884	priv		materializePropAutoInit
src/core/object.zig	7902	priv		materializeStringConstantAutoInit
src/core/object.zig	7911	priv		materializeEmptyArrayAutoInit
src/core/object.zig	7917	priv		materializeNativeFunctionAutoInit
src/core/object.zig	7932	priv		prepareAutoInitNativeFunction
src/core/object.zig	7951	priv		materializeArrayUnscopablesAutoInit
src/core/object.zig	7988	priv		applyAutoInitFunctionMarkers
src/core/object.zig	8011	priv		materializeHostFunctionAutoInit
src/core/object.zig	8031	priv		materializeBuiltinNamespaceAutoInit
src/core/object.zig	8038	priv		defineHostAutoInitDataPropertyByName
src/core/object.zig	8065	priv		materializeConsoleAutoInit
src/core/object.zig	8079	priv		materializeNavigatorAutoInit
src/core/object.zig	8108	priv		materializePerformanceAutoInit
src/core/object.zig	8138	priv		performanceAutoInitNowMs
src/core/object.zig	8151	priv		objectPrototypeValueForAutoInit
src/core/object.zig	8171	priv		materializeFunctionPrototypeAutoInit
src/core/object.zig	8192	pub		defineFunctionPrototypeAutoInit
src/core/object.zig	8219	pub		defineOwnDataValueAssumingNew
src/core/object.zig	8239	priv		arrayPrototypeValueForAutoInit
src/core/object.zig	8253	pub		getOwnDataPropertyValue
src/core/object.zig	8258	pub		getOwnDataObjectBorrowed
src/core/object.zig	8275	pub		getOwnConstructorPrototypeObject
src/core/object.zig	8291	pub		getOwnDataPropertyLookup
src/core/object.zig	8300	pub		getOwnDataPropertyValueAt
src/core/object.zig	8308	pub		getDenseArrayElementValue
src/core/object.zig	8312	pub		defineOwnProperty
src/core/object.zig	8384	pub		defineOwnPropertyAssumingNew
src/core/object.zig	8410	pub		defineOwnDataPropertyAssumingNewFromRootedAtom
src/core/object.zig	8435	pub		defineOwnNonIndexPropertyAssumingNew
src/core/object.zig	8444	pub		defineJsonParseDataProperty
src/core/object.zig	8470	pub		reserveOwnPropertyCapacityAssumingPlain
src/core/object.zig	8507	priv		autoInitRealmForDefinition
src/core/object.zig	8517	priv		createPropAutoInitSlot
src/core/object.zig	8536	priv	inline	createPropAutoInitSlotWork
src/core/object.zig	8550	pub		defineAutoInitPropertyFromDescriptor
src/core/object.zig	8565	pub		defineAutoInitPropertyFromDescriptorWithResolvedRealm
src/core/object.zig	8586	pub		defineModuleVarRefProperty
src/core/object.zig	8605	pub		defineModuleAutoInitProperty
src/core/object.zig	8627	priv		appendModuleAutoInitProperty
src/core/object.zig	8646	pub		defineModuleAutoInitPropertyForFixture
src/core/object.zig	8657	pub		defineAutoInitProperty
src/core/object.zig	8668	pub		defineAutoInitPropertyWithRealm
src/core/object.zig	8680	pub		defineAutoInitPropertyWithRealmAndNative
src/core/object.zig	8706	pub		replaceAutoInitPropertyWithRealmAndNative
src/core/object.zig	8741	pub		replaceAutoInitPropertyWithData
src/core/object.zig	8764	pub		defineNavigatorAutoInitProperty
src/core/object.zig	8781	pub		defineConsoleAutoInitProperty
src/core/object.zig	8802	pub		definePerformanceAutoInitProperty
src/core/object.zig	8819	pub		defineBuiltinNamespaceAutoInitProperty
src/core/object.zig	8842	pub		defineEmptyArrayAutoInitProperty
src/core/object.zig	8862	priv	inline	defineEmptyArrayAutoInitPropertyMut
src/core/object.zig	8898	pub		defineHostAutoInitProperty
src/core/object.zig	8922	pub		defineHostAutoInitPropertyWithEntry
src/core/object.zig	8951	pub		canExtendFastArray
src/core/object.zig	8957	pub		appendDenseArrayIndex
src/core/object.zig	8964	pub		appendDenseArrayIndexOwned
src/core/object.zig	8968	priv		appendDenseArrayIndexMode
src/core/object.zig	8988	pub		appendFastArrayPushValues
src/core/object.zig	9005	pub		initDenseArrayIndexZeroAssumingEmpty
src/core/object.zig	9018	pub		appendDenseArrayLiteralIndex
src/core/object.zig	9025	pub		appendDenseArrayDefineIndex
src/core/object.zig	9033	pub		appendDenseArrayDefineIndexOwned
src/core/object.zig	9037	priv		appendDenseArrayDefineIndexMode
src/core/object.zig	9049	pub		initDenseArrayLiteralValuesAssumingEmpty
src/core/object.zig	9078	pub		initDenseArrayLiteralValuesOwnedTrusted
src/core/object.zig	9095	priv	inline	barrierInitializedDenseArrayValues
src/core/object.zig	9103	priv	noinline	barrierInitializedDenseArrayValuesSlow
src/core/object.zig	9107	pub		reserveDenseArrayElements
src/core/object.zig	9112	pub		defineDenseArrayDataProperty
src/core/object.zig	9145	pub		markIndexedProperties
src/core/object.zig	9153	priv		invalidateStandardArrayPrototypeForTaggedIndexMutation
src/core/object.zig	9161	pub		publishStandardArrayPrototype
src/core/object.zig	9167	pub		isStandardArrayPrototype
src/core/object.zig	9171	pub		canDefineDenseArrayDataPropertiesUnchecked
src/core/object.zig	9180	pub		defineDenseArrayDataPropertyUnchecked
src/core/object.zig	9206	pub		setProperty
src/core/object.zig	9303	pub		setOwnWritableDataProperty
src/core/object.zig	9348	pub	inline	setOwnDataPropertyAtForLexicalSyncOwned
src/core/object.zig	9362	pub		setOrDefineOwnDataPropertyForSimpleSet
src/core/object.zig	9416	priv		defineOwnDataPropertyForSetKnownNoOwn
src/core/object.zig	9447	priv		defineNewOwnDataPropertyForSimpleSetKnownNoOwn
src/core/object.zig	9536	pub		setOrDefineOwnDataPropertyForPutFieldOwned
src/core/object.zig	9668	priv		defineModuleNamespaceProperty
src/core/object.zig	9697	priv		deleteOrdinaryPropertyAt
src/core/object.zig	9745	pub		deleteProperty
src/core/object.zig	9780	pub		ownKeys
src/core/object.zig	9860	pub		freeKeys
src/core/object.zig	9864	pub		seal
src/core/object.zig	9883	pub		freeze
src/core/object.zig	9904	priv		defineOrdinaryOwnProperty
src/core/object.zig	9939	priv		defineOrdinaryOwnPropertyKnownNoOwn
src/core/object.zig	9951	priv		defineArrayLength
src/core/object.zig	10008	pub		truncateArrayElements
src/core/object.zig	10016	pub		convertDenseArrayElementsToSparseProperties
src/core/object.zig	10037	priv		denseArrayElement
src/core/object.zig	10045	priv		hasDenseArrayElement
src/core/object.zig	10049	priv		setDenseArrayElement
src/core/object.zig	10056	priv		ensureArrayElementCapacity
src/core/object.zig	10060	priv		updateArrayStorageMode
src/core/object.zig	10066	priv		recomputeArrayStorageMode
src/core/object.zig	10083	priv	inline	barrierPropertySlot
src/core/object.zig	10096	priv	inline	addProperty
src/core/object.zig	10139	pub	noinline	definePlainDataPropertyKnownFast
src/core/object.zig	10164	priv	inline	definePlainDataPropertyKnownFastMut
src/core/object.zig	10194	pub		appendPreparedPropertyEntry
src/core/object.zig	10211	priv	inline	appendPreparedPropertyEntryImpl
src/core/object.zig	10230	priv	inline	appendPreparedPropertyEntryRooted
src/core/object.zig	10260	priv	inline	appendPreparedPropertyEntryWork
src/core/object.zig	10382	priv		shapeNeedsMutationCopy
src/core/object.zig	10386	priv		ensureUniqueShapeForMutation
src/core/object.zig	10395	priv		adoptShapeForNewProperty
src/core/object.zig	10425	priv		ensurePropertyCapacity
src/core/object.zig	10460	priv		propertyStorageCapacity
src/core/object.zig	10464	priv	inline	emptyPropertyStorageBase
src/core/object.zig	10476	pub	inline	trailingPropertyStorageBase
src/core/object.zig	10493	pub		createPropertyStorageCell
src/core/object.zig	10518	pub	inline	propertyStorageCellHeader
src/core/object.zig	10522	pub	inline	propertyStoragePointerIsExternal
src/core/object.zig	10529	pub	inline	setPropertyStorageExternal
src/core/object.zig	10535	pub	inline	setPropertyStorageInline
src/core/object.zig	10540	priv	inline	setPropertyStorageEmptyForDestroy
src/core/object.zig	10547	priv	inline	restorePropertyStorage
src/core/object.zig	10553	pub	inline	propertyStorageBase
src/core/object.zig	10558	pub	inline	propertyEntry
src/core/object.zig	10562	pub	inline	propertyStorageEntries
src/core/object.zig	10569	pub	inline	trailingPropertyStorageEntries
src/core/object.zig	10580	pub	inline	propertyEntries
src/core/object.zig	10584	priv		replaceProperty
src/core/object.zig	10629	pub	inline	propAtomAt
src/core/object.zig	10634	pub	inline	propFlagsAt
src/core/object.zig	10649	pub	inline	propKindAt
src/core/object.zig	10655	pub	inline	asDataAt
src/core/object.zig	10665	pub	inline	replaceOwnDataPropertyValueAtAssumingShapeOwned
src/core/object.zig	10675	pub	inline	asAccessorAt
src/core/object.zig	10682	pub	inline	asVarRefAt
src/core/object.zig	10688	pub	inline	isAutoInitAt
src/core/object.zig	10697	pub		replaceOwnPropertyWithVarRefCell
src/core/object.zig	10741	priv		setEntryKindAndSlot
src/core/object.zig	10770	pub	inline	shapeProps
src/core/object.zig	10774	priv		findPropertyProbeTrusted
src/core/object.zig	10790	pub	inline	findOwnPropertySlotTrusted
src/core/object.zig	10804	pub	inline	findOwnDataValueFast
src/core/object.zig	10835	pub	inline	findOwnDataSlotFast
src/core/object.zig	10877	pub	inline	findWritableOwnDataSlotFast
src/core/object.zig	10903	pub	inline	findPropertyIndexTrusted
src/core/object.zig	10908	pub		findProperty
src/core/object.zig	10924	priv		updateMappedArgumentsBinding
src/core/object.zig	10945	priv		prepareMappedArgumentsDescriptorForDefine
src/core/object.zig	10955	priv		setMappedArgumentsBindingValue
src/core/object.zig	10962	priv		deleteMappedArgumentsBinding
src/core/object.zig	10969	priv		mappedArgumentsBindingValue
src/core/object.zig	10977	priv		mappedArgumentsBindingIndexFromAtom
src/core/object.zig	10983	priv		mappedArgumentsTaggedBindingIndex
src/core/object.zig	10989	priv		hasMappedArgumentsBinding
src/core/object.zig	10995	priv		materializeMappedArgumentsProperty
src/core/object.zig	11002	priv		materializeAllMappedArgumentsProperties
src/core/object.zig	11010	priv		detachAllMappedArgumentsBindings
src/core/object.zig	11050	priv		flagsFromDescriptor
src/core/object.zig	11058	priv		slotFromDescriptor
src/core/object.zig	11066	priv		isTypedArrayObjectForSetFastPath
src/core/object.zig	11083	pub		isTypedArrayObject
src/core/object.zig	11088	pub		typedArrayOutOfBounds
src/core/object.zig	11099	pub		typedArrayDetached
src/core/object.zig	11105	pub		typedArrayLength
src/core/object.zig	11112	pub		typedArrayByteLength
src/core/object.zig	11117	pub		typedArrayEffectiveByteOffset
src/core/object.zig	11123	pub		typedArrayIndexValid
src/core/object.zig	11136	pub		typedArrayCanonicalNumericIndex
src/core/object.zig	11166	pub		typedArrayBackedByResizableBuffer
src/core/object.zig	11173	pub		arrayBufferIsImmutable
src/core/object.zig	11178	pub		markArrayBufferImmutable
src/core/object.zig	11183	pub		typedArrayImmutableBuffer
src/core/object.zig	11190	pub		typedArrayRejectImmutableBuffer
src/core/object.zig	11194	priv		isCompatible
src/core/object.zig	11222	priv		mergeDescriptor
src/core/object.zig	11275	priv		arrayLengthValue
src/core/object.zig	11282	priv		arrayLengthFromValue
src/core/object.zig	11291	priv		arrayLengthNumber
src/core/object.zig	11313	priv		arrayLengthStringNumber
src/core/object.zig	11336	priv		varRefCellFromValue
src/core/object.zig	11340	priv		appendAtom
src/core/object.zig	11355	priv		hasPropertyIndexKeys
src/core/object.zig	11364	priv		indexKeyLessThan
src/core/object.zig	11383	priv		ownEntriesExpectObject
src/core/object.zig	11389	priv		entriesAtomToStringValue
src/core/object.zig	11393	priv		entryArrayValue
src/core/object.zig	11414	pub		ownEntriesArray
src/core/object.zig	11466	priv		stringIteratorPrimitiveValue
src/core/object.zig	11475	priv		defineStringIteratorToStringTag
src/core/object.zig	11481	priv		stringIteratorPrototype
src/core/object.zig	11500	pub		stringIterator
src/core/object_gc.zig	15	pub		enqueueFinalizationCleanup
src/core/object_payloads.zig	37	pub		destroy
src/core/object_payloads.zig	54	pub		isActive
src/core/object_payloads.zig	58	pub		isPending
src/core/object_payloads.zig	62	pub		keepsHeldValuesAlive
src/core/object_payloads.zig	66	pub		destroy
src/core/object_payloads.zig	81	pub	inline	callVisitObject
src/core/object_payloads.zig	94	pub	inline	callVisitValue
src/core/object_payloads.zig	110	pub	inline	callVisitStorageCell
src/core/object_payloads.zig	123	pub	inline	callVisitShape
src/core/object_payloads.zig	136	pub	inline	callVisitRealm
src/core/object_payloads.zig	149	pub	inline	traceOptValue
src/core/object_payloads.zig	153	pub	inline	callVisitWeakCollectionEntry
src/core/object_payloads.zig	166	pub	inline	callVisitFinalizationCell
src/core/object_payloads.zig	179	pub		destroyOptionalValue
src/core/object_payloads.zig	183	pub		destroyOwnedValue
src/core/object_payloads.zig	187	pub		replaceOwnedValue
src/core/object_payloads.zig	191	pub		destroyValueSlice
src/core/object_payloads.zig	197	pub		destroyValueSliceValuesOnly
src/core/object_payloads.zig	205	pub	inline	payloadSliceCellHeader
src/core/object_payloads.zig	210	pub		clearVarRefCellSlice
src/core/object_payloads.zig	216	pub		closeOpenVarRefCellSlots
src/core/object_payloads.zig	224	pub		destroyValueSliceWithCapacity
src/core/object_payloads.zig	253	pub		traceChildEdges
src/core/object_payloads.zig	266	pub		destroy
src/core/object_payloads.zig	286	pub		traceChildEdges
src/core/object_payloads.zig	315	pub		destroy
src/core/object_payloads.zig	332	pub		traceChildEdges
src/core/object_payloads.zig	374	pub		destroy
src/core/object_payloads.zig	388	pub		traceChildEdges
src/core/object_payloads.zig	437	pub		destroy
src/core/object_payloads.zig	466	pub		traceChildEdges
src/core/object_payloads.zig	484	pub		create
src/core/object_payloads.zig	501	pub		createExternal
src/core/object_payloads.zig	522	pub		retain
src/core/object_payloads.zig	526	pub		release
src/core/object_payloads.zig	562	pub		destroy
src/core/object_payloads.zig	570	pub		traceChildEdges
src/core/object_payloads.zig	578	pub		releaseStorage
src/core/object_payloads.zig	602	pub		attachView
src/core/object_payloads.zig	614	pub		detachView
src/core/object_payloads.zig	636	priv		invalidateViews
src/core/object_payloads.zig	643	pub		updateViews
src/core/object_payloads.zig	650	priv		unlinkAllViews
src/core/object_payloads.zig	667	pub		destroy
src/core/object_payloads.zig	675	pub		traceChildEdges
src/core/object_payloads.zig	679	priv		clearLiveState
src/core/object_payloads.zig	684	priv		updateLiveState
src/core/object_payloads.zig	739	pub		destroy
src/core/object_payloads.zig	743	pub		traceChildEdges
src/core/object_payloads.zig	766	pub		destroy
src/core/object_payloads.zig	774	pub		traceChildEdges
src/core/object_payloads.zig	789	pub		destroy
src/core/object_payloads.zig	794	pub		traceChildEdges
src/core/object_payloads.zig	803	pub		destroy
src/core/object_payloads.zig	808	pub		traceChildEdges
src/core/object_payloads.zig	818	pub		destroy
src/core/object_payloads.zig	822	pub		traceChildEdges
src/core/object_payloads.zig	831	pub		destroy
src/core/object_payloads.zig	835	pub		traceChildEdges
src/core/object_payloads.zig	848	pub		destroy
src/core/object_payloads.zig	853	pub		traceChildEdges
src/core/object_payloads.zig	869	pub		destroy
src/core/object_payloads.zig	885	pub		traceChildEdges
src/core/object_payloads.zig	899	pub		destroy
src/core/object_payloads.zig	903	pub		traceChildEdges
src/core/object_payloads.zig	942	pub		destroy
src/core/object_payloads.zig	952	pub		traceChildEdges
src/core/object_payloads.zig	976	pub		destroy
src/core/object_payloads.zig	980	pub		traceChildEdges
src/core/object_payloads.zig	991	pub		destroy
src/core/object_payloads.zig	996	pub		traceChildEdges
src/core/object_payloads.zig	1016	pub		destroy
src/core/object_payloads.zig	1028	pub		traceChildEdges
src/core/object_payloads.zig	1060	pub		destroy
src/core/object_payloads.zig	1116	pub		destroy
src/core/object_payloads.zig	1132	pub		traceChildEdges
src/core/object_payloads.zig	1176	priv		destroyRare
src/core/object_payloads.zig	1184	pub		destroyNative
src/core/object_payloads.zig	1191	pub		traceNativeRealm
src/core/object_payloads.zig	1212	pub		destroy
src/core/object_payloads.zig	1229	pub	inline	captureSlots
src/core/object_payloads.zig	1240	pub	inline	captureSlice
src/core/object_payloads.zig	1252	pub	inline	emptyVarRefs
src/core/profile.zig	47	pub		recordOpcode
src/core/profile.zig	55	pub		noteDispatch
src/core/profile.zig	59	pub		noteCarrierSub
src/core/profile.zig	64	pub		flushPendingDispatch
src/core/profile.zig	70	pub		recordAlloc
src/core/profile.zig	74	pub		recordValueDup
src/core/profile.zig	78	pub		recordValueFree
src/core/profile.zig	82	pub		recordPropLookup
src/core/profile.zig	87	pub		recordGlobalLookup
src/core/profile.zig	91	pub		opcodeName
src/core/profile.zig	96	pub		totalOpcodeCount
src/core/profile.zig	102	pub		totalOpcodeNanos
src/core/profile.zig	108	pub		totalIcHit
src/core/profile.zig	112	pub		totalIcMiss
src/core/profile.zig	116	pub		totalIcInvalidate
src/core/profile.zig	120	pub		totalIcPromotePoly
src/core/profile.zig	124	pub		totalIcPromoteMega
src/core/profile.zig	129	pub		setOpcodeNameProvider
src/core/profile.zig	133	priv		totalCounter
src/core/profile.zig	141	pub		activate
src/core/profile.zig	147	pub		active
src/core/profile.zig	151	pub		recordValueDup
src/core/profile.zig	155	pub		recordPropLookup
src/core/profile.zig	159	pub		recordGlobalLookup
src/core/profile.zig	163	pub		nowNanos
src/core/promise.zig	18	pub		construct
src/core/promise.zig	22	pub		constructWithPrototype
src/core/promise.zig	33	pub		fulfilledWithPrototype
src/core/promise.zig	46	pub		rejectedWithPrototype
src/core/promise.zig	103	priv		promiseObject
src/core/promise.zig	110	pub		rejectedWithUnhandledPrototype
src/core/promise.zig	121	pub		markHandled
src/core/promise.zig	131	pub		withResolvers
src/core/promise.zig	158	priv		createResolvingFunction
src/core/promise.zig	243	priv		defineData
src/core/promise.zig	247	pub		enqueueReaction
src/core/property.zig	37	pub		data
src/core/property.zig	46	pub		accessorFlags
src/core/property.zig	54	pub		varRef
src/core/property.zig	64	pub		withKind
src/core/property.zig	71	pub		asDeleted
src/core/property.zig	79	pub		isAccessor
src/core/property.zig	83	pub		isVarRef
src/core/property.zig	87	pub		isAutoInit
src/core/property.zig	91	pub		bits
src/core/property.zig	95	pub		fromBits
src/core/property.zig	109	pub		fromBorrowedValues
src/core/property.zig	116	pub		getterValue
src/core/property.zig	120	pub		setterValue
src/core/property.zig	124	pub		getterIsUndefined
src/core/property.zig	128	pub		setterIsUndefined
src/core/property.zig	136	pub		syncGetterFromVisitedValue
src/core/property.zig	140	pub		syncSetterFromVisitedValue
src/core/property.zig	145	priv		accessorHeaderFromValue
src/core/property.zig	151	priv		valueFromAccessorHeader
src/core/property.zig	201	pub		retain
src/core/property.zig	208	pub		id
src/core/property.zig	213	pub		realmHeader
src/core/property.zig	218	pub		syncRealmHeader
src/core/property.zig	234	priv		retainOpaque
src/core/property.zig	241	pub		retainPrototype
src/core/property.zig	245	pub		retainProp
src/core/property.zig	249	pub		retainModule
src/core/property.zig	253	pub		descriptor
src/core/property.zig	259	pub		moduleOwner
src/core/property.zig	297	priv		eql
src/core/property.zig	355	pub		internAutoInit
src/core/property.zig	369	pub		autoInit
src/core/regexp.zig	31	pub		classMatchesUtf16Unit
src/core/regexp.zig	92	pub		readClassRangeAtom
src/core/regexp.zig	169	priv		readFixedHexClassRangeAtom
src/core/regexp.zig	189	priv		readUnicodeClassRangeAtom
src/core/regexp.zig	212	pub		isCharacterClassEscape
src/core/regexp.zig	218	priv		characterClassEscapeUnitMatches
src/core/regexp.zig	234	pub		consumeUnicodePropertyEscape
src/core/runtime.zig	44	priv		run
src/core/runtime.zig	52	pub		closeStdFileHandle
src/core/runtime.zig	61	pub		enqueueDeferredStdFileClose
src/core/runtime.zig	112	pub		restore
src/core/runtime.zig	119	pub		deinit
src/core/runtime.zig	146	pub		setDefaultStandardGlobalsInstaller
src/core/runtime.zig	163	pub		forLimit
src/core/runtime.zig	167	pub		arenaForLimit
src/core/runtime.zig	218	pub		initDefault
src/core/runtime.zig	226	pub		mark
src/core/runtime.zig	233	pub		carve
src/core/runtime.zig	254	pub	inline	carveActiveMarked
src/core/runtime.zig	276	priv	noinline	carveSlow
src/core/runtime.zig	298	pub		carveTyped
src/core/runtime.zig	310	pub		restore
src/core/runtime.zig	318	pub		deinit
src/core/runtime.zig	384	pub		acceptsMinor
src/core/runtime.zig	399	pub		rootScan
src/core/runtime.zig	438	pub		initCopy
src/core/runtime.zig	449	pub		deinit
src/core/runtime.zig	455	pub		slice
src/core/runtime.zig	467	pub		initCopy
src/core/runtime.zig	474	pub		deinit
src/core/runtime.zig	480	pub		slice
src/core/runtime.zig	540	pub		reset
src/core/runtime.zig	573	pub	inline	hasNativeWindow
src/core/runtime.zig	580	pub	inline	hasAtomRoots
src/core/runtime.zig	589	pub	inline	activate
src/core/runtime.zig	616	pub	inline	deactivate
src/core/runtime.zig	647	pub		ValueRootScope
src/core/runtime.zig	659	pub	inline	activate
src/core/runtime.zig	666	pub	inline	deactivate
src/core/runtime.zig	674	pub	inline	rootValues
src/core/runtime.zig	686	pub		ObjectRootScope
src/core/runtime.zig	695	pub	inline	activate
src/core/runtime.zig	702	pub	inline	deactivate
src/core/runtime.zig	708	pub	inline	rootObjects
src/core/runtime.zig	734	pub		AtomRootScope
src/core/runtime.zig	745	pub	inline	activate
src/core/runtime.zig	752	pub	inline	deactivate
src/core/runtime.zig	760	pub	inline	rootAtoms
src/core/runtime.zig	771	pub	inline	rootAtomList
src/core/runtime.zig	781	pub	inline	rootAtomSlots
src/core/runtime.zig	810	pub		value
src/core/runtime.zig	814	pub		values
src/core/runtime.zig	818	pub		constValue
src/core/runtime.zig	823	pub		constValues
src/core/runtime.zig	827	pub		optionalObject
src/core/runtime.zig	831	pub		constOptionalObject
src/core/runtime.zig	836	pub		constHeader
src/core/runtime.zig	844	pub		atomRoot
src/core/runtime.zig	851	pub		shapeRoot
src/core/runtime.zig	855	pub		moduleRoot
src/core/runtime.zig	880	pub	inline	activate
src/core/runtime.zig	892	pub	inline	deactivate
src/core/runtime.zig	957	pub		init
src/core/runtime.zig	968	pub		initDup
src/core/runtime.zig	972	pub		get
src/core/runtime.zig	977	pub		deinit
src/core/runtime.zig	987	pub		destroy
src/core/runtime.zig	994	pub		take
src/core/runtime.zig	1007	pub		get
src/core/runtime.zig	1011	pub		valueSlot
src/core/runtime.zig	1021	pub		enter
src/core/runtime.zig	1028	pub		deinit
src/core/runtime.zig	1036	pub		local
src/core/runtime.zig	1045	pub		localDup
src/core/runtime.zig	1054	pub		init
src/core/runtime.zig	1069	pub		get
src/core/runtime.zig	1076	pub		isAlive
src/core/runtime.zig	1083	pub		deinit
src/core/runtime.zig	1091	pub		destroy
src/core/runtime.zig	1104	pub		deinit
src/core/runtime.zig	1113	pub		pinValueForNative
src/core/runtime.zig	1118	pub		pinHeaderForNative
src/core/runtime.zig	1130	pub		run
src/core/runtime.zig	1144	pub		run
src/core/runtime.zig	1155	pub		traceRoots
src/core/runtime.zig	1162	pub		visitValue
src/core/runtime.zig	1170	pub		visitObject
src/core/runtime.zig	1539	pub		init
src/core/runtime.zig	1548	pub		create
src/core/runtime.zig	1553	pub		createWithOptions
src/core/runtime.zig	1564	priv		initWithAccount
src/core/runtime.zig	1704	pub		setOpcodeProfile
src/core/runtime.zig	1709	pub		isOwnerThread
src/core/runtime.zig	1713	pub		requireOwnerThread
src/core/runtime.zig	1717	pub		assertOwnerThread
src/core/runtime.zig	1721	pub		deinit
src/core/runtime.zig	1865	pub		destroy
src/core/runtime.zig	1875	pub		tryDestroy
src/core/runtime.zig	1889	pub	inline	allocRuntime
src/core/runtime.zig	1899	pub	inline	freeRuntime
src/core/runtime.zig	1903	pub	inline	remapRuntime
src/core/runtime.zig	1914	pub	inline	createRuntime
src/core/runtime.zig	1919	pub	inline	destroyRuntime
src/core/runtime.zig	1923	pub	inline	allocRuntimeAlignedBytes
src/core/runtime.zig	1930	pub	inline	freeRuntimeAlignedBytes
src/core/runtime.zig	1934	pub		registerObject
src/core/runtime.zig	1961	pub	inline	registerObjectWithBytes
src/core/runtime.zig	1986	pub		unregisterObjectWithBytes
src/core/runtime.zig	2015	pub		registerWeakReferenceHolder
src/core/runtime.zig	2037	pub		unregisterWeakReferenceHolder
src/core/runtime.zig	2063	pub		registerBorrowedReferenceHolder
src/core/runtime.zig	2078	pub		borrowedReferenceHolderRegistered
src/core/runtime.zig	2083	pub		unregisterBorrowedReferenceHolder
src/core/runtime.zig	2102	priv		removeBorrowedReferenceHolderAt
src/core/runtime.zig	2116	pub		linkContext
src/core/runtime.zig	2129	pub		linkConstructingContext
src/core/runtime.zig	2142	pub		unlinkConstructingContext
src/core/runtime.zig	2161	pub		unlinkContext
src/core/runtime.zig	2180	pub		firstContext
src/core/runtime.zig	2184	priv		assertNoHostRealmRefsForTeardown
src/core/runtime.zig	2196	pub		contextForGlobal
src/core/runtime.zig	2206	pub		contextForGlobalIncludingConstructing
src/core/runtime.zig	2219	pub		invalidateStandardArrayPrototypeForObjectPrototype
src/core/runtime.zig	2231	priv		invalidateContextStandardArrayPrototype
src/core/runtime.zig	2243	pub		initialArrayShapeForPrototype
src/core/runtime.zig	2260	pub		ensureContextClassPrototypeCapacity
src/core/runtime.zig	2290	priv		nextRetainableClassPrototypeContext
src/core/runtime.zig	2319	pub		clearContextClassPrototype
src/core/runtime.zig	2342	pub		registerRootProvider
src/core/runtime.zig	2350	pub		registerRootProviderChecked
src/core/runtime.zig	2355	priv		rootProvidersUsingInline
src/core/runtime.zig	2359	priv		appendRootProvider
src/core/runtime.zig	2377	pub		unregisterRootProvider
src/core/runtime.zig	2404	pub		traceRoots
src/core/runtime.zig	2434	priv		traceAtomRoots
src/core/runtime.zig	2448	priv		traceStringCacheRoots
src/core/runtime.zig	2466	pub		traceActiveRoots
src/core/runtime.zig	2492	pub		verifyDeferredClassPayloadRootLiveness
src/core/runtime.zig	2497	priv		checkHeader
src/core/runtime.zig	2521	priv		visitValue
src/core/runtime.zig	2526	priv		visitObject
src/core/runtime.zig	2531	priv		visitHeader
src/core/runtime.zig	2559	pub		traceValueRootFrameChain
src/core/runtime.zig	2567	priv		traceValueRootFrames
src/core/runtime.zig	2612	priv		createPersistentRootSlot
src/core/runtime.zig	2616	priv		createLocalRootSlot
src/core/runtime.zig	2620	priv		createWeakRootSlot
src/core/runtime.zig	2646	priv		createRootSlot
src/core/runtime.zig	2664	priv		destroyWeakRootSlot
src/core/runtime.zig	2671	priv		removeWeakRootSlot
src/core/runtime.zig	2692	priv		takePersistentRootSlot
src/core/runtime.zig	2700	priv		removePersistentRootSlot
src/core/runtime.zig	2724	priv		assertNoOutstandingValueHandles
src/core/runtime.zig	2736	priv		assertIdleForTeardown
src/core/runtime.zig	2758	pub		clearWeakRootSlot
src/core/runtime.zig	2766	pub		sweepDeadWeakPersistentSlots
src/core/runtime.zig	2775	pub		clearWeakPersistentIdentity
src/core/runtime.zig	2784	pub		keepAliveWeakRefTarget
src/core/runtime.zig	2801	pub		clearWeakRefKeptAlive
src/core/runtime.zig	2814	pub		retainWeakIdentity
src/core/runtime.zig	2823	pub		releaseWeakIdentity
src/core/runtime.zig	2830	pub		clearWeakIdentitySlot
src/core/runtime.zig	2836	priv		weakIdentityIsCurrentlyLive
src/core/runtime.zig	2845	priv		valueFromWeakIdentity
src/core/runtime.zig	2866	pub		liveObjectFromWeakIdentity
src/core/runtime.zig	2870	priv		objectFromWeakIdentity
src/core/runtime.zig	2877	pub		registerWeakObjectIdentity
src/core/runtime.zig	2908	pub		peekWeakObjectIdentity
src/core/runtime.zig	2917	pub		takeWeakObjectIdentity
src/core/runtime.zig	2927	priv		clearLocalRootSlotsFrom
src/core/runtime.zig	2945	pub		enterHandleScope
src/core/runtime.zig	2949	pub		localRootCountForTest
src/core/runtime.zig	2954	pub		weakRootCountForTest
src/core/runtime.zig	2959	pub		persistentRootCountForTest
src/core/runtime.zig	2964	pub		symbolValue
src/core/runtime.zig	2968	pub		takeSymbolValue
src/core/runtime.zig	2972	pub		newSymbolValue
src/core/runtime.zig	2980	pub		globalSymbolValue
src/core/runtime.zig	2985	pub		createValueHandle
src/core/runtime.zig	2989	pub		takeValueHandle
src/core/runtime.zig	2993	pub		createPersistentValue
src/core/runtime.zig	2997	pub		createWeakPersistentValue
src/core/runtime.zig	3008	pub		allocNativeEntry
src/core/runtime.zig	3016	pub		registerNativeEntryFinalizer
src/core/runtime.zig	3022	pub		retireNativeEntry
src/core/runtime.zig	3033	pub		internalBuiltinRecord
src/core/runtime.zig	3038	pub		clearExternalHostFunctions
src/core/runtime.zig	3056	pub		runObjectCycleRemoval
src/core/runtime.zig	3061	pub		runObjectCycleRemovalWithValueRoots
src/core/runtime.zig	3071	pub		tryRunObjectCycleRemoval
src/core/runtime.zig	3075	pub		tryRunObjectCycleRemovalWithValueRoots
src/core/runtime.zig	3156	pub		pollGC
src/core/runtime.zig	3423	priv		incrementalMarkPoll
src/core/runtime.zig	3544	priv		resetGCThresholdExcludingDoomed
src/core/runtime.zig	3556	priv		destroySlicePoll
src/core/runtime.zig	3581	priv		finishDoomedCompletion
src/core/runtime.zig	3599	pub		pollGCChecked
src/core/runtime.zig	3608	pub		gcSafepoint
src/core/runtime.zig	3612	pub		afterCallbackBoundaryGC
src/core/runtime.zig	3619	pub		beforeEventLoopIdleGC
src/core/runtime.zig	3626	pub		forceGC
src/core/runtime.zig	3632	pub		forceMajorGC
src/core/runtime.zig	3636	pub		requestGCForTest
src/core/runtime.zig	3655	priv		pollScansConservatively
src/core/runtime.zig	3666	pub		forcePreciseRootScanForTest
src/core/runtime.zig	3676	pub		restoreDefaultRootScanForTest
src/core/runtime.zig	3681	pub		gcPendingForTest
src/core/runtime.zig	3686	pub		gcLastRequestReasonForTest
src/core/runtime.zig	3691	pub		setGCThreshold
src/core/runtime.zig	3696	pub		gcThreshold
src/core/runtime.zig	3700	pub		setMemoryLimit
src/core/runtime.zig	3715	pub		suppressLimitCollectionForTest
src/core/runtime.zig	3720	pub		memoryLimit
src/core/runtime.zig	3724	pub		memoryUsage
src/core/runtime.zig	3768	pub		reportExternalAlloc
src/core/runtime.zig	3780	pub		reportExternalAllocUntracked
src/core/runtime.zig	3786	pub		reportExternalFree
src/core/runtime.zig	3790	pub		reportExternalFreeUntracked
src/core/runtime.zig	3794	pub		externalMemoryBytes
src/core/runtime.zig	3798	pub		allocationDebtBytes
src/core/runtime.zig	3809	pub		gcPauseDistribution
src/core/runtime.zig	3813	pub		gcStats
src/core/runtime.zig	3828	pub		ownsObject
src/core/runtime.zig	3846	priv	inline	requestGCForProcessMemoryPressure
src/core/runtime.zig	3851	priv	noinline	requestGCForProcessMemoryPressureSlow
src/core/runtime.zig	3859	priv		weakReferenceCount
src/core/runtime.zig	3875	priv		currentRssBytes
src/core/runtime.zig	3885	priv		cgroupLimitBytes
src/core/runtime.zig	3897	priv		readLinuxFile
src/core/runtime.zig	3907	priv		firstToken
src/core/runtime.zig	3912	priv		parseUnsignedToken
src/core/runtime.zig	3917	priv	inline	prospectiveAllocationTotal
src/core/runtime.zig	3926	priv	inline	requestGCForAllocationTotal
src/core/runtime.zig	3960	pub	inline	requestGCForAllocation
src/core/runtime.zig	3969	pub		collectBeforeObjectAllocation
src/core/runtime.zig	3989	priv	noinline	collectBeforeObjectAllocationAfterDeferredDrain
src/core/runtime.zig	3997	priv	noinline	pollGCBeforeObjectAllocation
src/core/runtime.zig	4001	priv	inline	collectBeforeObjectAllocationAfterFinalizerCheck
src/core/runtime.zig	4046	priv		triggerGCOnAllocation
src/core/runtime.zig	4058	priv		collectBeforeLimitRejection
src/core/runtime.zig	4063	priv		resetGCThreshold
src/core/runtime.zig	4123	pub	inline	singleByteString
src/core/runtime.zig	4129	priv	noinline	createSingleByteString
src/core/runtime.zig	4136	pub	inline	cachedSingleByteString
src/core/runtime.zig	4140	pub		emptyString
src/core/runtime.zig	4149	pub		recentTwoUnitString
src/core/runtime.zig	4165	pub		recentAtomString
src/core/runtime.zig	4187	pub		smallIntString
src/core/runtime.zig	4198	pub		percentHexString
src/core/runtime.zig	4210	pub		setStackSize
src/core/runtime.zig	4215	pub		stackSize
src/core/runtime.zig	4219	pub		setNativeStackSize
src/core/runtime.zig	4230	pub		updateNativeStackTop
src/core/runtime.zig	4252	pub	inline	checkNativeStackOverflow
src/core/runtime.zig	4257	pub		internAtom
src/core/runtime.zig	4261	pub		newClassId
src/core/runtime.zig	4267	pub		setInterruptHandler
src/core/runtime.zig	4272	pub		getDynamicImportLoader
src/core/runtime.zig	4276	pub		installDynamicImportLoader
src/core/runtime.zig	4290	pub		standardGlobalOwnPropertyCapacity
src/core/runtime.zig	4303	pub		installStandardGlobals
src/core/runtime.zig	4331	pub		hasInterruptHandler
src/core/runtime.zig	4335	pub		runInterruptHandler
src/core/runtime.zig	4340	pub		setCanBlock
src/core/runtime.zig	4344	pub		canBlock
src/core/runtime.zig	4348	pub		signalHostCompletion
src/core/runtime.zig	4352	pub		resetHostCompletionSignal
src/core/runtime.zig	4356	pub		waitForHostCompletion
src/core/runtime.zig	4360	pub		waitForHostCompletionUntil
src/core/runtime.zig	4367	pub		enqueueFinalizationJobForRealm
src/core/runtime.zig	4374	pub		enqueueFinalizationJobReserved
src/core/runtime.zig	4384	pub		clearPendingFinalizationJobs
src/core/runtime.zig	4391	pub		pendingFinalizationJobCountForTest
src/core/runtime.zig	4396	pub		enqueueDeferredNativeCleanup
src/core/runtime.zig	4406	pub		enqueueDeferredClassPayloadFinalizer
src/core/runtime.zig	4424	pub		reserveDeferredClassPayloadFinalizerSlot
src/core/runtime.zig	4436	pub		releaseDeferredClassPayloadFinalizerSlot
src/core/runtime.zig	4446	pub		registerReservedDeferredClassPayloadRoot
src/core/runtime.zig	4457	pub		unregisterDeferredClassPayloadRoot
src/core/runtime.zig	4472	pub		enqueueReservedDeferredClassPayloadFinalizer
src/core/runtime.zig	4495	pub		hasDeferredNativeCleanups
src/core/runtime.zig	4499	pub		hasPendingDeferredClassPayloadFinalizers
src/core/runtime.zig	4504	pub		isActiveDeferredClassPayloadFinalizerCallback
src/core/runtime.zig	4509	pub		runDeferredNativeCleanupBudgeted
src/core/runtime.zig	4531	pub		runDeferredClassPayloadFinalizerBudgeted
src/core/runtime.zig	4553	pub		drainDeferredNativeCleanups
src/core/runtime.zig	4558	pub		drainDeferredClassPayloadFinalizers
src/core/runtime.zig	4568	priv	inline	drainDeferredClassPayloadFinalizersAtSafeBoundary
src/core/runtime.zig	4575	priv		runDeferredClassPayloadFinalizerJob
src/core/runtime.zig	4582	pub		pendingDeferredNativeCleanupCountForTest
src/core/runtime.zig	4587	pub		pendingDeferredClassPayloadFinalizerCountForTest
src/core/runtime.zig	4592	priv		ensureDeferredNativeCleanupCapacity
src/core/runtime.zig	4608	priv		releaseEmptyDeferredNativeCleanupBuffer
src/core/runtime.zig	4620	priv		ensureDeferredClassPayloadFinalizerCapacity
src/core/runtime.zig	4636	priv		ensureDeferredClassPayloadRootCapacity
src/core/runtime.zig	4650	priv		releaseEmptyDeferredClassPayloadFinalizerBuffer
src/core/runtime.zig	4663	priv		releaseEmptyDeferredClassPayloadRootBuffer
src/core/runtime.zig	4676	pub		beginBorrowedWeakCleanup
src/core/runtime.zig	4686	pub		endBorrowedWeakCleanup
src/core/runtime.zig	4695	pub		borrowedWeakCleanupActive
src/core/runtime.zig	4699	pub		borrowedWeakCleanupIdentityCount
src/core/runtime.zig	4703	pub		enqueueBorrowedWeakCleanupIdentity
src/core/runtime.zig	4713	pub		borrowedWeakCleanupIdentityMatches
src/core/runtime.zig	4726	pub	inline	borrowedWeakCleanupIdentityMatchesSlice
src/core/runtime.zig	4739	pub		clearBorrowedWeakCleanupIdentities
src/core/runtime.zig	4748	priv		ensureBorrowedWeakCleanupIdentityCapacity
src/core/runtime.zig	4771	pub		settlePendingDestructionForGateStats
src/core/runtime.zig	4788	priv		appendRuntimeObject
src/core/runtime.zig	4805	priv		appendRuntimeRootSlot
src/core/runtime.zig	4822	priv		appendRuntimeWeakRootSlot
src/core/runtime.zig	4949	pub		newRealmRandomSeed
src/core/shape.zig	30	pub		propertyCapacityForNeeded
src/core/shape.zig	66	priv		famRegionBytes
src/core/shape.zig	93	pub	inline	init
src/core/shape.zig	97	pub	inline	previous
src/core/shape.zig	103	pub	inline	setPrevious
src/core/shape.zig	109	pub	inline	isHashed
src/core/shape.zig	113	pub	inline	setHashed
src/core/shape.zig	126	priv	inline	initialOwnership
src/core/shape.zig	131	priv	inline	initialTraceListState
src/core/shape.zig	135	priv	inline	initialColdState
src/core/shape.zig	224	priv	inline	famBase
src/core/shape.zig	229	priv	inline	bucketCount
src/core/shape.zig	233	pub	inline	hashBuckets
src/core/shape.zig	240	pub	inline	props
src/core/shape.zig	252	pub	inline	famByteSize
src/core/shape.zig	259	pub	inline	allocationSize
src/core/shape.zig	267	pub	inline	accountedAllocationSize
src/core/shape.zig	273	pub	inline	markShared
src/core/shape.zig	277	pub	inline	isShared
src/core/shape.zig	281	pub	inline	isHashed
src/core/shape.zig	285	pub	inline	setHashed
src/core/shape.zig	289	pub	inline	deletedPropCount
src/core/shape.zig	293	priv	inline	incrementDeletedPropCount
src/core/shape.zig	299	pub		sameTransition
src/core/shape.zig	307	pub		hasPropertyHash
src/core/shape.zig	311	pub		firstPropertyIndex
src/core/shape.zig	316	pub	inline	firstPropertyIndexAssumeHash
src/core/shape.zig	322	pub	inline	traceChildEdgesFallible
src/core/shape.zig	325	priv	inline	callVisitObject
src/core/shape.zig	349	pub	inline	traceChildEdgesNoFail
src/core/shape.zig	379	pub	inline	adoptionBarrier
src/core/shape.zig	388	priv	noinline	shadeAdoptedShape
src/core/shape.zig	399	pub		visitObject
src/core/shape.zig	404	pub		visitAtom
src/core/shape.zig	417	pub		init
src/core/shape.zig	421	pub		deinit
src/core/shape.zig	433	pub		create
src/core/shape.zig	439	pub		publish
src/core/shape.zig	444	pub	inline	createObjectRoot
src/core/shape.zig	450	pub	inline	createObjectRootReserved
src/core/shape.zig	456	priv	noinline	createObjectRootMaybeReserved
src/core/shape.zig	473	pub		createObjectRootWithPropertyCapacity
src/core/shape.zig	490	pub		createObjectRootWithPropertyCapacityReserved
src/core/shape.zig	509	pub		createInitialShape
src/core/shape.zig	519	priv		createShape
src/core/shape.zig	545	priv		createShapeReserved
src/core/shape.zig	562	priv		createShapeWithPropertyCapacity
src/core/shape.zig	588	priv		createShapeWithPropertyCapacityReserved
src/core/shape.zig	621	pub	inline	tryCachedTransition
src/core/shape.zig	638	pub		transitionPropertyUncached
src/core/shape.zig	682	priv	inline	findHashedShapeProperty
src/core/shape.zig	708	pub		cloneForMutation
src/core/shape.zig	713	pub		prepareUpdate
src/core/shape.zig	734	pub		replacePrototypeAssumePrepared
src/core/shape.zig	772	priv		relocateShape
src/core/shape.zig	846	pub	inline	addProperty
src/core/shape.zig	854	pub		markPropertyDeleted
src/core/shape.zig	894	pub		compactProperties
src/core/shape.zig	1007	pub		updatePropertyFlags
src/core/shape.zig	1016	pub		restorePropertyLayout
src/core/shape.zig	1088	pub		reserveProperties
src/core/shape.zig	1103	priv		reservePropertyAppend
src/core/shape.zig	1119	pub		reservePropertyHash
src/core/shape.zig	1126	pub		hasReservedOwnPropertyCapacity
src/core/shape.zig	1146	pub		dropUnshared
src/core/shape.zig	1153	pub		destroyFromHeader
src/core/shape.zig	1158	priv		destroyShape
src/core/shape.zig	1175	priv		cloneShape
src/core/shape.zig	1232	priv	inline	appendProperty
src/core/shape.zig	1260	priv		freePropertyAtoms
src/core/shape.zig	1264	priv		rebuildPropertyHash
src/core/shape.zig	1271	priv		linkPropertyHash
src/core/shape.zig	1284	pub	inline	freshIdentity
src/core/shape.zig	1290	priv	inline	link
src/core/shape.zig	1320	priv		unlink
src/core/shape.zig	1329	priv	noinline	ensureShapeHashCapacity
src/core/shape.zig	1364	priv		firstShapeWithHash
src/core/shape.zig	1369	priv		insertShapeHash
src/core/shape.zig	1377	priv		removeShapeHash
src/core/shape.zig	1385	priv		rehashShape
src/core/shape.zig	1423	pub		delistCondemnedShape
src/core/shape.zig	1450	pub		verifyHashIndex
src/core/shape.zig	1465	priv		removeShapeHashEverywhere
src/core/shape.zig	1480	priv		removeShapeHashFromBucket
src/core/shape.zig	1496	priv		nextPowerOfTwo
src/core/shape.zig	1509	priv		lockstepBucketCount
src/core/shape.zig	1515	pub		initialHash
src/core/shape.zig	1526	pub		transitionHash
src/core/shape.zig	1530	pub		hashIndex
src/core/shape.zig	1536	pub	inline	propertyBucketIndex
src/core/shape.zig	1543	pub		shapeHash
src/core/sort_erased.zig	16	pub	inline	heap
src/core/sort_erased.zig	26	priv		lessThan
src/core/sort_erased.zig	31	priv		swap
src/core/sort_erased.zig	47	priv	noinline	heapContext
src/core/sort_erased.zig	63	priv	noinline	siftDown
src/core/string.zig	92	pub	inline	header
src/core/string.zig	96	pub	inline	fromHeader
src/core/string.zig	101	pub	inline	metadata
src/core/string.zig	107	pub		value
src/core/string.zig	111	pub		isWide
src/core/string.zig	115	pub		len_
src/core/string.zig	122	pub		isLinearized
src/core/string.zig	126	pub		flatString
src/core/string.zig	135	pub	inline	bufferView
src/core/string.zig	143	pub	inline	isExtensibleView
src/core/string.zig	152	pub		flatten
src/core/string.zig	206	pub		flattenInfallible
src/core/string.zig	215	pub		contentHash
src/core/string.zig	251	pub	inline	header
src/core/string.zig	255	pub	inline	fromHeader
src/core/string.zig	259	priv	inline	unitsPtr
src/core/string.zig	264	pub	inline	latin1
src/core/string.zig	269	pub	inline	utf16
src/core/string.zig	275	pub	inline	latin1Const
src/core/string.zig	280	pub	inline	utf16Const
src/core/string.zig	287	pub	inline	prefix
src/core/string.zig	296	priv		stringBufferAllocSize
src/core/string.zig	307	pub		createStringBuffer
src/core/string.zig	322	pub		destroyStringBufferCell
src/core/string.zig	332	pub		accountedStorageSizeFromHeader
src/core/string.zig	341	pub		isAsciiBytes
src/core/string.zig	385	pub	inline	header
src/core/string.zig	389	pub	inline	fromHeader
src/core/string.zig	400	pub		bindAtomId
src/core/string.zig	407	pub	inline	metadata
src/core/string.zig	414	pub		createAscii
src/core/string.zig	420	pub		createUtf8
src/core/string.zig	438	pub		createUtf16
src/core/string.zig	462	pub		createUtf16Pair
src/core/string.zig	481	pub		createSymbolNoDescription
src/core/string.zig	485	pub		isSymbolNoDescription
src/core/string.zig	489	pub		createAtomBacked
src/core/string.zig	515	pub		internAtom
src/core/string.zig	540	pub		createLatin1Concat
src/core/string.zig	554	pub		createLatin1Parts
src/core/string.zig	577	pub		createResolvedParts
src/core/string.zig	617	pub		createLatin1ConcatWithSeed
src/core/string.zig	624	pub		createUtf16Concat
src/core/string.zig	639	pub		createAsciiSuffix
src/core/string.zig	655	pub		createLatin1
src/core/string.zig	666	pub		createAsciiCaseMapped
src/core/string.zig	715	pub		createRope
src/core/string.zig	728	pub		createRopeOwned
src/core/string.zig	739	pub		createBalancedRope
src/core/string.zig	753	pub		createBalancedRopeOwned
src/core/string.zig	766	pub		contentHash
src/core/string.zig	780	pub		value
src/core/string.zig	784	pub		len
src/core/string.zig	788	pub		isWide
src/core/string.zig	795	pub		hash
src/core/string.zig	801	pub	inline	inlineBytesPtr
src/core/string.zig	805	priv	inline	inlineBytesPtrMut
src/core/string.zig	810	pub		latin1
src/core/string.zig	814	pub		utf16
src/core/string.zig	819	priv		latin1Mut
src/core/string.zig	822	priv		utf16Mut
src/core/string.zig	827	pub		eqlBytes
src/core/string.zig	834	pub		eqlString
src/core/string.zig	838	pub		compare
src/core/string.zig	849	pub		len
src/core/string.zig	860	pub		ensureFlat
src/core/string.zig	865	pub		resolveData
src/core/string.zig	870	pub		borrowLatin1
src/core/string.zig	875	pub		codeUnitAt
src/core/string.zig	887	pub		createSlice
src/core/string.zig	897	priv		createUninitialized
src/core/string.zig	941	priv		destroyFlat
src/core/string.zig	977	priv		compareResolved
src/core/string.zig	990	priv		compareSameWidth
src/core/string.zig	995	priv		compareLatin1Utf16
src/core/string.zig	1007	priv		compareUtf16Latin1
src/core/string.zig	1019	priv		compareLength
src/core/string.zig	1025	priv		orderToI32
src/core/string.zig	1034	pub		stringValueLen
src/core/string.zig	1040	pub	inline	stringValueLenUnchecked
src/core/string.zig	1056	pub		init
src/core/string.zig	1061	pub		next
src/core/string.zig	1104	pub		stringValueCodeUnitAt
src/core/string.zig	1112	pub		stringValueCodeUnitAtUnchecked
src/core/string.zig	1150	pub		flatStringsEq
src/core/string.zig	1158	pub	inline	flatStringsEqNear
src/core/string.zig	1182	priv		flatStringsEqMixedWidth
src/core/string.zig	1191	pub		compareStringValues
src/core/string.zig	1244	pub		appendValueUtf8
src/core/string.zig	1259	pub		stringValueContentHash
src/core/string.zig	1277	priv		resolvedSlice
src/core/string.zig	1291	priv		stringValueInfo
src/core/string.zig	1303	priv		createRopeNode
src/core/string.zig	1347	priv		createOwnedRope
src/core/string.zig	1353	priv		addRopeRebalanceLeaf
src/core/string.zig	1396	priv		collectRopeRebalanceLeaves
src/core/string.zig	1416	priv		rebalanceRope
src/core/string.zig	1452	priv		writeTailUnits
src/core/string.zig	1481	priv		tailBufferSeedCapacityFor
src/core/string.zig	1487	priv		tailBufferCapacityFor
src/core/string.zig	1496	pub		createTailBufferRope
src/core/string.zig	1528	pub		appendTailBufferRope
src/core/string.zig	1577	priv		allocRopeNode
src/core/string.zig	1593	priv		copyRopeContent
src/core/string.zig	1600	priv		copyRopeNodeContent
src/core/string.zig	1613	priv		copyRopeValueContent
src/core/string.zig	1623	priv		copyResolvedUnits
src/core/string.zig	1651	pub	inline	metaIsRope
src/core/string.zig	1658	pub		accountedAllocationSizeFromHeader
src/core/string.zig	1683	pub		destroyCellFromHeader
src/core/string.zig	1733	pub		destroyAllStringCarriersForDeinit
src/core/string.zig	1770	pub		sweepExtents
src/core/string.zig	1781	pub		sweepYoungExtents
src/core/string.zig	1789	priv		destroyDeadStringExtent
src/core/string.zig	1842	pub		traceRopeEdges
src/core/string.zig	1861	priv	inline	callVisitStorageCell
src/core/string.zig	1875	priv	inline	callVisitValue
src/core/string.zig	1886	priv		inlineAllocationLayout
src/core/string.zig	1911	priv		finalLatin1AllocationLen
src/core/string.zig	1915	priv		writeLatin1Terminator
src/core/string.zig	1927	pub		foldHash30
src/core/string.zig	1932	pub		hashLatin1
src/core/string.zig	1938	pub		hashUtf16
src/core/string.zig	1944	priv		eqlUtf16Latin1
src/core/string.zig	1957	priv		scanUtf8
src/core/string.zig	1977	priv		decodeUtf8
src/core/string.zig	2008	priv		decodeOne
src/core/string_view.zig	14	pub		JSString
src/core/string_view.zig	31	pub		init
src/core/string_view.zig	39	pub		initCesu8
src/core/string_view.zig	63	pub		fromValue
src/core/string_view.zig	68	pub		fromValueCesu8
src/core/string_view.zig	73	pub		slice
src/core/string_view.zig	77	pub		isBorrowed
src/core/string_view.zig	81	pub		deinit
src/core/string_view.zig	94	pub		fromValue
src/core/string_view.zig	102	pub		value
src/core/string_view.zig	106	pub		units
src/core/string_view.zig	113	pub		toUtf8
src/core/string_view.zig	117	pub		toOwnedUtf8
src/core/string_view.zig	121	pub		toOwnedUtf8Cesu8
src/core/string_view.zig	153	priv		utf8LenLatin1
src/core/string_view.zig	159	priv		utf8LenUtf16
src/core/string_view.zig	175	priv		utf8LenCodeUnit
src/core/string_view.zig	181	priv		writeUtf8CodeUnit
src/core/string_view.zig	185	priv		writeUtf8CodePoint
src/core/symbol.zig	17	pub		description
src/core/symbol.zig	25	pub		registryKey
src/core/symbol.zig	32	pub		canBeHeldWeakly
src/core/typed_array.zig	59	pub		arrayBufferConstruct
src/core/typed_array.zig	64	pub		arrayBufferConstructLength
src/core/typed_array.zig	68	pub		sharedArrayBufferConstructLength
src/core/typed_array.zig	84	pub		sharedArrayBufferFromStore
src/core/typed_array.zig	102	pub		createArrayBufferWithPrototype
src/core/typed_array.zig	117	pub		validateArrayBufferLength
src/core/typed_array.zig	121	pub		arrayBufferByteLength
src/core/typed_array.zig	128	pub		arrayBufferSlice
src/core/typed_array.zig	138	pub		arrayBufferSliceRange
src/core/typed_array.zig	149	pub		arrayBufferSliceToImmutable
src/core/typed_array.zig	159	pub		arrayBufferSliceToImmutableRange
src/core/typed_array.zig	172	pub		arrayBufferTransfer
src/core/typed_array.zig	178	pub		arrayBufferTransferLength
src/core/typed_array.zig	200	pub		arrayBufferTransferToImmutable
src/core/typed_array.zig	206	pub		arrayBufferTransferToImmutableLength
src/core/typed_array.zig	219	pub		sharedArrayBufferSlice
src/core/typed_array.zig	227	pub		sharedArrayBufferSliceRange
src/core/typed_array.zig	236	pub		sharedArrayBufferGrow
src/core/typed_array.zig	247	pub		sharedArrayBufferGrowLength
src/core/typed_array.zig	274	pub		arrayBufferResize
src/core/typed_array.zig	288	pub		arrayBufferResizeLength
src/core/typed_array.zig	304	pub		detachArrayBuffer
src/core/typed_array.zig	322	priv		typedArrayClassIdForKind
src/core/typed_array.zig	340	priv		createTypedArrayInstance
src/core/typed_array.zig	351	pub		typedArrayConstruct
src/core/typed_array.zig	355	pub		typedArrayConstructWithOptions
src/core/typed_array.zig	380	pub		typedArrayConstructFullBuffer
src/core/typed_array.zig	384	pub		typedArrayConstructFullBufferOwned
src/core/typed_array.zig	404	pub		dataViewConstruct
src/core/typed_array.zig	434	pub		typedArrayGetIndex
src/core/typed_array.zig	444	pub		typedArrayCoerceElementValue
src/core/typed_array.zig	449	pub		typedArraySetElement
src/core/typed_array.zig	464	pub		typedArraySetIndex
src/core/typed_array.zig	483	pub		typedArrayFillRange
src/core/typed_array.zig	506	pub		typedArraySetInt32IndexFast
src/core/typed_array.zig	519	pub		typedArrayDefineOwnProperty
src/core/typed_array.zig	543	pub		typedArrayBufferObject
src/core/typed_array.zig	551	pub		dataViewGet
src/core/typed_array.zig	583	pub		dataViewSet
src/core/typed_array.zig	615	pub		dataViewRejectImmutable
src/core/typed_array.zig	621	pub		dataViewRequire
src/core/typed_array.zig	625	pub		dataViewByteLength
src/core/typed_array.zig	629	pub		dataViewByteOffset
src/core/typed_array.zig	634	pub		dataViewValidateConstructorRange
src/core/typed_array.zig	645	pub		dataViewRequireArrayBuffer
src/core/typed_array.zig	649	priv		checkDataViewBounds
src/core/typed_array.zig	672	priv		checkDataViewAttached
src/core/typed_array.zig	678	priv		dataViewEffectiveByteLength
src/core/typed_array.zig	694	priv		dataViewBuffer
src/core/typed_array.zig	698	priv		dataViewKindWidth
src/core/typed_array.zig	712	pub		expectArrayBufferObject
src/core/typed_array.zig	718	pub		expectArrayBufferOnlyObject
src/core/typed_array.zig	724	pub		expectSharedArrayBufferObject
src/core/typed_array.zig	730	pub		expectDataViewObject
src/core/typed_array.zig	738	priv		relativeSliceIndex
src/core/typed_array.zig	762	priv	inline	decodeUint32
src/core/typed_array.zig	771	pub	inline	decodeNumericElement
src/core/typed_array.zig	789	pub	inline	decodeNumericElementByClass
src/core/typed_array.zig	809	pub	inline	writeInt32NumericElementByClass
src/core/typed_array.zig	834	priv		bigIntResult
src/core/typed_array.zig	839	priv		numberValue
src/core/typed_array.zig	845	priv		numberToUint32
src/core/typed_array.zig	853	priv		numberToUint8Clamp
src/core/typed_array.zig	867	priv		coerceNumber
src/core/typed_array.zig	881	priv		float16ToF64
src/core/typed_array.zig	885	priv		f64ToFloat16
src/core/typed_array.zig	901	pub	noinline	readNumericElement
src/core/typed_array.zig	905	pub		readElement
src/core/typed_array.zig	923	pub	inline	writeNumericElement
src/core/typed_array.zig	936	pub	inline	isIntegerNumericKind
src/core/typed_array.zig	950	pub	inline	writeInt32NumericElement
src/core/typed_array.zig	967	priv	noinline	writeTruncatingIntegerElement
src/core/typed_array.zig	980	priv	noinline	writeClampedElement
src/core/typed_array.zig	992	priv	noinline	writeFloatingElement
src/core/typed_array.zig	1005	pub		writeElement
src/core/typed_array.zig	1013	priv		valueToBigInt64Bits
src/core/typed_array.zig	1020	priv		toBigIntValue
src/core/typed_array.zig	1042	priv		toIntegerOrInfinity
src/core/typed_array.zig	1054	pub		toIndexUsize
src/core/typed_array.zig	1064	priv		parseJsNumber
src/core/typed_array.zig	1069	priv		appendValueString
src/core/typed_array_names.zig	38	pub		element
src/core/typed_array_names.zig	45	pub		nameFromKind
src/core/typed_array_names.zig	52	pub		isConcrete
src/core/uri.zig	33	pub		decodeSingleFourByteEscapeUnits
src/core/uri.zig	47	pub		decodeSingleFourByteEscapeUnitsFromAscii
src/core/uri.zig	77	pub		fastHexPair
src/core/uri.zig	83	priv		initFastHexTable
src/core/uri.zig	99	pub		fastHexValue
src/core/value.zig	89	pub	inline	shortBigIntFits
src/core/value.zig	93	priv	inline	make
src/core/value.zig	97	priv	inline	hasTag
src/core/value.zig	101	priv	inline	payloadOf
src/core/value.zig	105	pub		int32
src/core/value.zig	109	pub		float64
src/core/value.zig	113	pub		number
src/core/value.zig	123	pub		boolean
src/core/value.zig	127	pub		shortBigInt
src/core/value.zig	131	pub		bigInt
src/core/value.zig	135	pub		string
src/core/value.zig	139	pub		stringRope
src/core/value.zig	143	pub		symbol
src/core/value.zig	147	pub		object
src/core/value.zig	151	pub		module
src/core/value.zig	155	pub		functionBytecode
src/core/value.zig	159	pub		nullValue
src/core/value.zig	163	pub		undefinedValue
src/core/value.zig	167	pub		uninitialized
src/core/value.zig	171	pub		catchOffset
src/core/value.zig	175	pub		exception
src/core/value.zig	179	pub	inline	tagOf
src/core/value.zig	183	pub		isNumber
src/core/value.zig	187	pub	inline	isInt
src/core/value.zig	191	pub	inline	isFloat64
src/core/value.zig	195	pub		isBigInt
src/core/value.zig	199	pub		isBool
src/core/value.zig	203	pub		isString
src/core/value.zig	207	pub		isSymbol
src/core/value.zig	211	pub		isObject
src/core/value.zig	215	pub		isNull
src/core/value.zig	219	pub		isUndefined
src/core/value.zig	223	pub		isUninitialized
src/core/value.zig	227	pub		isCatchOffset
src/core/value.zig	231	pub		isException
src/core/value.zig	235	pub		isModule
src/core/value.zig	239	pub		isFunctionBytecode
src/core/value.zig	243	pub	inline	requiresRefCount
src/core/value.zig	251	pub		asInt32
src/core/value.zig	260	pub	inline	setInt32AssumeInt
src/core/value.zig	270	pub	inline	trySetInt32FromSlot
src/core/value.zig	280	pub	inline	asInt32Pair
src/core/value.zig	292	pub		asFloat64
src/core/value.zig	297	pub		asNumber
src/core/value.zig	305	pub	inline	asBranchImmediateBool
src/core/value.zig	312	pub		asBool
src/core/value.zig	317	pub		asSymbolAtom
src/core/value.zig	323	pub		asSymbolBody
src/core/value.zig	328	pub		asShortBigInt
src/core/value.zig	339	pub		asInt64
src/core/value.zig	362	pub		asUint64
src/core/value.zig	374	pub		asCatchOffset
src/core/value.zig	382	pub		catchTarget
src/core/value.zig	388	pub		asString
src/core/value.zig	396	pub		asStringBody
src/core/value.zig	410	pub		asStringBodyRaw
src/core/value.zig	418	pub		ropeBody
src/core/value.zig	423	pub		asBytes
src/core/value.zig	428	pub		refHeader
src/core/value.zig	437	pub	inline	refHeaderAssumeObject
src/core/value.zig	444	pub		stringHeader
src/core/value.zig	455	pub	inline	stringHeaderAssumeStringLike
src/core/value.zig	461	pub		objectHeader
src/core/value.zig	470	pub		refCountHeader
src/core/value.zig	481	pub	inline	cycleMarkHeader
src/core/value.zig	489	pub	inline	isTracerOwned
src/core/value.zig	501	pub	inline	loadSlotAsIntPair
src/core/value.zig	510	pub	inline	storeSlotAsIntPair
src/core/value.zig	517	pub		same
src/core/value.zig	526	pub		sameValue
src/core/value.zig	555	pub		sameValueZero
src/core/value.zig	575	priv		numberValue
src/core/value.zig	581	pub		isZeroBigInt
src/core/value.zig	587	priv		isNegativeZero
src/core/value.zig	591	priv		compareStringValues
src/core/value.zig	595	priv		compareBigIntValues
src/core/value.zig	608	priv		bigIntParts
src/core/value.zig	631	priv		payloadFromI32
src/core/value.zig	636	priv		payloadAsI32
src/core/value.zig	641	priv		ptrFromPayload
src/core/value_format.zig	16	pub		formatFiniteNumber
src/core/value_format.zig	24	pub		formatFiniteNumberAssumeCapacity
src/core/value_format.zig	32	pub		cloneBigIntValue
src/core/value_format.zig	43	pub		appendBigIntBase10
src/core/value_format.zig	57	pub		parseJsNumber
src/core/value_format.zig	64	pub		parseAsciiInt
src/core/value_format.zig	70	priv	noinline	parseAsciiIntI128
src/core/value_format.zig	78	pub		parseJsNumberLatin1
src/core/value_format.zig	82	priv		parseJsNumberTrimmed
src/core/value_format.zig	102	priv		formatSimpleFiniteDecimal
src/core/value_format.zig	156	pub		trimJsWhitespace
src/core/value_format.zig	174	pub		trimJsWhitespaceLatin1
src/core/value_format.zig	188	priv	inline	isJsWhitespaceLatin1Byte
src/core/value_format.zig	195	priv		jsWhitespacePrefixLen
src/core/value_format.zig	213	priv		jsWhitespaceSuffixLen
src/core/value_format.zig	230	priv		startsWith
src/core/value_format.zig	234	priv		endsWith
src/core/value_format.zig	244	priv	noinline	parseRadixPrefixedDigits
src/core/value_format.zig	275	priv		hasSignedRadixPrefix
src/core/value_format.zig	280	priv		beginsWithAsciiAlphaAfterSign
src/core/value_semantics.zig	26	pub		objectFromValue
src/core/value_semantics.zig	43	pub	inline	objectFromValueTrustedExpression
src/core/value_semantics.zig	53	pub		expectObject
src/core/value_semantics.zig	57	pub		toBoolean
src/core/value_semantics.zig	73	pub		isHTMLDDA
src/core/value_string.zig	59	pub	noinline	appendValueString
src/core/value_string.zig	91	priv		appendFloat
src/core/value_string.zig	102	priv		appendObjectString
src/core/value_string.zig	132	priv		unsupportedValue
src/core/value_string.zig	143	priv		appendArrayString
src/core/var_ref.zig	47	pub		createClosed
src/core/var_ref.zig	60	pub		createOpen
src/core/var_ref.zig	78	pub		destroyFromHeader
src/core/var_ref.zig	83	pub		freeStruct
src/core/var_ref.zig	91	pub		prepareForRuntimeDeinit
src/core/var_ref.zig	98	pub		valueRef
src/core/var_ref.zig	102	pub		fromValue
src/core/var_ref.zig	115	pub		attachOpenOwner
src/core/var_ref.zig	128	pub		close
src/core/var_ref.zig	141	pub		setVarRefValue
src/core/var_ref.zig	162	pub		varRefValueSlot
src/core/var_ref.zig	166	pub		varRefValue
src/core/var_ref.zig	170	pub		varRefIsConstSlot
src/core/var_ref.zig	174	pub		varRefIsFunctionNameSlot
src/core/var_ref.zig	178	pub		varRefIsDeletableSlot
src/dossier_pad.zig	35	priv		body
src/exec/active_invocation_trace.zig	26	pub		traceRoots
src/exec/active_invocation_trace.zig	34	priv		traceMachine
src/exec/active_invocation_trace.zig	64	priv		traceFrame
src/exec/active_invocation_trace.zig	98	priv		traceStack
src/exec/active_invocation_trace.zig	114	priv		traceEntryExtras
src/exec/array_builtin_ops.zig	29	priv		init
src/exec/array_builtin_ops.zig	43	priv		deinit
src/exec/array_builtin_ops.zig	53	pub		staticMethodId
src/exec/array_builtin_ops.zig	61	pub		prototypeMethodId
src/exec/array_builtin_ops.zig	192	priv		arrayEntry
src/exec/array_builtin_ops.zig	196	priv		arrayPushEntry
src/exec/array_builtin_ops.zig	205	priv		arrayPopEntry
src/exec/array_builtin_ops.zig	209	priv		arraySpliceEntry
src/exec/array_builtin_ops.zig	215	priv		arrayEntryWithHandler
src/exec/array_builtin_ops.zig	269	priv		arrayConstructorEntry
src/exec/array_builtin_ops.zig	284	priv		arrayPrototypeFromGlobal
src/exec/array_builtin_ops.zig	302	priv		arrayCall
src/exec/array_builtin_ops.zig	363	priv		arrayPushCall
src/exec/array_builtin_ops.zig	383	priv		arrayPushDirect
src/exec/array_builtin_ops.zig	415	priv		arrayPushDirectHost
src/exec/array_builtin_ops.zig	435	priv		arraySpliceCall
src/exec/array_builtin_ops.zig	453	priv		arraySpliceDirect
src/exec/array_builtin_ops.zig	478	priv		arraySpliceDirectHost
src/exec/array_builtin_ops.zig	498	priv		arrayPopCall
src/exec/array_builtin_ops.zig	523	pub		construct
src/exec/array_builtin_ops.zig	527	pub		constructConstructorWithPrototype
src/exec/array_builtin_ops.zig	541	pub		constructWithPrototype
src/exec/array_builtin_ops.zig	569	priv		arrayLengthFromNumber
src/exec/array_builtin_ops.zig	584	pub		join
src/exec/array_builtin_ops.zig	604	pub		methodCall
src/exec/array_builtin_ops.zig	612	pub		methodCallInRealm
src/exec/array_builtin_ops.zig	616	priv		methodCallWithRealm
src/exec/array_builtin_ops.zig	695	priv		arrayIterator
src/exec/array_builtin_ops.zig	730	priv		arrayIteratorNext
src/exec/array_builtin_ops.zig	748	priv		arrayIteratorValue
src/exec/array_builtin_ops.zig	766	priv		iteratorResult
src/exec/array_builtin_ops.zig	922	priv		filterEven
src/exec/array_builtin_ops.zig	940	priv		reduceSum
src/exec/array_builtin_ops.zig	951	priv		someEven
src/exec/array_builtin_ops.zig	962	priv		everyPositive
src/exec/array_builtin_ops.zig	979	priv		indexSearch
src/exec/array_builtin_ops.zig	1021	priv		stringSearchValue
src/exec/array_builtin_ops.zig	1035	priv		at
src/exec/array_builtin_ops.zig	1043	priv		slice
src/exec/array_builtin_ops.zig	1060	priv		splice
src/exec/array_builtin_ops.zig	1084	priv		push
src/exec/array_builtin_ops.zig	1092	priv		pop
src/exec/array_builtin_ops.zig	1103	priv		rewriteReversedPair
src/exec/array_builtin_ops.zig	1123	priv		reverse
src/exec/array_builtin_ops.zig	1162	priv		sort
src/exec/array_builtin_ops.zig	1197	priv		lessThan
src/exec/array_builtin_ops.zig	1214	priv		rewriteSortedArray
src/exec/array_builtin_ops.zig	1224	priv		rewriteSortedArrayRooted
src/exec/array_builtin_ops.zig	1243	priv		concat
src/exec/array_builtin_ops.zig	1269	priv		concatAppend
src/exec/array_builtin_ops.zig	1297	priv		expectArrayIteratorTarget
src/exec/array_builtin_ops.zig	1303	priv		arrayIteratorTargetLength
src/exec/array_builtin_ops.zig	1310	priv		createStringValue
src/exec/array_builtin_ops.zig	1315	priv		valuesEqual
src/exec/array_builtin_ops.zig	1333	priv		compareBigIntValues
src/exec/array_builtin_ops.zig	1346	priv		bigIntParts
src/exec/array_builtin_ops.zig	1369	priv		compareStringValues
src/exec/array_builtin_ops.zig	1374	priv		appendValueString
src/exec/array_ops.zig	96	priv		setValuePropertyOrThrow
src/exec/array_ops.zig	118	pub		popCatchMarker
src/exec/array_ops.zig	133	pub		arrayPrototypeFromGlobal
src/exec/array_ops.zig	143	pub		arrayIteratorPrototypeFromContext
src/exec/array_ops.zig	147	pub		isArrayMethodReceiver
src/exec/array_ops.zig	152	pub		pushFunctionClosure
src/exec/array_ops.zig	165	pub		arrayMethodFastCall
src/exec/array_ops.zig	222	pub		arrayPrototypeNativeRecord
src/exec/array_ops.zig	276	pub		buildCallSiteArray
src/exec/array_ops.zig	302	pub		aggregateErrorsIterableToArray
src/exec/array_ops.zig	371	pub		regExpLegacyNoCaptureSliceValue
src/exec/array_ops.zig	388	pub		throwRegExpAccessorTypeError
src/exec/array_ops.zig	400	pub	noinline	createRegExpIndicesArray
src/exec/array_ops.zig	423	pub		constructArrayBufferNativeRecord
src/exec/array_ops.zig	459	pub		typedArrayConstructVm
src/exec/array_ops.zig	510	pub		typedArrayConstructLengthVm
src/exec/array_ops.zig	524	pub		typedArrayConstructBufferVm
src/exec/array_ops.zig	554	pub		typedArrayConstructArrayLikeVm
src/exec/array_ops.zig	600	pub		typedArrayConstructArrayLikeOwnDataFast
src/exec/array_ops.zig	643	pub		typedArrayArrayLikeOwnDataFastPathUsable
src/exec/array_ops.zig	657	pub		typedArrayConstructorPrototypeVm
src/exec/array_ops.zig	674	pub		typedArrayConstructToIndex
src/exec/array_ops.zig	693	pub		arrayBufferConstructWithPrototype
src/exec/array_ops.zig	710	pub		arrayBufferMaxByteLengthOption
src/exec/array_ops.zig	726	pub		typedArrayConstructFromIterable
src/exec/array_ops.zig	825	pub		arrayBufferAccessor
src/exec/array_ops.zig	847	pub		sharedArrayBufferAccessor
src/exec/array_ops.zig	863	pub		arrayBufferIsView
src/exec/array_ops.zig	869	pub		arrayBufferPrototypeNativeRecord
src/exec/array_ops.zig	927	pub		arrayBufferSliceCall
src/exec/array_ops.zig	962	pub		arrayBufferSpeciesConstructor
src/exec/array_ops.zig	988	pub		arrayBufferSliceToImmutableCall
src/exec/array_ops.zig	1004	pub		arrayBufferResizeCall
src/exec/array_ops.zig	1021	pub		sharedArrayBufferGrowCall
src/exec/array_ops.zig	1038	priv		arrayBufferLengthNumber
src/exec/array_ops.zig	1052	pub		arrayBufferTransferCall
src/exec/array_ops.zig	1059	pub		arrayBufferTransferToImmutableCall
src/exec/array_ops.zig	1066	pub		arrayBufferLengthArgument
src/exec/array_ops.zig	1072	pub		relativeSliceIndex
src/exec/array_ops.zig	1105	pub		typedArrayAccessor
src/exec/array_ops.zig	1130	pub		typedArrayNameFromKind
src/exec/array_ops.zig	1134	pub		typedArraySetCall
src/exec/array_ops.zig	1286	pub		typedArraySetElementValue
src/exec/array_ops.zig	1301	pub		addCollectionEntriesFromArray
src/exec/array_ops.zig	1324	pub		arrayAtCall
src/exec/array_ops.zig	1395	priv	inline	arrayIterationModeFromRecordId
src/exec/array_ops.zig	1410	priv	inline	arrayIterationModeIsFind
src/exec/array_ops.zig	1417	pub		arrayIterationCall
src/exec/array_ops.zig	1463	priv	noinline	arrayIterationModeCall
src/exec/array_ops.zig	1603	pub		typedArrayMapFilter
src/exec/array_ops.zig	1686	pub		typedArrayCreateWithLength
src/exec/array_ops.zig	1703	pub		arrayReduceCall
src/exec/array_ops.zig	1802	pub		arrayReduceRightSparseLarge
src/exec/array_ops.zig	1821	priv		lessThan
src/exec/array_ops.zig	1844	pub		arrayMethodTypedArrayLength
src/exec/array_ops.zig	1867	pub		typedArraySearchScan
src/exec/array_ops.zig	2001	priv		searchScanResult
src/exec/array_ops.zig	2006	priv		scanU8
src/exec/array_ops.zig	2020	priv		scanElem
src/exec/array_ops.zig	2037	priv		readFloat
src/exec/array_ops.zig	2043	priv		scanFloat16
src/exec/array_ops.zig	2048	priv		match
src/exec/array_ops.zig	2056	priv		match
src/exec/array_ops.zig	2080	priv		scanFloat
src/exec/array_ops.zig	2085	priv		match
src/exec/array_ops.zig	2109	priv		scanFloatPredicate
src/exec/array_ops.zig	2125	pub		arrayLastIndexSparseLarge
src/exec/array_ops.zig	2146	priv		lessThan
src/exec/array_ops.zig	2157	pub		arrayFirstIndexStart
src/exec/array_ops.zig	2176	pub		arrayLastIndexStart
src/exec/array_ops.zig	2196	pub		arraySliceCall
src/exec/array_ops.zig	2303	pub		typedArraySliceSubarrayCall
src/exec/array_ops.zig	2400	pub		typedArrayConstructorForObject
src/exec/array_ops.zig	2410	pub		typedArraySpeciesConstructorForObject
src/exec/array_ops.zig	2444	priv		fastDenseArraySplice
src/exec/array_ops.zig	2577	pub		arraySpliceCall
src/exec/array_ops.zig	2592	pub		arraySpliceCallImpl
src/exec/array_ops.zig	2715	pub		arrayCopyWithinCall
src/exec/array_ops.zig	2823	pub		arrayFillCall
src/exec/array_ops.zig	2923	pub		arrayPrototypeChainHasNoIndexedProperties
src/exec/array_ops.zig	2933	pub		arrayPushCall
src/exec/array_ops.zig	2955	pub	inline	tryFastArrayPush
src/exec/array_ops.zig	2974	pub		arrayPushCallImpl
src/exec/array_ops.zig	3017	pub		arrayPopCall
src/exec/array_ops.zig	3034	pub		arrayPopCallImpl
src/exec/array_ops.zig	3083	priv		fastDenseArrayPop
src/exec/array_ops.zig	3096	priv		fastEmptyArrayPop
src/exec/array_ops.zig	3105	pub		arrayShiftCall
src/exec/array_ops.zig	3149	priv		fastDenseArrayShift
src/exec/array_ops.zig	3177	priv		fastDenseArrayUnshift
src/exec/array_ops.zig	3233	pub		arrayUnshiftCall
src/exec/array_ops.zig	3289	pub		arrayReverseCall
src/exec/array_ops.zig	3394	pub		arrayUnshiftSparseLarge
src/exec/array_ops.zig	3415	priv		lessThan
src/exec/array_ops.zig	3435	pub	noinline	arrayMoveIndex
src/exec/array_ops.zig	3468	pub	noinline	arrayCopyPresentIndex
src/exec/array_ops.zig	3492	pub		ensureSettableForArrayBuiltin
src/exec/array_ops.zig	3506	pub		ensureLengthWritableForArrayBuiltin
src/exec/array_ops.zig	3513	pub		arrayRelativeIndex
src/exec/array_ops.zig	3521	pub		arrayRelativeIndexFromNumber
src/exec/array_ops.zig	3537	pub		toIntegerOrInfinityForArrayMethod
src/exec/array_ops.zig	3543	pub		arraySpeciesCreate
src/exec/array_ops.zig	3604	pub		arrayHasDefaultSpecies
src/exec/array_ops.zig	3635	pub		defaultArraySpeciesCreate
src/exec/array_ops.zig	3645	pub		arrayConstructorFromGlobal
src/exec/array_ops.zig	3650	pub		arraySpeciesOriginalIsArray
src/exec/array_ops.zig	3667	priv		arraySpeciesConstructorIsForeignIntrinsicArray
src/exec/array_ops.zig	3675	priv		arraySpeciesConstructorIsRealmIntrinsicArray
src/exec/array_ops.zig	3681	pub		arrayFromCall
src/exec/array_ops.zig	3795	priv		fromAsyncStateSet
src/exec/array_ops.zig	3800	priv		fromAsyncStateGet
src/exec/array_ops.zig	3806	priv		fromAsyncStateNumber
src/exec/array_ops.zig	3812	priv		fromAsyncGetMethod
src/exec/array_ops.zig	3837	pub		arrayFromAsyncCall
src/exec/array_ops.zig	3863	priv		fromAsyncStart
src/exec/array_ops.zig	3981	priv		fromAsyncAwait
src/exec/array_ops.zig	3998	priv		fromAsyncContinuation
src/exec/array_ops.zig	4011	pub		arrayFromAsyncContinuationCall
src/exec/array_ops.zig	4041	priv		fromAsyncResume
src/exec/array_ops.zig	4108	priv		fromAsyncOnNextResult
src/exec/array_ops.zig	4155	priv		fromAsyncAdvanceIterIndex
src/exec/array_ops.zig	4177	priv		fromAsyncIterStep
src/exec/array_ops.zig	4194	priv		fromAsyncArrayLikeStep
src/exec/array_ops.zig	4216	priv		fromAsyncDefineElement
src/exec/array_ops.zig	4234	priv		fromAsyncFinish
src/exec/array_ops.zig	4250	priv		fromAsyncReject
src/exec/array_ops.zig	4265	priv		fromAsyncCloseWithError
src/exec/array_ops.zig	4282	priv		fromAsyncCloseWithValue
src/exec/array_ops.zig	4309	pub		typedArrayFromStaticCall
src/exec/array_ops.zig	4354	pub		typedArrayFromIteratorValue
src/exec/array_ops.zig	4390	priv	noinline	fromArrayLikeSource
src/exec/array_ops.zig	4469	pub	inline	typedArrayFromArrayLikeSource
src/exec/array_ops.zig	4484	pub	inline	arrayFromArrayLike
src/exec/array_ops.zig	4499	pub		arrayFromIteratorLike
src/exec/array_ops.zig	4559	pub		arrayOfCall
src/exec/array_ops.zig	4598	pub		isArrayStaticRecord
src/exec/array_ops.zig	4603	pub		arrayPrototypeRecordId
src/exec/array_ops.zig	4633	pub		isArrayPrototypeRecord
src/exec/array_ops.zig	4637	pub		typedArrayOfStaticCall
src/exec/array_ops.zig	4657	priv		createArrayFactoryDataPropertyOrThrow
src/exec/array_ops.zig	4684	pub		createArrayDataOrTypedArrayElement
src/exec/array_ops.zig	4708	pub		typedArrayConstructorObject
src/exec/array_ops.zig	4714	pub		arrayMapCall
src/exec/array_ops.zig	4751	pub		freeEntry
src/exec/array_ops.zig	4764	priv		SortScratch
src/exec/array_ops.zig	4769	priv		acquire
src/exec/array_ops.zig	4774	priv		release
src/exec/array_ops.zig	4789	priv	inline	activate
src/exec/array_ops.zig	4799	priv		deactivate
src/exec/array_ops.zig	4811	pub		arraySortCall
src/exec/array_ops.zig	4972	pub		arraySortCompare
src/exec/array_ops.zig	5021	pub		stableArraySortEntries
src/exec/array_ops.zig	5105	pub		arrayByCopyCall
src/exec/array_ops.zig	5271	pub		typedArrayByCopyCall
src/exec/array_ops.zig	5346	pub		arrayFlatCall
src/exec/array_ops.zig	5412	pub		flattenIntoArray
src/exec/array_ops.zig	5463	pub		createArrayByCopyOutput
src/exec/array_ops.zig	5470	pub		typedArrayCreateSameType
src/exec/array_ops.zig	5483	pub		typedArrayByCopyCoerceValue
src/exec/array_ops.zig	5502	pub		defineArrayByCopyElement
src/exec/array_ops.zig	5511	pub	noinline	arrayCopyIndex
src/exec/array_ops.zig	5528	pub		toIntegerOrInfinityForArrayByCopy
src/exec/array_ops.zig	5543	pub		arrayByCopySortCompare
src/exec/array_ops.zig	5576	priv		arraySortStringKey
src/exec/array_ops.zig	5594	pub		typedArrayDefaultSortCompare
src/exec/array_ops.zig	5621	pub		stableSortTieBreak
src/exec/array_ops.zig	5627	pub		typedArrayOwnKeys
src/exec/array_ops.zig	5660	pub		isTypedArrayInternalOwnKey
src/exec/array_ops.zig	5668	pub		atomicsTypedArray
src/exec/array_ops.zig	5680	pub		atomicsTypedArrayIsBigInt
src/exec/array_ops.zig	5684	pub		uint8ArrayCodecCall
src/exec/array_ops.zig	5770	priv		uint8ArrayCheckOptionsObject
src/exec/array_ops.zig	5775	pub		expectUint8ArrayObject
src/exec/array_ops.zig	5792	pub		uint8ArrayBase64Alphabet
src/exec/array_ops.zig	5814	pub		uint8ArrayBase64LastChunkHandling
src/exec/array_ops.zig	5839	priv	noinline	uint8ArrayBase64NamedOption
src/exec/array_ops.zig	5858	pub		uint8ArrayOmitPadding
src/exec/array_ops.zig	5872	pub		createUint8ArrayFromBytes
src/exec/array_ops.zig	5882	pub		uint8ArrayViewBytes
src/exec/array_ops.zig	5890	pub		uint8ArrayCodecResult
src/exec/array_ops.zig	5898	pub		isTypedArrayPrototypeMethod
src/exec/array_ops.zig	5903	pub		typedArrayStaticMethodId
src/exec/array_ops.zig	5923	pub	noinline	putDenseArrayElementFast
src/exec/array_ops.zig	5956	pub	noinline	putDenseArrayElementOverwriteOwnedFast
src/exec/array_ops.zig	5984	pub	noinline	putDenseArrayElementAppendOwnedFast
src/exec/array_ops.zig	6000	pub		argsFromArray
src/exec/array_ops.zig	6034	pub		init
src/exec/array_ops.zig	6043	pub		deinit
src/exec/array_ops.zig	6057	pub		init
src/exec/array_ops.zig	6066	pub		deinit
src/exec/array_ops.zig	6085	pub		deinit
src/exec/array_ops.zig	6098	priv		takeHeap
src/exec/array_ops.zig	6106	pub		argsFromArrayLike
src/exec/array_ops.zig	6146	pub	inline	len
src/exec/array_ops.zig	6154	pub	inline	copyTo
src/exec/array_ops.zig	6164	pub		fastApplyArgs
src/exec/array_ops.zig	6187	priv		argumentsLengthSlotMatches
src/exec/array_ops.zig	6195	pub		ownedArgsFromArrayLike
src/exec/array_ops.zig	6214	priv		materializeArgsFromArrayLike
src/exec/array_ops.zig	6337	pub		arrayIteratorMethodRecord
src/exec/array_ops.zig	6363	pub		iteratorZipFlattenableRecord
src/exec/array_ops.zig	6381	pub		arrayIteratorNextFast
src/exec/array_ops.zig	6386	pub		arrayPrototypeValuesFromGlobal
src/exec/array_ops.zig	6393	pub		createArrayFromArgs
src/exec/array_ops.zig	6453	pub		arrayLengthAssignmentValue
src/exec/array_ops.zig	6472	pub		typedArrayReflectSetReceiverOwn
src/exec/array_ops.zig	6522	pub		typedArrayPrototypeSet
src/exec/array_ops.zig	6572	pub		arrayJoinCall
src/exec/array_ops.zig	6632	pub		fastDensePrimitiveArrayJoin
src/exec/array_ops.zig	6666	pub		canFastJoinPrimitive
src/exec/array_ops.zig	6675	pub		objectEntryArrayValue
src/exec/array_ops.zig	6780	pub		typedArrayValidateConstructArgsPreAllocate
src/exec/array_ops.zig	6802	pub		arrayLengthDefineValue
src/exec/array_ops.zig	6814	pub		typedArrayCanonicalGet
src/exec/array_ops.zig	6822	pub		typedArrayCanonicalOwnDescriptor
src/exec/array_ops.zig	6844	pub		typedArrayCanonicalIndexExists
src/exec/array_ops.zig	6857	pub		coerceTypedArrayElementInput
src/exec/array_ops.zig	6869	pub		coerceTypedArrayElementForSet
src/exec/array_ops.zig	6881	pub		typedArrayDefineOwnPropertyVm
src/exec/array_ops.zig	6917	pub		typedArrayCanonicalSet
src/exec/array_ops.zig	6942	pub		typedArrayCanonicalHas
src/exec/array_ops.zig	6954	pub		typedArrayCanonicalDelete
src/exec/array_ops.zig	6968	pub		decodeHexBytes
src/exec/array_ops.zig	6981	pub		decodeHexInto
src/exec/array_ops.zig	6995	pub		encodeHexBytes
src/exec/array_ops.zig	7005	pub		hexNibble
src/exec/array_ops.zig	7014	pub		decodeBase64Bytes
src/exec/array_ops.zig	7026	pub		decodeBase64Into
src/exec/array_ops.zig	7037	pub		decodeBase64Internal
src/exec/array_ops.zig	7108	pub		decodeBase64Chunk
src/exec/array_ops.zig	7165	pub		encodeBase64Bytes
src/exec/array_ops.zig	7191	pub		base64Value
src/exec/array_ops.zig	7209	pub		lengthIndexValue
src/exec/array_ops.zig	7228	pub		deinit
src/exec/async_completion.zig	24	pub		begin
src/exec/async_completion.zig	45	pub		at
src/exec/async_completion.zig	53	pub		release
src/exec/async_completion.zig	58	pub		trace
src/exec/async_completion.zig	66	pub		deinit
src/exec/async_generator.zig	63	priv		state
src/exec/async_generator.zig	67	priv		setState
src/exec/async_generator.zig	75	priv		pushRequest
src/exec/async_generator.zig	101	priv		takeHeadRequest
src/exec/async_generator.zig	116	priv		settleHead
src/exec/async_generator.zig	144	priv		resolveHead
src/exec/async_generator.zig	161	priv		complete
src/exec/async_generator.zig	173	priv		resolveFunction
src/exec/async_generator.zig	189	priv		asyncGeneratorAwait
src/exec/async_generator.zig	208	priv		completedReturn
src/exec/async_generator.zig	253	priv		resumeBodyValue
src/exec/async_generator.zig	288	priv		execBody
src/exec/async_generator.zig	386	pub		resumeNext
src/exec/async_generator.zig	467	pub		asyncGeneratorEnqueue
src/exec/async_generator.zig	502	pub		asyncGeneratorResolveFunctionCall
src/exec/atomics_ops.zig	35	pub		methodId
src/exec/atomics_ops.zig	73	priv		atomicsEntry
src/exec/atomics_ops.zig	89	priv		atomicsCall
src/exec/atomics_ops.zig	150	pub		atomicsCallForNativeRecord
src/exec/atomics_ops.zig	179	pub		atomicsIsLockFree
src/exec/atomics_ops.zig	192	pub		atomicsPause
src/exec/atomics_ops.zig	213	pub		atomicsReadModifyWrite
src/exec/atomics_ops.zig	253	pub		atomicsStore
src/exec/atomics_ops.zig	286	pub		atomicsNotify
src/exec/atomics_ops.zig	308	pub		atomicsWait
src/exec/atomics_ops.zig	343	pub		atomicsNotifyCount
src/exec/atomics_ops.zig	359	pub		atomicsWaitTimeoutMilliseconds
src/exec/atomics_ops.zig	365	pub		atomicsWaiterKey
src/exec/atomics_ops.zig	377	pub		atomicsWaiterKeysEqual
src/exec/atomics_ops.zig	381	pub		atomicsRetainWaiterKey
src/exec/atomics_ops.zig	385	pub		atomicsReleaseWaiterKey
src/exec/atomics_ops.zig	392	pub		atomicsWakeWaiters
src/exec/atomics_ops.zig	424	pub		processExpiredAtomicsWaiters
src/exec/atomics_ops.zig	490	priv		atomicsAsyncWaiterRuntime
src/exec/atomics_ops.zig	499	pub		atomicsRuntimeHasPendingAsyncWaiters
src/exec/atomics_ops.zig	516	pub		waitForAtomicsHostSignalUntil
src/exec/atomics_ops.zig	558	pub		runNextAtomicsHostCompletion
src/exec/atomics_ops.zig	568	pub		cleanupAtomicsWaitersForContext
src/exec/atomics_ops.zig	599	pub		atomicsWaitForNotification
src/exec/atomics_ops.zig	630	pub		atomicsLinkWaiter
src/exec/atomics_ops.zig	642	pub		atomicsUnlinkWaiter
src/exec/atomics_ops.zig	683	priv		run
src/exec/atomics_ops.zig	761	priv		trigger
src/exec/atomics_ops.zig	800	pub		atomicsWaiterIo
src/exec/atomics_ops.zig	804	pub		atomicsValidateAccess
src/exec/atomics_ops.zig	819	pub		atomicsValidateIndex
src/exec/atomics_ops.zig	831	pub		atomicsGetBufIndex
src/exec/atomics_ops.zig	852	pub		atomicsRevalidateIndex
src/exec/atomics_ops.zig	857	pub		atomicsElementBytes
src/exec/atomics_ops.zig	870	pub		atomicsReadBits
src/exec/atomics_ops.zig	882	pub		atomicsWriteBits
src/exec/atomics_ops.zig	898	priv		atomicsRmwTyped
src/exec/atomics_ops.zig	922	pub		atomicsReadModifyWriteBits
src/exec/atomics_ops.zig	938	pub		atomicsMaskBits
src/exec/atomics_ops.zig	947	pub		atomicsValueFromBits
src/exec/atomics_ops.zig	961	pub		toIndexForAtomics
src/exec/atomics_ops.zig	977	pub		toNumberForAtomics
src/exec/atomics_ops.zig	993	pub		toInt32ForAtomics
src/exec/atomics_ops.zig	1005	pub		toInt32BitsForAtomics
src/exec/atomics_ops.zig	1017	pub		toUint32ForAtomics
src/exec/atomics_ops.zig	1033	pub		toIntegerValueForAtomics
src/exec/atomics_ops.zig	1047	pub		uint32FromIntegerValueForAtomics
src/exec/atomics_ops.zig	1057	pub		toBigIntValueForAtomics
src/exec/atomics_ops.zig	1073	pub		toBigIntBitsForAtomics
src/exec/atomics_ops.zig	1085	pub		atomicsNumberResult
src/exec/atomics_ops.zig	1092	pub		bigintBitsForAtomics
src/exec/atomics_ops.zig	1101	pub		atomicsDestroyAsyncWaiter
src/exec/atomics_ops.zig	1110	pub		atomicsDestroyAsyncWaiterOpaque
src/exec/atomics_ops.zig	1120	pub		atomicsRunAsyncWaiterCompletion
src/exec/atomics_ops.zig	1169	pub		atomicsWaitAsync
src/exec/atomics_ops.zig	1231	pub		atomicsLinkAsyncWaiter
src/exec/atomics_ops.zig	1241	priv		installWaitAsyncRootAdapter
src/exec/atomics_ops.zig	1247	priv		traceWaitAsyncRoots
src/exec/atomics_ops.zig	1290	pub		atomicsWaitAsyncResult
src/exec/atomics_ops.zig	1337	pub		atomicsWaitAsyncPromise
src/exec/atomics_wait.zig	28	pub		isLockFree
src/exec/buffer_ops.zig	39	pub		uint8ArrayStaticMethodId
src/exec/buffer_ops.zig	45	pub		uint8ArrayPrototypeMethodId
src/exec/buffer_ops.zig	67	pub		staticMethodId
src/exec/buffer_ops.zig	72	pub		arrayBufferPrototypeMethodId
src/exec/buffer_ops.zig	82	pub		sharedArrayBufferPrototypeMethodId
src/exec/buffer_ops.zig	88	pub		dataViewPrototypeMethodId
src/exec/buffer_ops.zig	200	priv		bufferEntry
src/exec/buffer_ops.zig	216	priv		bufferCall
src/exec/buffer_ops.zig	227	priv		codecEntry
src/exec/buffer_ops.zig	245	priv		uint8ArrayCodecCall
src/exec/buffer_ops.zig	291	pub		byteLength
src/exec/buffer_ops.zig	295	pub		detach
src/exec/buffer_ops.zig	302	pub		arrayBufferConstruct
src/exec/builtin_dispatch.zig	32	pub	inline	nativeToBits
src/exec/builtin_dispatch.zig	36	pub	inline	nativeFromBits
src/exec/builtin_dispatch.zig	40	pub	inline	nativeExc
src/exec/builtin_dispatch.zig	45	pub	inline	nativeIsExc
src/exec/builtin_dispatch.zig	54	pub	noinline	nativeFromHostError
src/exec/builtin_dispatch.zig	76	priv		installNativeExceptionFallback
src/exec/builtin_dispatch.zig	99	pub	inline	nativeHostError
src/exec/builtin_dispatch.zig	108	priv	inline	sentinelToHost
src/exec/builtin_dispatch.zig	114	pub	inline	hostResultToValue
src/exec/builtin_dispatch.zig	121	pub	inline	hostErrorToValue
src/exec/builtin_dispatch.zig	132	pub	noinline	embedderErrorToValue
src/exec/builtin_dispatch.zig	149	priv		embedderErrorInfo
src/exec/builtin_dispatch.zig	173	pub	inline	vmCallerView
src/exec/builtin_dispatch.zig	207	pub		caller
src/exec/builtin_dispatch.zig	214	pub		cFunction
src/exec/builtin_dispatch.zig	234	pub		finalCallableRealmView
src/exec/builtin_dispatch.zig	251	priv		finalCallEnvironment
src/exec/builtin_dispatch.zig	293	pub	inline	activeNativeEnvironment
src/exec/builtin_dispatch.zig	300	pub	inline	nativeCall
src/exec/builtin_dispatch.zig	327	pub	inline	callableRealm
src/exec/builtin_dispatch.zig	331	pub		genericMagicFunction
src/exec/builtin_dispatch.zig	335	pub		constructorOrFunctionMagic
src/exec/builtin_dispatch.zig	339	pub		constructorMagic
src/exec/builtin_dispatch.zig	347	priv		resolveNativeBacktrace
src/exec/builtin_dispatch.zig	369	pub		init
src/exec/builtin_dispatch.zig	378	pub		push
src/exec/builtin_dispatch.zig	388	pub		deinit
src/exec/builtin_dispatch.zig	399	pub	inline	preflightCFunctionCall
src/exec/builtin_dispatch.zig	411	pub	inline	preflightCFunctionCallAssumeCFunction
src/exec/builtin_dispatch.zig	430	pub	inline	preflightInternalRecordCFunction
src/exec/builtin_dispatch.zig	443	priv	noinline	throwCFunctionStackOverflow
src/exec/builtin_dispatch.zig	457	pub		materializeRuntimeError
src/exec/builtin_dispatch.zig	499	pub		callInternalRecord
src/exec/builtin_dispatch.zig	521	pub	inline	callInternalRecordDirect
src/exec/builtin_dispatch.zig	541	pub	inline	callInternalRecordDirectInRealm
src/exec/builtin_dispatch.zig	561	priv	inline	callInternalRecordDirectWithEnvironment
src/exec/builtin_dispatch.zig	608	pub	inline	callRecordFromVmInRealm
src/exec/builtin_dispatch.zig	662	pub	inline	callManagedFromWindow
src/exec/builtin_dispatch.zig	687	pub	inline	callGetterFromWindow
src/exec/builtin_dispatch.zig	710	pub	inline	callMethodManagedFromWindow
src/exec/builtin_dispatch.zig	732	priv	noinline	callRecordWithEnvironment
src/exec/builtin_dispatch.zig	763	priv	inline	invokeResolvedInternalRecord
src/exec/builtin_dispatch.zig	774	priv	noinline	callTypedInternalRecordDirect
src/exec/builtin_dispatch.zig	803	priv	inline	invokeEntry
src/exec/builtin_dispatch.zig	850	pub	inline	nativeReceiverSelf
src/exec/builtin_dispatch.zig	859	pub	noinline	throwNativeReceiverTypeError
src/exec/builtin_dispatch.zig	871	pub		nativeReceiverSelfOrThrow
src/exec/builtin_dispatch.zig	879	pub	inline	marshalI32
src/exec/builtin_dispatch.zig	884	pub	inline	marshalF64
src/exec/builtin_dispatch.zig	891	pub		throwTypeErrorSentinel
src/exec/builtin_dispatch.zig	900	priv	inline	invokeNativeMethodLeafFast
src/exec/builtin_dispatch.zig	946	priv	noinline	invokeMethodLeafMiss
src/exec/builtin_dispatch.zig	959	pub	inline	invokeTypedGetterFast
src/exec/builtin_dispatch.zig	978	pub	inline	invokeTypedSetterFast
src/exec/builtin_dispatch.zig	996	priv		invokeTypedGetter
src/exec/builtin_dispatch.zig	1001	priv		invokeTypedSetter
src/exec/builtin_dispatch.zig	1009	pub	noinline	throwTypedSetterValueTypeError
src/exec/builtin_dispatch.zig	1021	pub		tryNativeAccessorCall
src/exec/builtin_dispatch.zig	1045	pub	inline	nativeAccessorTarget
src/exec/builtin_dispatch.zig	1056	pub		callNativeAccessorTarget
src/exec/builtin_dispatch.zig	1084	pub	inline	invokeLeafFastEntry
src/exec/builtin_dispatch.zig	1092	pub	noinline	invokeMethodLeafFastEntry
src/exec/builtin_dispatch.zig	1102	priv	inline	invokeMethodLeafFast
src/exec/builtin_dispatch.zig	1130	priv	inline	leafStringReceiver
src/exec/builtin_dispatch.zig	1142	priv	inline	leafCodeUnitString
src/exec/builtin_dispatch.zig	1157	priv	inline	invokeLeafFast
src/exec/builtin_dispatch.zig	1216	priv	inline	leafI32Arg
src/exec/builtin_dispatch.zig	1231	priv	inline	leafF64Arg
src/exec/builtin_dispatch.zig	1238	priv	noinline	invokeLeafFallback
src/exec/builtin_dispatch.zig	1252	priv	inline	primitiveF64Arg
src/exec/builtin_dispatch.zig	1277	pub		callConstructRecord
src/exec/builtin_dispatch.zig	1295	pub		callConstructRecordInNativeScope
src/exec/builtin_dispatch.zig	1310	priv		callConstructRecordImpl
src/exec/builtin_dispatch.zig	1364	pub		isConstructRecordRef
src/exec/builtin_dispatch.zig	1370	pub		callerBytecode
src/exec/builtin_dispatch.zig	1375	pub		callerFrame
src/exec/builtin_dispatch.zig	1384	pub		callerResultIsDropped
src/exec/builtin_glue.zig	54	pub		numberFunctionCall
src/exec/builtin_glue.zig	67	pub		bigIntFunctionCall
src/exec/builtin_glue.zig	91	pub		bigIntAsN
src/exec/builtin_glue.zig	123	pub		toBigIntFromPrimitive
src/exec/builtin_glue.zig	134	pub		globalIsNaNOrFinite
src/exec/builtin_glue.zig	158	pub		toNumberLikeArgument
src/exec/builtin_glue.zig	170	pub		globalParseInt
src/exec/builtin_glue.zig	194	pub		globalParseFloat
src/exec/builtin_glue.zig	221	pub		arrayNativeRecord
src/exec/builtin_glue.zig	241	pub		bufferNativeRecord
src/exec/builtin_glue.zig	302	pub		dataViewConstructorArgs
src/exec/builtin_glue.zig	326	pub		dataViewAccessor
src/exec/builtin_glue.zig	341	pub		dataViewGetCall
src/exec/builtin_glue.zig	357	pub		dataViewSetCall
src/exec/builtin_glue.zig	375	pub		dataViewSetCoerceValue
src/exec/builtin_glue.zig	389	pub		errorIsError
src/exec/builtin_glue.zig	412	priv		weakRefEntry
src/exec/builtin_glue.zig	427	priv		weakRefCall
src/exec/builtin_glue.zig	445	pub		weakRefDerefCall
src/exec/builtin_glue.zig	451	pub		finalizationRegistryRegister
src/exec/builtin_glue.zig	467	pub		finalizationRegistryUnregister
src/exec/builtin_glue.zig	475	pub		finalizationRegistryAppendCell
src/exec/builtin_glue.zig	485	pub		symbolFor
src/exec/builtin_glue.zig	502	pub		symbolKeyFor
src/exec/builtin_glue.zig	511	pub		createDataFunction
src/exec/builtin_glue.zig	516	pub		constructCollectionFromVm
src/exec/builtin_glue.zig	529	pub		addCollectionEntriesFromIterator
src/exec/builtin_glue.zig	612	pub		callCollectionAdderFromVm
src/exec/builtin_glue.zig	627	pub		functionConstructorFromGlobal
src/exec/builtin_glue.zig	633	pub		storeRealmValue
src/exec/builtin_glue.zig	643	pub	inline	defineNativeDataMethod
src/exec/builtin_glue.zig	650	pub	inline	defineNativeDataMethodWithNativeId
src/exec/builtin_glue.zig	654	priv	noinline	defineNativeDataMethodMaybeId
src/exec/builtin_glue.zig	678	pub	noinline	defineStampedNativeDataMethod
src/exec/builtin_glue.zig	703	pub		defineNativeDataMethodNamedWithNativeId
src/exec/call.zig	42	priv		hostResult
src/exec/call.zig	49	pub		restoreEvalGlobalLexicals
src/exec/call.zig	63	pub		hostGlobalOwnPropertyCapacity
src/exec/call.zig	67	pub		contextGlobalOwnPropertyCapacity
src/exec/call.zig	71	pub		installHostGlobals
src/exec/call.zig	87	priv		defineConsoleObject
src/exec/call.zig	107	priv		outputHostThunk
src/exec/call.zig	124	pub		callValue
src/exec/call.zig	133	pub		callValueWithThis
src/exec/call.zig	143	pub		callValueWithThisAndGlobals
src/exec/call.zig	154	pub		callValueWithThisGlobalsAndGlobal
src/exec/call.zig	273	priv		hostFunctionRecordFromId
src/exec/call.zig	278	priv		callHostFunction
src/exec/call.zig	318	pub		callHostFunctionObjectForVm
src/exec/call.zig	333	priv		hostFunctionCanDispatchFromVmWithoutGlobals
src/exec/call.zig	337	priv		definePredefinedHostEntryFunction
src/exec/call.zig	357	priv		predefinedStringAtom
src/exec/call.zig	361	pub		defineObjectProperty
src/exec/call.zig	365	priv		defineGlobalThisProperty
src/exec/call.zig	369	priv		defineConstantPropertyAssumingNew
src/exec/call.zig	374	priv		defineNumberConstantPropertyAssumingNew
src/exec/call.zig	382	priv		promiseObjectFromValue
src/exec/call.zig	388	pub		expectCallableObject
src/exec/call.zig	401	priv		promiseResolvingFunctionCall
src/exec/call.zig	413	priv		promiseCapabilityExecutorCall
src/exec/call.zig	436	priv		promiseCombinatorElementCall
src/exec/call.zig	496	pub		activeGlobalObject
src/exec/call.zig	502	priv		createPromiseBuiltinFunction
src/exec/call.zig	508	priv		createPromiseCapability
src/exec/call.zig	583	priv		installTestStandardRealm
src/exec/call.zig	625	pub		getValuePropertyViaGlobalSlots
src/exec/call.zig	654	priv		getValuePropertyProxyAware
src/exec/call.zig	668	priv		hasOwnPropertyProxyAware
src/exec/call.zig	683	priv		setArrayIndex
src/exec/call.zig	691	pub	noinline	createPromiseSettlementRecord
src/exec/call.zig	729	priv		createPromiseAggregateError
src/exec/call.zig	746	priv		createPromiseCombinatorState
src/exec/call.zig	808	priv		callNativeBuiltin
src/exec/call.zig	824	pub		callNativeFunctionRecord
src/exec/call.zig	867	pub		callHostGlobalNativeFunctionRecord
src/exec/call.zig	905	pub		functionBindCall
src/exec/call.zig	919	pub		createRealmObject
src/exec/call.zig	959	pub		callObjectStatic
src/exec/call.zig	1162	priv		objectStaticToObjectValue
src/exec/call.zig	1185	priv		objectAssignGet
src/exec/call.zig	1203	priv		objectAssignSet
src/exec/call.zig	1251	priv		objectIsSealed
src/exec/call.zig	1262	priv		objectIsFrozen
src/exec/call.zig	1277	pub		objectPrototypeMethodCall
src/exec/call.zig	1307	priv		objectPrototypeToString
src/exec/call.zig	1318	priv		objectPrototypeValueOf
src/exec/call.zig	1322	priv		objectPrototypeHasOwn
src/exec/call.zig	1332	priv		objectPrototypePropertyIsEnumerable
src/exec/call.zig	1342	priv		objectPrototypeIsPrototypeOf
src/exec/call.zig	1354	priv		objectPrototypeDefineAccessor
src/exec/call.zig	1374	priv		objectPrototypeLookupAccessor
src/exec/call.zig	1389	pub		isCallableObjectValue
src/exec/call.zig	1399	pub		primitiveWrapper
src/exec/call.zig	1442	priv		primitivePrototypeFromGlobal
src/exec/call.zig	1458	priv		defineDataPropertyWithFlags
src/exec/call.zig	1470	priv		boundFunctionNameValue
src/exec/call.zig	1480	priv		boundFunctionLengthValue
src/exec/call.zig	1491	priv		createBoundFunction
src/exec/call.zig	1637	priv		trigger
src/exec/call.zig	1714	priv		trigger
src/exec/call.zig	1784	priv		callBoundFunction
src/exec/call.zig	1799	priv		objectToString
src/exec/call.zig	1817	priv		defaultObjectTag
src/exec/call.zig	1846	pub		nativeFunctionName
src/exec/call.zig	1854	pub		nativeFunctionNameForVm
src/exec/call.zig	1872	pub		deinit
src/exec/call.zig	1893	pub		nativeFunctionNameForVmBorrowed
src/exec/call.zig	1905	pub		nativeFunctionNameForVmEquals
src/exec/call.zig	1915	pub		functionToStringValue
src/exec/call.zig	1954	pub		nativeFunctionDispatchNameRef
src/exec/call.zig	1977	priv		stringLatin1BytesRef
src/exec/call.zig	1985	priv		nativeFunctionDispatchName
src/exec/call.zig	1999	priv		nativeFunctionNameValue
src/exec/call.zig	2010	priv		functionBytecodeToStringValue
src/exec/call.zig	2023	priv		nativeFunctionSourceValue
src/exec/call.zig	2037	priv		appendNativeFunctionSourceName
src/exec/call.zig	2047	priv		nativeFunctionSourceName
src/exec/call.zig	2060	priv		isNativeFunctionPropertyName
src/exec/call.zig	2070	priv		isUnicodeIdentifierName
src/exec/call.zig	2086	priv		isNativeFunctionComputedPropertyName
src/exec/call.zig	2121	priv		isFunctionToStringCallable
src/exec/call.zig	2130	pub		thisObject
src/exec/call.zig	2138	pub		constructorPrototype
src/exec/call.zig	2143	priv		hostOutputValues
src/exec/call.zig	2168	priv		hostCallOutput
src/exec/call.zig	2172	pub		runNextOsSignalHandler
src/exec/call.zig	2179	priv		globalBtoa
src/exec/call.zig	2192	priv		globalAtob
src/exec/call.zig	2211	priv		stringToLatin1Bytes
src/exec/call.zig	2234	priv		throwInvalidCharacter
src/exec/call.zig	2241	priv		createDOMExceptionValue
src/exec/call.zig	2254	priv		globalQueueMicrotask
src/exec/call.zig	2262	priv		globalGc
src/exec/call.zig	2267	priv		materializeMappedArgumentsDescriptorValue
src/exec/call.zig	2283	pub		materializeMappedArgumentsDescriptorValueForVm
src/exec/call.zig	2292	pub		descriptorFromObjectBare
src/exec/call.zig	2324	priv		descriptorObject
src/exec/call.zig	2379	priv		expectedHas
src/exec/call.zig	2383	priv		expectedValue
src/exec/call.zig	2387	priv		optionalBoolProperty
src/exec/call.zig	2393	priv		definePropertiesFromObject
src/exec/call.zig	2410	priv		atomFromPropertyKey
src/exec/call.zig	2414	priv		defineBoolProperty
src/exec/call.zig	2420	pub		errorNameMatchesConstructor
src/exec/call.zig	2429	priv		isFunctionClass
src/exec/call.zig	2463	pub		evalGlobalScriptSource
src/exec/call_runtime.zig	77	pub		execCall
src/exec/call_runtime.zig	130	pub		popOwnedStackRegion
src/exec/call_runtime.zig	139	pub	noinline	handleCatchableRuntimeError
src/exec/call_runtime.zig	157	pub		tryCatchInFrame
src/exec/call_runtime.zig	206	pub		callValueOrBytecodeRoot
src/exec/call_runtime.zig	263	pub		coerceCallThis
src/exec/call_runtime.zig	280	pub		callNativeBuiltinRecordForVm
src/exec/call_runtime.zig	323	pub		throwRuntimeErrorForGlobal
src/exec/call_runtime.zig	335	pub		callValueOrBytecodeRootPreRooted
src/exec/call_runtime.zig	351	pub		callValueOrBytecodeRootPreRootedInternal
src/exec/call_runtime.zig	366	pub		callValueOrBytecodeRootPreRootedAfterInterruptPoll
src/exec/call_runtime.zig	394	priv		init
src/exec/call_runtime.zig	424	priv		initTakeArgs
src/exec/call_runtime.zig	453	priv		deinit
src/exec/call_runtime.zig	474	priv	inline	resolveSyncInlineRoute
src/exec/call_runtime.zig	505	priv	noinline	runSyncInlineRouteMoved
src/exec/call_runtime.zig	536	pub	inline	runSyncInlineRouteCopiedArgs
src/exec/call_runtime.zig	579	priv	noinline	runSyncInlineRouteMovedArgs
src/exec/call_runtime.zig	607	pub	noinline	runSyncInlineRouteOwnedCopy
src/exec/call_runtime.zig	630	priv	noinline	runSyncInlineRouteOwnedArgsGeneral
src/exec/call_runtime.zig	655	pub	inline	callValueOrBytecodeSyncInternal
src/exec/call_runtime.zig	708	pub	noinline	callValueOrBytecodeSyncInternalOutlined
src/exec/call_runtime.zig	736	pub	inline	callOwnedArgsValueOrBytecodeSyncInternal
src/exec/call_runtime.zig	788	priv		collectionPrototypeMethodByName
src/exec/call_runtime.zig	836	priv		vmNativeCallableDispatch
src/exec/call_runtime.zig	867	pub		callInternalCallableByTag
src/exec/call_runtime.zig	893	priv	noinline	callRawFunctionBytecode
src/exec/call_runtime.zig	925	priv	noinline	callFunctionObjectBytecode
src/exec/call_runtime.zig	944	priv	noinline	callNativeCallableObject
src/exec/call_runtime.zig	1006	priv		callValueOrBytecodeDispatch
src/exec/call_runtime.zig	1021	pub		callValueOrBytecodeDispatchAfterInterruptPoll
src/exec/call_runtime.zig	1068	priv	noinline	callNativeCallableByName
src/exec/call_runtime.zig	1454	priv		trigger
src/exec/call_runtime.zig	1521	pub		functionHasInstanceCall
src/exec/call_runtime.zig	1534	pub		ordinaryHasInstance
src/exec/call_runtime.zig	1588	pub		functionCallCall
src/exec/call_runtime.zig	1613	pub		functionApplyCall
src/exec/call_runtime.zig	1645	priv	noinline	throwApplyTypeError
src/exec/call_runtime.zig	1655	priv	noinline	functionApplyArrayLike
src/exec/call_runtime.zig	1695	pub		constructValueOrBytecode
src/exec/call_runtime.zig	1743	pub		constructArrayNativeRecordVm
src/exec/call_runtime.zig	1765	priv		constructBuiltinNativeRecordVm
src/exec/call_runtime.zig	1779	priv		constructStringBuiltinNativeVm
src/exec/call_runtime.zig	1801	priv		constructStringBuiltinNativeInScope
src/exec/call_runtime.zig	1821	priv		constructDateBuiltinNativeVm
src/exec/call_runtime.zig	1847	priv		constructPromiseNativeVm
src/exec/call_runtime.zig	1871	priv		constructDateBuiltinNativeInScope
src/exec/call_runtime.zig	1919	pub		constructValueOrBytecodeWithNewTarget
src/exec/call_runtime.zig	1945	pub		constructValueOrBytecodeWithNewTargetInternal
src/exec/call_runtime.zig	1988	priv		ownConstructorPrototypeData
src/exec/call_runtime.zig	1997	pub		resolveSameMachineConstructor
src/exec/call_runtime.zig	2022	pub		resolveSameMachineSpreadConstructor
src/exec/call_runtime.zig	2062	pub		prepareSameMachineConstructorAfterFirstPoll
src/exec/call_runtime.zig	2122	priv		constructOrdinaryBytecodeFunctionObject
src/exec/call_runtime.zig	2149	priv		constructValueOrBytecodeWithNewTargetMode
src/exec/call_runtime.zig	2168	priv		constructValueOrBytecodeWithNewTargetAfterInterruptPoll
src/exec/call_runtime.zig	2407	priv		constructExternalHostFunction
src/exec/call_runtime.zig	2527	pub		isBuiltinConstructorName
src/exec/call_runtime.zig	2561	pub		createConstructorInstance
src/exec/call_runtime.zig	2576	priv		createBytecodeConstructorInstance
src/exec/call_runtime.zig	2606	priv		createProfiledConstructorInstance
src/exec/call_runtime.zig	2624	pub		noteConstructorAllocation
src/exec/call_runtime.zig	2640	pub		functionRealmContext
src/exec/call_runtime.zig	2668	pub		functionRealmGlobal
src/exec/call_runtime.zig	2673	pub		assertThrows
src/exec/call_runtime.zig	2701	priv		callAssertThrowsCallback
src/exec/call_runtime.zig	2712	pub		collectIteratorValues
src/exec/call_runtime.zig	2755	pub		getIteratorMethod
src/exec/call_runtime.zig	2765	pub		cacheIteratorNextMethod
src/exec/call_runtime.zig	2779	pub		appendIteratorValues
src/exec/call_runtime.zig	2827	pub		appendSpreadValuesEnumerate
src/exec/call_runtime.zig	2927	pub		isCallableValue
src/exec/call_runtime.zig	2934	pub		isIteratorIdentityFunction
src/exec/call_runtime.zig	2939	pub		globalLexicalEnv
src/exec/call_runtime.zig	2952	pub		existingGlobalLexicalEnv
src/exec/call_runtime.zig	2958	pub		existingGlobalLexicalEnvForGlobal
src/exec/call_runtime.zig	2967	pub		globalLexicalHasForGlobal
src/exec/call_runtime.zig	2976	pub		globalLexicalCell
src/exec/call_runtime.zig	2993	pub		selectOrdinaryGlobalClosureCell
src/exec/call_runtime.zig	3025	priv		globalUninitializedVarsEnv
src/exec/call_runtime.zig	3037	pub		globalObjectGetUninitializedVar
src/exec/call_runtime.zig	3056	pub		globalObjectFindUninitializedVar
src/exec/call_runtime.zig	3074	pub		ensureGlobalObjectVarRefCell
src/exec/call_runtime.zig	3138	pub		defineGlobalDeclVarCell
src/exec/call_runtime.zig	3179	pub		ensureGlobalLexicalCell
src/exec/call_runtime.zig	3248	pub		globalLexicalValueForGlobal
src/exec/call_runtime.zig	3256	pub		defineGlobalLexicalValue
src/exec/call_runtime.zig	3269	pub		defineGlobalDeclLexicalCell
src/exec/call_runtime.zig	3290	pub		setGlobalLexicalValueForGlobal
src/exec/call_runtime.zig	3303	pub		setGlobalLexicalValueForFastPathOwned
src/exec/call_runtime.zig	3309	pub		initializeGlobalLexicalValue
src/exec/call_runtime.zig	3336	priv		varDefIsEvalHoistedVar
src/exec/call_runtime.zig	3343	pub		indirectEval
src/exec/call_runtime.zig	3426	pub		isSimpleIdentifierName
src/exec/call_runtime.zig	3441	pub		trigger
src/exec/call_runtime.zig	3456	pub		freeArgs
src/exec/call_runtime.zig	3488	priv		trigger
src/exec/call_runtime.zig	3531	pub		callFunctionBytecodeConstruct
src/exec/call_runtime.zig	3561	pub		callFunctionBytecodeModeState
src/exec/call_runtime.zig	3622	priv		callFunctionBytecodeModeStateAfterInterruptPoll
src/exec/call_runtime.zig	3742	pub		runGeneratorParameterInit
src/exec/call_runtime.zig	3810	pub		generatorNext
src/exec/call_runtime.zig	3870	priv	inline	generatorFunctionBytecodeFromExecution
src/exec/call_runtime.zig	3878	priv	inline	generatorHasYieldStarResult
src/exec/call_runtime.zig	3893	pub		syncGeneratorStep
src/exec/call_runtime.zig	3945	pub		generatorYieldStarSuspended
src/exec/call_runtime.zig	3950	pub		setGeneratorYieldStarSuspended
src/exec/call_runtime.zig	3955	pub		generatorResumeCompletionType
src/exec/call_runtime.zig	3960	pub		setGeneratorResumeCompletionType
src/exec/call_runtime.zig	3965	pub		resumeGeneratorYieldStarCompletion
src/exec/call_runtime.zig	4003	pub		generatorReturn
src/exec/call_runtime.zig	4074	pub		resumeGeneratorCatchForRuntimeError
src/exec/call_runtime.zig	4125	pub		generatorYieldStarReturnStep
src/exec/call_runtime.zig	4160	pub		generatorYieldStarThrowStep
src/exec/call_runtime.zig	4196	pub		generatorYieldStarCloseForMissingThrow
src/exec/call_runtime.zig	4210	pub		generatorThrow
src/exec/call_runtime.zig	4304	pub		generatorCatchResumeResultValue
src/exec/call_runtime.zig	4308	pub		generatorPcAfterYieldStar
src/exec/call_runtime.zig	4317	pub		wrapIteratorFromIterator
src/exec/call_runtime.zig	4383	pub		pollGCSafePoint
src/exec/call_runtime.zig	4390	pub		runNextOsTimer
src/exec/call_runtime.zig	4397	pub		runNextOsRwHandler
src/exec/call_runtime.zig	4404	pub		enqueuePendingMicrotask
src/exec/call_runtime.zig	4447	pub		throwTypeErrorIntrinsicForGlobal
src/exec/call_runtime.zig	4468	pub		throwTypeErrorIntrinsic
src/exec/call_runtime.zig	4474	pub		currentFrameFunctionIsStrict
src/exec/call_runtime.zig	4486	pub		functionBytecodeFromValue
src/exec/call_runtime.zig	4491	pub		isFunctionLikeClass
src/exec/call_runtime.zig	4500	pub		isConstructibleFunctionBytecode
src/exec/call_runtime.zig	4505	pub		isConstructibleBytecodeFunctionObject
src/exec/call_runtime.zig	4529	priv		create
src/exec/call_runtime.zig	4559	pub		isConstructorLike
src/exec/call_runtime.zig	4602	pub		callBoundFunction
src/exec/call_runtime.zig	4618	pub		boundFunctionArgs
src/exec/call_runtime.zig	4633	pub		throwPrivateBrandTypeError
src/exec/call_runtime.zig	4661	pub		throwSetFailureTypeError
src/exec/call_runtime.zig	4677	pub		setFailureShouldThrow
src/exec/call_runtime.zig	4682	pub		functionRuntimeStrict
src/exec/call_runtime.zig	4686	pub		ordinarySetWithReceiver
src/exec/call_runtime.zig	4717	pub		definePropertiesCall
src/exec/call_runtime.zig	4745	priv		traceRoots
src/exec/call_runtime.zig	4755	priv		provider
src/exec/call_runtime.zig	4759	priv	inline	activate
src/exec/call_runtime.zig	4765	priv		deactivate
src/exec/call_runtime.zig	4773	pub		definePropertiesOnTarget
src/exec/call_runtime.zig	4845	pub		callAccessorSetter
src/exec/call_runtime.zig	4870	pub		inOp
src/exec/call_runtime.zig	4892	pub		instanceofOp
src/exec/call_runtime.zig	4909	pub		instanceofValue
src/exec/call_runtime.zig	4929	pub		instanceofMethod
src/exec/call_runtime.zig	4944	pub	noinline	instanceofMethodSlow
src/exec/call_runtime.zig	4956	pub		instanceofValueWithMethod
src/exec/call_runtime.zig	4993	pub		constructorNameEqlLocal
src/exec/call_runtime.zig	5001	pub		nativeFunctionNameValueLocal
src/exec/call_runtime.zig	5014	pub		isBlockedByUnscopables
src/exec/call_runtime.zig	5030	pub		lookupFrameVarRef
src/exec/call_runtime.zig	5056	pub		closureVarIsNonLexicalGlobalSentinel
src/exec/call_runtime.zig	5066	pub		atomIdOrNameEql
src/exec/call_runtime.zig	5073	pub		functionNameValueFromAtom
src/exec/call_runtime.zig	5108	pub		mappedArgumentsValue
src/exec/call_runtime.zig	5118	pub		setMappedArgumentsValue
src/exec/call_runtime.zig	5132	pub		readInt
src/exec/call_site.zig	96	pub		init
src/exec/call_site.zig	114	pub	inline	initInternal
src/exec/call_site.zig	137	priv	inline	leanFrame
src/exec/call_site.zig	145	priv	noinline	leanFrameInit
src/exec/call_site.zig	154	pub		deinit
src/exec/call_site.zig	170	pub	noinline	callInto
src/exec/call_site.zig	179	pub	inline	call
src/exec/call_site.zig	190	pub	inline	call0
src/exec/call_site.zig	194	pub	inline	call1
src/exec/call_site.zig	200	pub	inline	call2
src/exec/call_site.zig	207	pub	inline	call3
src/exec/call_site.zig	215	pub	inline	call4
src/exec/call_site.zig	228	pub	inline	callFixed
src/exec/call_site.zig	234	pub	inline	callFixedInto
src/exec/call_site.zig	244	pub	noinline	callWithThisInto
src/exec/call_site.zig	257	pub	inline	callWithThis
src/exec/call_site.zig	267	pub	inline	pinnedLoad
src/exec/call_site.zig	283	pub	inline	pinnedStore
src/exec/call_site.zig	302	pub	inline	callOnceInto
src/exec/call_site.zig	346	priv	inline	hostEligible
src/exec/call_site.zig	354	priv	inline	enterBytecode
src/exec/call_site.zig	382	priv	inline	machineMatches
src/exec/call_site.zig	389	priv		callGeneric
src/exec/call_site.zig	414	priv	inline	runOnInvocation
src/exec/call_site.zig	438	priv	inline	runOnHostInvocation
src/exec/call_site.zig	466	priv	noinline	acquireForRoute
src/exec/call_site.zig	483	priv	inline	resolveRoute
src/exec/class_init_ops.zig	59	pub		constructBuiltinSuperConstructor
src/exec/class_init_ops.zig	188	priv		constructPromiseBuiltinSuperNativeVm
src/exec/class_init_ops.zig	209	priv		constructPromiseBuiltinSuperInScope
src/exec/closure.zig	19	pub		create
src/exec/closure.zig	29	pub		call
src/exec/closure.zig	33	pub		callWithThis
src/exec/closure.zig	242	priv		closureKind
src/exec/closure.zig	247	pub		appendLog
src/exec/closure.zig	262	priv		expectClosure
src/exec/closure.zig	270	priv		defineIntProperty
src/exec/closure.zig	275	priv		getIntProperty
src/exec/closure.zig	281	priv		incrementGlobalInt
src/exec/closure.zig	287	priv		iteratorFactory
src/exec/closure.zig	316	priv		iteratorNextGlobalValue
src/exec/closure.zig	322	priv		iteratorNextEmptyArray
src/exec/closure.zig	328	priv		iteratorNextNull
src/exec/closure.zig	333	priv		iteratorNextValueGetterThrows
src/exec/closure.zig	344	priv		iteratorNextDoneIfConsumed
src/exec/closure.zig	355	priv		iteratorResult
src/exec/closure.zig	396	priv		createTestFunctionBytecodeValue
src/exec/closure.zig	411	priv		expectObjectPropertySame
src/exec/closure.zig	417	priv		expectArrayIndexSame
src/exec/closure.zig	578	priv		arrayFromShape
src/exec/closure.zig	629	priv		appendArrayValue
src/exec/closure.zig	639	priv		setGlobalMapString
src/exec/closure.zig	657	priv		setGlobalWeakMapString
src/exec/closure.zig	668	priv		appendRecordToGlobalArray
src/exec/closure.zig	684	priv		appendWeakMapAdderRecord
src/exec/closure.zig	700	priv		assertAndShiftExpected
src/exec/closure.zig	725	priv		setForEachMutation
src/exec/closure.zig	748	priv		setAddInt
src/exec/closure.zig	756	priv		setDeleteInt
src/exec/closure.zig	766	priv		appendUnindexedCollectionEntryAndDefineSize
src/exec/closure.zig	780	priv		rollbackLastUnindexedCollectionEntry
src/exec/closure.zig	790	priv		removeUnindexedCollectionEntryAndDefineSize
src/exec/closure.zig	813	priv		appendPairToGlobalArray
src/exec/closure.zig	827	priv		appendToGlobalArray
src/exec/closure.zig	841	priv		getGlobalObjectProperty
src/exec/closure.zig	847	priv		getGlobalThisObject
src/exec/closure.zig	854	priv		defineValueProperty
src/exec/closure.zig	866	priv		appendIntField
src/exec/coercion_ops.zig	27	pub	inline	toPrimitiveForAdditionFree
src/exec/coercion_ops.zig	39	pub	inline	toPrimitiveForAddition
src/exec/coercion_ops.zig	48	priv		toPrimitiveForAdditionObject
src/exec/coercion_ops.zig	72	pub		toPrimitiveForNumber
src/exec/coercion_ops.zig	97	pub		toOrdinaryPrimitive
src/exec/coercion_ops.zig	109	pub		toOrdinaryPrimitiveNumber
src/exec/coercion_ops.zig	121	pub		valueTruthy
src/exec/coercion_ops.zig	125	pub		toUint16CodeUnit
src/exec/coercion_ops.zig	132	pub		toLengthIndex
src/exec/coercion_ops.zig	141	priv	noinline	toLengthIndexInto
src/exec/coercion_ops.zig	155	pub		toLengthIndexSlow
src/exec/coercion_ops.zig	161	pub		toLengthNumber
src/exec/coercion_ops.zig	176	pub		fastToLengthIndex
src/exec/coercion_ops.zig	191	pub		toUint32Number
src/exec/coercion_ops.zig	198	pub		uint32NumberValue
src/exec/coercion_ops.zig	203	pub		coerceOptionalNumberMethodArgument
src/exec/coercion_ops.zig	221	pub		primitiveWrapperStoredValue
src/exec/coercion_ops.zig	235	pub		toNumberForDateMethod
src/exec/collection_adapter.zig	18	pub		host
src/exec/collection_adapter.zig	26	priv		callWithThis
src/exec/collection_adapter.zig	37	priv		narrowCallbackError
src/exec/collection_ops.zig	64	priv		constructorKindFromId
src/exec/collection_ops.zig	74	pub		staticMethodId
src/exec/collection_ops.zig	139	priv		collectionEntry
src/exec/collection_ops.zig	153	priv		collectionConstructorEntry
src/exec/collection_ops.zig	170	priv		collectionCall
src/exec/collection_ops.zig	232	priv		collectionGroupByRecord
src/exec/collection_ops.zig	270	pub		sameValueZero
src/exec/collection_ops.zig	282	pub		construct
src/exec/collection_ops.zig	291	pub		constructBare
src/exec/collection_ops.zig	295	pub		constructWithPrototype
src/exec/collection_ops.zig	306	pub		methodCall
src/exec/collection_ops.zig	310	pub		methodCallWithCallbackHost
src/exec/collection_ops.zig	321	pub		methodCallWithContext
src/exec/collection_ops.zig	331	pub		methodCallWithContextAndHost
src/exec/collection_ops.zig	342	pub		methodCallWithGlobal
src/exec/collection_ops.zig	353	pub		methodCallWithGlobalAndHost
src/exec/collection_ops.zig	365	pub		methodCallObjectWithGlobal
src/exec/collection_ops.zig	376	pub		methodCallObjectWithGlobalAndHost
src/exec/collection_ops.zig	387	priv		methodCallResolved
src/exec/collection_ops.zig	465	pub		methodCallDroppedResult
src/exec/collection_ops.zig	487	pub		groupBy
src/exec/collection_ops.zig	496	pub		groupByWithCallbackHost
src/exec/collection_ops.zig	523	priv		mapSet
src/exec/collection_ops.zig	528	priv		mapSetNoResult
src/exec/collection_ops.zig	558	priv		mapGet
src/exec/collection_ops.zig	593	priv		iteratorRealm
src/exec/collection_ops.zig	607	priv		collectionIterator
src/exec/collection_ops.zig	645	priv		iteratorPrototype
src/exec/collection_ops.zig	672	priv		createIteratorPrototype
src/exec/collection_ops.zig	710	priv		objectPrototypeFromGlobal
src/exec/collection_ops.zig	716	priv		globalObjectFromGlobals
src/exec/collection_ops.zig	723	priv		defineToStringTag
src/exec/collection_ops.zig	729	priv		collectionIteratorNext
src/exec/collection_ops.zig	748	priv		iteratorValue
src/exec/collection_ops.zig	773	priv		iteratorResult
src/exec/collection_ops.zig	837	priv		testCallbackHost
src/exec/collection_ops.zig	841	priv		testCallbackCallWithThis
src/exec/collection_ops.zig	856	priv		collectionSize
src/exec/collection_ops.zig	861	priv		collectionForEach
src/exec/collection_ops.zig	891	priv		mapGetOrInsert
src/exec/collection_ops.zig	908	priv		mapGetOrInsertComputed
src/exec/collection_ops.zig	945	priv		canonicalizeKey
src/exec/collection_ops.zig	952	priv		collectionHas
src/exec/collection_ops.zig	963	priv		collectionDelete
src/exec/collection_ops.zig	967	priv		collectionDeleteNoResult
src/exec/collection_ops.zig	971	priv		collectionDeleteBool
src/exec/collection_ops.zig	985	priv		collectionClear
src/exec/collection_ops.zig	997	priv		setAdd
src/exec/collection_ops.zig	1002	priv		setAddNoResult
src/exec/collection_ops.zig	1038	priv		setComposition
src/exec/collection_ops.zig	1133	priv		setComparison
src/exec/collection_ops.zig	1179	priv		setLikeRecord
src/exec/collection_ops.zig	1185	priv		setLikeSize
src/exec/collection_ops.zig	1193	priv		validateSetLikeMethods
src/exec/collection_ops.zig	1205	priv		setLikeHas
src/exec/collection_ops.zig	1219	priv		setLikeKeys
src/exec/collection_ops.zig	1249	priv		appendValue
src/exec/collection_ops.zig	1268	priv		freeValueList
src/exec/collection_ops.zig	1293	priv		trigger
src/exec/collection_ops.zig	1323	priv		groupString
src/exec/collection_ops.zig	1339	priv		addGroupedItem
src/exec/collection_ops.zig	1380	priv		appendArrayValue
src/exec/collection_ops.zig	1385	priv		stringElementAt
src/exec/collection_ops.zig	1403	priv		isCallableClosure
src/exec/collection_ops.zig	1410	priv		isCallableObject
src/exec/collection_ops.zig	1442	priv		collectionClassId
src/exec/collection_ops.zig	1455	priv		defineNativeMethodWithRecordId
src/exec/collection_ops.zig	1465	priv		defineNativeMethods
src/exec/collection_ops.zig	1503	priv		stringFromValue
src/exec/collection_ops.zig	1545	priv		init
src/exec/collection_ops.zig	1554	priv		deinit
src/exec/collection_ops.zig	1561	pub		collectionNativeRecord
src/exec/collection_ops.zig	1657	priv		collectionCallResultIsDropped
src/exec/collection_ops.zig	1661	priv		collectionForEachRecord
src/exec/collection_ops.zig	1700	priv		setMethodRecord
src/exec/collection_ops.zig	1728	priv		setMethodModeFromRecord
src/exec/collection_ops.zig	1741	priv		getSetRecord
src/exec/collection_ops.zig	1814	priv		setStrongSize
src/exec/collection_ops.zig	1822	priv		constructPlainSet
src/exec/collection_ops.zig	1827	priv		setAddValue
src/exec/collection_ops.zig	1831	priv		setDeleteValue
src/exec/collection_ops.zig	1835	priv		setHasValue
src/exec/collection_ops.zig	1840	priv		setLikeHasCall
src/exec/collection_ops.zig	1865	priv		setLikeKeysIterator
src/exec/collection_ops.zig	1894	priv		setCloneReceiver
src/exec/collection_ops.zig	1905	priv		setSnapshotKeys
src/exec/collection_ops.zig	1936	priv		setDifference
src/exec/collection_ops.zig	1976	priv		setIntersection
src/exec/collection_ops.zig	2010	priv		setUnion
src/exec/collection_ops.zig	2031	priv		setSymmetricDifference
src/exec/collection_ops.zig	2056	priv		setIsDisjointFrom
src/exec/collection_ops.zig	2092	priv		setIsSubsetOf
src/exec/collection_ops.zig	2113	priv		setIsSupersetOf
src/exec/collection_ops.zig	2138	pub		mapGroupByCall
src/exec/collection_ops.zig	2150	pub		mapGroupByRecord
src/exec/collection_ops.zig	2200	pub		mapGetOrInsertComputedCall
src/exec/collection_ops.zig	2250	pub		collectionMethodOwnerClass
src/exec/collection_ops.zig	2256	priv		canonicalizeMapKey
src/exec/collection_ops.zig	2263	priv		throwCollectionReceiverTypeError
src/exec/collection_ops.zig	2267	priv		throwCollectionMethodTypeError
src/exec/collection_ops.zig	2289	priv		collectionReceiverMessage
src/exec/collection_ops.zig	2299	priv		mapAppendGroupByValue
src/exec/construct.zig	45	priv		constructCollectionRecord
src/exec/construct.zig	58	priv		collectionPrimitiveMethodCall
src/exec/construct.zig	69	pub		functionObject
src/exec/construct.zig	88	pub		constructValue
src/exec/construct.zig	249	pub		constructTypedArrayValue
src/exec/construct.zig	280	pub		constructErrorObject
src/exec/construct.zig	331	pub		constructDOMExceptionObject
src/exec/construct.zig	394	priv		domExceptionCode
src/exec/construct.zig	433	priv		constructAggregateErrorObject
src/exec/construct.zig	496	pub		isConstructErrorObjectName
src/exec/construct.zig	500	priv		constructWeakRef
src/exec/construct.zig	505	pub		weakRefWithPrototype
src/exec/construct.zig	522	priv		constructFinalizationRegistry
src/exec/construct.zig	555	priv		defineData
src/exec/construct.zig	567	priv		constructPrimitiveWrapper
src/exec/construct.zig	604	pub		objectConstructorValue
src/exec/construct.zig	633	priv		primitivePrototypeFromObjectConstructor
src/exec/construct.zig	640	pub		typedArrayElement
src/exec/construct.zig	644	priv		constructTypedArrayArrayInput
src/exec/construct.zig	675	priv		constructTypedArrayTypedArrayInput
src/exec/construct.zig	706	priv		constructTypedArrayArrayLikeInput
src/exec/construct.zig	741	priv		createTypedArrayBackingBuffer
src/exec/construct.zig	745	priv		typedArraySourceValue
src/exec/construct.zig	749	priv		primitiveWrapperStoredValue
src/exec/construct.zig	763	priv		constructFunctionValue
src/exec/construct.zig	767	priv		constructCollectionValue
src/exec/construct.zig	816	priv		constructCollectionFromIterator
src/exec/construct.zig	880	priv		callCollectionAdder
src/exec/construct.zig	899	priv		closeIterator
src/exec/construct.zig	906	priv		getPropertyWithGetter
src/exec/construct.zig	922	priv		callClosureWithThis
src/exec/construct.zig	954	priv		nativeFunctionName
src/exec/construct.zig	962	priv		nativeFunctionNameValue
src/exec/construct.zig	977	priv		isNativeCollectionAdder
src/exec/construct.zig	989	priv		getCollectionAdder
src/exec/construct.zig	1009	priv		expectStringValue
src/exec/construct.zig	1016	priv		constructorName
src/exec/construct.zig	1024	priv		isCallableObject
src/exec/construct.zig	1036	priv		isConstructibleBytecodeFunctionObject
src/exec/construct.zig	1050	priv		expectConstructor
src/exec/construct.zig	1078	priv		create
src/exec/date_ops.zig	43	priv		constructDateRecord
src/exec/date_ops.zig	61	pub		callDateBody
src/exec/date_ops.zig	74	pub		callDateStaticBody
src/exec/date_ops.zig	85	priv		captureDateValueMs
src/exec/date_ops.zig	93	priv		callDateSetYearWithCapturedMs
src/exec/date_ops.zig	108	priv		callDateSetPartsWithCapturedMs
src/exec/date_ops.zig	129	pub		dateSetYear
src/exec/date_ops.zig	147	pub		dateSetTime
src/exec/date_ops.zig	163	pub		dateStaticCall
src/exec/date_ops.zig	183	pub		dateCapturedSetterCall
src/exec/date_ops.zig	221	pub		dateToJsonCall
src/exec/date_ops.zig	245	pub		dateConstructWithPrototype
src/exec/date_ops.zig	284	pub		dateToPrimitiveCall
src/exec/date_ops.zig	304	priv		dateToPrimitiveHint
src/exec/date_ops.zig	314	priv		dateOrdinaryToPrimitive
src/exec/date_ops.zig	440	priv		dateEntry
src/exec/date_ops.zig	453	priv		dateConstructorEntry
src/exec/date_ops.zig	469	priv		dateCall
src/exec/date_ops.zig	565	priv		dateInternalBodyCall
src/exec/date_ops.zig	595	priv		dateExtendedPrototypeCall
src/exec/date_ops.zig	628	pub		prototypeMethodId
src/exec/date_ops.zig	685	priv		decodeExtendedPrototypeMethodId
src/exec/date_ops.zig	704	pub		call
src/exec/date_ops.zig	711	pub		construct
src/exec/date_ops.zig	715	pub		constructWithPrototype
src/exec/date_ops.zig	737	priv		defineDateValue
src/exec/date_ops.zig	742	pub		staticCall
src/exec/date_ops.zig	753	pub		methodCall
src/exec/date_ops.zig	757	pub		methodCallArgs
src/exec/date_ops.zig	796	pub		methodCallArgsWithCapturedMs
src/exec/date_ops.zig	807	priv		setterSpan
src/exec/date_ops.zig	830	priv		setDateFieldBody
src/exec/date_ops.zig	853	priv		setYear
src/exec/date_ops.zig	858	pub		setYearNumber
src/exec/date_ops.zig	866	priv		setYearNumberOnObject
src/exec/date_ops.zig	876	priv		setTime
src/exec/date_ops.zig	885	priv		getDateFieldValue
src/exec/date_ops.zig	893	priv		utc
src/exec/date_ops.zig	905	priv		constructDateFromParts
src/exec/date_ops.zig	917	priv		parse
src/exec/date_ops.zig	967	priv		getTimezoneOffsetForTime
src/exec/date_ops.zig	1001	priv		floorDiv
src/exec/date_ops.zig	1006	priv		daysFromYear
src/exec/date_ops.zig	1012	priv		daysInYear
src/exec/date_ops.zig	1019	priv		yearFromDays
src/exec/date_ops.zig	1045	priv		getDateFields
src/exec/date_ops.zig	1092	priv		timeClip
src/exec/date_ops.zig	1100	priv		setDateFields
src/exec/date_ops.zig	1150	priv		setDateFieldsChecked
src/exec/date_ops.zig	1163	priv		dayName
src/exec/date_ops.zig	1167	priv		monthName
src/exec/date_ops.zig	1174	priv		writeYearPadded4
src/exec/date_ops.zig	1186	priv		getDateStringValue
src/exec/date_ops.zig	1220	priv		writeDateString
src/exec/date_ops.zig	1292	priv		parseDateString
src/exec/date_ops.zig	1316	priv		dateParseBytes
src/exec/date_ops.zig	1341	priv		stringSkipChar
src/exec/date_ops.zig	1350	priv		stringSkipSpaces
src/exec/date_ops.zig	1361	priv		stringSkipSeparators
src/exec/date_ops.zig	1373	priv		stringSkipUntil
src/exec/date_ops.zig	1384	priv		stringGetDigits
src/exec/date_ops.zig	1405	priv		stringGetMilliseconds
src/exec/date_ops.zig	1429	priv		upperAscii
src/exec/date_ops.zig	1434	priv		stringGetTzOffset
src/exec/date_ops.zig	1474	priv		matchLiteral
src/exec/date_ops.zig	1485	priv		findAbbrev
src/exec/date_ops.zig	1498	priv		stringGetMonth
src/exec/date_ops.zig	1508	priv		jsDateParseIsostring
src/exec/date_ops.zig	1583	priv		stringGetTzAbbr
src/exec/date_ops.zig	1593	priv		adjustTwoDigitYear
src/exec/date_ops.zig	1600	priv		jsDateParseOtherstring
src/exec/date_ops.zig	1729	priv		expectDateObject
src/exec/date_ops.zig	1737	priv		setDateValue
src/exec/date_ops.zig	1746	pub		isoStringForInspector
src/exec/date_ops.zig	1752	priv		dateValue
src/exec/date_ops.zig	1757	priv		dateObjectFromValue
src/exec/date_ops.zig	1765	priv		numberValue
src/exec/date_ops.zig	1771	priv		numberResult
src/exec/date_ops.zig	1778	priv		toNumber
src/exec/date_ops.zig	1799	priv		appendStringValueAscii
src/exec/date_ops.zig	1812	priv		currentTimeMs
src/exec/disposable_ops.zig	46	pub		disposableStackMethodFromMarker
src/exec/disposable_ops.zig	58	pub		disposableStackReceiver
src/exec/disposable_ops.zig	64	pub		parserDisposableStackReceiver
src/exec/disposable_ops.zig	71	pub		disposableStackMethodCall
src/exec/disposable_ops.zig	95	pub		disposableStackUse
src/exec/disposable_ops.zig	115	pub		disposableStackAdopt
src/exec/disposable_ops.zig	128	pub		disposableStackDefer
src/exec/disposable_ops.zig	140	pub		disposableStackDispose
src/exec/disposable_ops.zig	151	pub		disposableStackRecordDisposeError
src/exec/disposable_ops.zig	168	pub		disposeDisposableStackResources
src/exec/disposable_ops.zig	203	pub		usingAddSyncResource
src/exec/disposable_ops.zig	222	pub		usingDisposeSyncStack
src/exec/disposable_ops.zig	233	pub		usingDisposeSyncStackForThrow
src/exec/disposable_ops.zig	244	pub		disposeResource
src/exec/disposable_ops.zig	261	pub		runtimeErrorValueForDisposableDispose
src/exec/disposable_ops.zig	272	pub		suppressedErrorForDispose
src/exec/disposable_ops.zig	286	pub		disposableStackMove
src/exec/disposable_ops.zig	295	pub		usingCreateAsyncDisposableStack
src/exec/disposable_ops.zig	305	pub		usingAddAsyncResource
src/exec/disposable_ops.zig	316	pub		usingDisposeAsyncStack
src/exec/disposable_ops.zig	327	pub		usingDisposeAsyncStackForThrow
src/exec/disposable_ops.zig	357	pub		asyncDisposableStackMethodFromMarker
src/exec/disposable_ops.zig	369	pub		asyncDisposableStackConstructWithPrototype
src/exec/disposable_ops.zig	379	pub		asyncDisposableStackReceiver
src/exec/disposable_ops.zig	385	pub		asyncDisposableStackMethodCall
src/exec/disposable_ops.zig	410	pub		asyncDisposableStackUse
src/exec/disposable_ops.zig	440	pub		asyncDisposableStackAdopt
src/exec/disposable_ops.zig	453	pub		asyncDisposableStackDefer
src/exec/disposable_ops.zig	465	pub		asyncDisposableStackMove
src/exec/disposable_ops.zig	477	priv	noinline	disposableStackMoveWithClass
src/exec/disposable_ops.zig	491	pub		asyncDisposableStackStoreCapability
src/exec/disposable_ops.zig	507	pub		asyncDisposableStackDisposeAsync
src/exec/disposable_ops.zig	533	pub		asyncDisposableStackContinuation
src/exec/disposable_ops.zig	547	pub		asyncDisposableStackContinuationCall
src/exec/disposable_ops.zig	565	pub		asyncDisposableStackContinueOrReject
src/exec/disposable_ops.zig	580	pub		asyncDisposableStackContinue
src/exec/disposable_ops.zig	613	pub		asyncDisposeResource
src/exec/disposable_ops.zig	633	pub		asyncDisposableStackAwaitValue
src/exec/disposable_ops.zig	653	pub		asyncDisposableStackRecordError
src/exec/disposable_ops.zig	671	pub		asyncDisposableStackResolveStored
src/exec/disposable_ops.zig	686	pub		asyncDisposableStackRejectStored
src/exec/disposable_ops.zig	701	pub		asyncIteratorAsyncDispose
src/exec/error_ops.zig	42	priv		errorEntry
src/exec/error_ops.zig	53	priv		errorCall
src/exec/error_stack_ops.zig	28	pub		captureErrorStack
src/exec/error_stack_ops.zig	39	pub		attachStackToErrorValue
src/exec/error_stack_ops.zig	44	pub		buildErrorStackValue
src/exec/error_stack_ops.zig	64	pub		formatCapturedErrorStackValue
src/exec/error_stack_ops.zig	99	pub		throwParseSyntaxError
src/exec/error_stack_ops.zig	121	priv		defineParseErrorSurface
src/exec/error_stack_ops.zig	145	pub		errorPrepareStackTrace
src/exec/error_stack_ops.zig	157	pub		backtraceFunctionNameEql
src/exec/error_stack_ops.zig	169	pub		callSiteFunctionName
src/exec/error_stack_ops.zig	177	pub		callSiteFunctionNameValue
src/exec/error_stack_ops.zig	185	pub		errorStackTraceLimit
src/exec/error_stack_ops.zig	198	pub		appendBacktraceFunctionName
src/exec/error_stack_ops.zig	216	pub		appendCallSiteFunctionName
src/exec/error_stack_ops.zig	228	pub		appendCallSiteFileName
src/exec/error_stack_ops.zig	240	pub		errorStackGetter
src/exec/error_stack_ops.zig	257	pub		errorStackSetter
src/exec/error_stack_ops.zig	323	pub		isErrorStackSetterValue
src/exec/error_stack_ops.zig	329	pub		errorCaptureStackTrace
src/exec/eval_entry.zig	28	pub		evalScriptSource
src/exec/eval_entry.zig	33	pub		evalScriptValue
src/exec/eval_entry.zig	47	priv	noinline	resolveModuleName
src/exec/eval_entry.zig	82	priv	noinline	prepareRootFunction
src/exec/eval_entry.zig	197	pub		eval
src/exec/eval_entry.zig	325	priv	noinline	drainAndFinish
src/exec/eval_entry.zig	360	priv		runEvalModule
src/exec/eval_entry.zig	413	priv		waitForModuleAwaitReaction
src/exec/eval_entry.zig	465	priv		runOneModuleAwaitHostEvent
src/exec/eval_entry.zig	476	priv		parserMode
src/exec/eval_entry.zig	485	priv		parserSourceKind
src/exec/eval_ops.zig	37	priv		appendEvalClosureSeed
src/exec/eval_ops.zig	61	priv		directEvalVarIsInParameterScope
src/exec/eval_ops.zig	75	priv		createDirectEvalClosureSeed
src/exec/eval_ops.zig	161	priv		directEvalOuterVarRefView
src/exec/eval_ops.zig	172	priv		ownedCellFromValue
src/exec/eval_ops.zig	178	priv		directEvalSeedFrameVarRef
src/exec/eval_ops.zig	228	priv		resolveDirectEvalClosureCell
src/exec/eval_ops.zig	260	pub		execDirectEval
src/exec/eval_ops.zig	334	pub		isContextIntrinsicEval
src/exec/eval_ops.zig	338	pub		execApplyEval
src/exec/eval_ops.zig	385	pub		directEval
src/exec/eval_ops.zig	496	pub		directEvalThisValue
src/exec/eval_ops.zig	516	priv		capturedSpecialValue
src/exec/eval_ops.zig	530	priv		directEvalNewTargetValue
src/exec/eval_ops.zig	538	pub		directEvalVisibleLocalNameCount
src/exec/exception_ops.zig	31	pub		createNamedError
src/exec/exception_ops.zig	71	pub		createSentinelError
src/exec/exception_ops.zig	86	pub		createNamedErrorWithPrototype
src/exec/exception_ops.zig	113	pub		createNamedErrorWithoutStack
src/exec/exception_ops.zig	123	pub		createPreallocatedOutOfMemoryError
src/exec/exception_ops.zig	131	priv		buildNamedErrorObject
src/exec/exception_ops.zig	212	pub		throwTdzReferenceError
src/exec/exception_ops.zig	243	pub		normalizeEvalRuntimeError
src/exec/exception_ops.zig	250	pub		runtimeErrorValueForGeneratorCatch
src/exec/exception_ops.zig	273	pub		promiseAggregateError
src/exec/exception_ops.zig	295	pub		promiseErrorValue
src/exec/exception_ops.zig	323	pub		rejectedPromiseForRuntimeError
src/exec/exception_ops.zig	344	pub		throwTypeErrorMessage
src/exec/exception_ops.zig	350	pub		throwRangeErrorMessage
src/exec/exception_ops.zig	357	pub		throwInternalErrorMessage
src/exec/exception_ops.zig	365	pub		throwInterrupted
src/exec/exception_ops.zig	390	pub	inline	pollInterrupt
src/exec/exception_ops.zig	398	pub	noinline	pollInterruptSlowLeg
src/exec/exception_ops.zig	403	pub		throwReferenceErrorMessage
src/exec/exception_ops.zig	415	pub		throwReferenceErrorNotDefined
src/exec/exception_ops.zig	427	pub		throwSyntaxErrorMessage
src/exec/exception_ops.zig	433	pub		isCallSiteObject
src/exec/exception_ops.zig	439	pub		callSiteMethodById
src/exec/exception_ops.zig	452	pub		backtraceFunctionNameAtom
src/exec/exception_ops.zig	463	pub		resolveBacktraceFunctionName
src/exec/exception_ops.zig	472	pub		resolveBacktraceLocation
src/exec/exception_ops.zig	488	pub		frameBacktraceSnapshot
src/exec/exception_ops.zig	508	pub		isErrorConstructorName
src/exec/exception_ops.zig	512	pub		functionNameBytes
src/exec/exception_ops.zig	522	pub		pendingExceptionMatchesError
src/exec/exception_ops.zig	534	priv		objectDataStringPropertyMatches
src/exec/exception_ops.zig	554	priv		stringBodyEqualsAscii
src/exec/exception_ops.zig	573	pub		runtimeErrorInfo
src/exec/exception_ops.zig	610	pub		promiseErrorInfo
src/exec/exception_ops.zig	638	pub		hostIoErrorInfo
src/exec/exception_ops.zig	679	pub		hostErrorValue
src/exec/exception_ops.zig	692	pub		throwHostError
src/exec/exception_ops.zig	709	pub		throwModuleHostStall
src/exec/exception_ops.zig	724	priv		errorNameForRuntimeError
src/exec/exception_ops.zig	744	priv		sourceLocationFromPc2Line
src/exec/exception_ops.zig	757	priv		defineNonEnumValueProperty
src/exec/exception_ops.zig	761	priv		throwReferenceErrorSentinel
src/exec/forof_ops.zig	46	pub		forInIsArraySlot
src/exec/forof_ops.zig	51	pub		forInInProtoChainSlot
src/exec/forof_ops.zig	59	pub		createForInIterator
src/exec/forof_ops.zig	113	priv		forInFastArrayCount
src/exec/forof_ops.zig	144	pub		forInSnapshotOwnStringKeys
src/exec/forof_ops.zig	182	priv		forInOwnKeyIsEnumerable
src/exec/forof_ops.zig	206	pub		forInDefineVisited
src/exec/forof_ops.zig	219	pub		forInHasEnumerableStringKey
src/exec/forof_ops.zig	263	pub		iteratorCatchMarker
src/exec/forof_ops.zig	273	pub		iteratorCatchMarkerPreviousTarget
src/exec/forof_ops.zig	280	pub		asyncIteratorCatchMarker
src/exec/forof_ops.zig	284	pub		isAsyncIteratorCatchMarker
src/exec/forof_ops.zig	288	pub		isIteratorCatchMarker
src/exec/forof_ops.zig	308	pub		closeStackTopForOfIteratorForPendingError
src/exec/forof_ops.zig	317	pub		closeStackTopForOfIteratorForPendingErrorWithFrame
src/exec/forof_ops.zig	327	pub		closeStackTopForOfIteratorForPendingErrorInternal
src/exec/forof_ops.zig	369	pub		closeIteratorForAbruptCompletion
src/exec/forof_ops.zig	386	priv		findTopClosableForOfRecordIndexBefore
src/exec/forof_ops.zig	400	pub		isForOfRecordAt
src/exec/forof_ops.zig	409	pub		abandonForOfIteratorAtIndex
src/exec/forof_ops.zig	414	pub		abandonForOfIteratorAtDepth
src/exec/forof_ops.zig	422	pub		hasCatchMarkerAboveForOfRecord
src/exec/forof_ops.zig	433	pub		closeIteratorFromVm
src/exec/forof_ops.zig	442	pub		closeIteratorFromVmImpl
src/exec/frame.zig	35	pub		requiredStorageSlots
src/exec/frame.zig	56	pub		partitionStorage
src/exec/frame.zig	103	pub		carve
src/exec/frame.zig	157	pub		allocHeap
src/exec/frame.zig	219	pub		argumentsNeedsOriginalSnapshot
src/exec/frame.zig	226	pub		frameArgCount
src/exec/frame.zig	230	pub		originalArgCount
src/exec/frame.zig	234	pub		frameVarRefStorageCount
src/exec/frame.zig	240	pub		frameOpenVarRefStorageCount
src/exec/frame.zig	292	pub		ensureCold
src/exec/frame.zig	301	pub		freeCold
src/exec/frame.zig	309	pub		releaseColdStorage
src/exec/frame.zig	318	pub	inline	newTargetValue
src/exec/frame.zig	328	pub		takeConstructorNewTarget
src/exec/frame.zig	336	pub	inline	originalArgs
src/exec/frame.zig	340	pub	inline	init
src/exec/frame.zig	348	pub	inline	initResidentExecution
src/exec/frame.zig	366	pub	inline	isEmptyResidentExecutionShell
src/exec/frame.zig	376	pub		initCallBindings
src/exec/frame.zig	386	pub		initArguments
src/exec/frame.zig	413	pub		initArgumentsMoved
src/exec/frame.zig	441	pub		initArgumentsBorrowedSlots
src/exec/frame.zig	457	priv		allocArgsSlice
src/exec/frame.zig	476	priv		initOriginalArgsSnapshot
src/exec/frame.zig	500	pub		installOwnedStorage
src/exec/frame.zig	506	pub		installResidentStorage
src/exec/frame.zig	511	pub		allocOwnedStorage
src/exec/frame.zig	524	pub		deinit
src/exec/frame.zig	534	pub	inline	deinitInlineCall
src/exec/frame.zig	540	pub		releaseOwnedStorage
src/exec/frame.zig	560	pub		closeOpenVarRefs
src/exec/frame.zig	570	pub		captureLocal
src/exec/frame.zig	598	pub		captureArg
src/exec/frame.zig	619	pub		closeLocalBinding
src/exec/frame.zig	628	pub		closeParameterEnvironmentVarRefs
src/exec/frame.zig	636	pub		installOpenVarRefSlots
src/exec/frame.zig	642	pub		ensureOpenVarRefSlots
src/exec/frame.zig	668	pub		setLocal
src/exec/frame.zig	697	pub		ensureVarRefsCapacity
src/exec/frame.zig	743	priv		growLocalsCapacity
src/exec/frame.zig	771	priv		ownedStorageContainsOnlyLocals
src/exec/frame.zig	782	priv		ownedStorageContainsOnlyVarRefs
src/exec/frame.zig	795	priv		sliceOverlapsStorage
src/exec/function_ops.zig	41	pub		isDefaultHasInstanceRecord
src/exec/function_ops.zig	51	pub	inline	recordIsDefaultHasInstance
src/exec/function_ops.zig	78	priv		functionHasInstanceEntry
src/exec/function_ops.zig	95	priv		functionHasInstanceDirect
src/exec/function_ops.zig	115	priv		functionCallDirect
src/exec/function_ops.zig	135	priv		functionApplyDirect
src/exec/function_ops.zig	158	priv		functionHasInstance
src/exec/function_ops.zig	177	priv		functionEntry
src/exec/function_ops.zig	188	priv		functionCallEntry
src/exec/function_ops.zig	212	priv		functionApplyEntry
src/exec/function_ops.zig	303	priv		functionCall
src/exec/function_ops.zig	326	priv		functionApplyRecord
src/exec/function_ops.zig	346	priv		functionCallRecord
src/exec/function_ops.zig	368	pub		sourceFunction
src/exec/function_ops.zig	409	priv		objectFromFunctionValue
src/exec/function_ops.zig	415	pub		constructFunctionFromSource
src/exec/function_ops.zig	427	pub		constructGeneratorFunctionFromSource
src/exec/function_ops.zig	446	pub		constructDynamicFunctionFromSource
src/exec/host_invocation.zig	86	pub		create
src/exec/host_invocation.zig	121	pub		destroy
src/exec/host_invocation.zig	132	pub	inline	acquire
src/exec/host_invocation.zig	145	priv	noinline	acquireSlow
src/exec/host_invocation.zig	154	pub	inline	leanFrameFor
src/exec/host_invocation.zig	166	priv	noinline	leanFrameInit
src/exec/host_invocation.zig	184	pub	inline	oneShotRoute
src/exec/host_invocation.zig	209	priv	noinline	oneShotRouteResolve
src/exec/host_invocation.zig	233	priv		retire
src/exec/host_invocation.zig	240	pub	inline	publish
src/exec/host_invocation.zig	259	pub	inline	unpublish
src/exec/inline_calls.zig	43	pub		resetMachineTestMetrics
src/exec/inline_calls.zig	48	pub		machineTestMetrics
src/exec/inline_calls.zig	53	pub	inline	recordSameMachineSyncCall
src/exec/inline_calls.zig	108	pub	inline	captureSlice
src/exec/inline_calls.zig	123	pub	inline	bind
src/exec/inline_calls.zig	137	pub	inline	resolveInlineFunction
src/exec/inline_calls.zig	151	pub	inline	resolveInlineFunctionFromObject
src/exec/inline_calls.zig	196	pub		resolveNoSuspendAsync
src/exec/inline_calls.zig	218	pub	inline	resolveInlineDirectConstructorFunction
src/exec/inline_calls.zig	246	pub	inline	resolveInlineSpreadConstructorFunction
src/exec/inline_calls.zig	278	pub	inline	resolveInlineTarget
src/exec/inline_calls.zig	286	pub	inline	resolveInlineTargetInto
src/exec/inline_calls.zig	329	pub		deinit
src/exec/inline_calls.zig	336	pub		takeAtom
src/exec/inline_calls.zig	344	pub		takeForOfDepth
src/exec/inline_calls.zig	422	priv		takeContinuation
src/exec/inline_calls.zig	429	pub	inline	isEmptyLeaf
src/exec/inline_calls.zig	433	pub	inline	isExactArgsLeaf
src/exec/inline_calls.zig	437	pub	inline	isForwardedLeaf
src/exec/inline_calls.zig	441	pub	inline	hasSpecialReturn
src/exec/inline_calls.zig	445	pub	inline	isNativeBoundaryReturn
src/exec/inline_calls.zig	454	pub	inline	isLeanBoundaryReturn
src/exec/inline_calls.zig	459	pub	inline	completesConstructor
src/exec/inline_calls.zig	473	priv	inline	emptyLeafResumeWords
src/exec/inline_calls.zig	478	pub	inline	setEmptyLeafResume
src/exec/inline_calls.zig	485	pub	inline	emptyLeafResumePc
src/exec/inline_calls.zig	490	pub	inline	emptyLeafResumeSp
src/exec/inline_calls.zig	504	priv	inline	tailChainBudgetSlot
src/exec/inline_calls.zig	515	priv		adoptContinuation
src/exec/inline_calls.zig	588	pub	inline	isOrdinaryReturn
src/exec/inline_calls.zig	595	priv	inline	canUseSimpleTeardown
src/exec/inline_calls.zig	605	priv	inline	deinit
src/exec/inline_calls.zig	629	priv	inline	deinitReturned
src/exec/inline_calls.zig	641	priv	noinline	deinitEmptyLeaf
src/exec/inline_calls.zig	660	priv	inline	deinitEmptyLeafInline
src/exec/inline_calls.zig	682	priv	inline	deinitExactArgsLeafInline
src/exec/inline_calls.zig	703	priv	inline	deinitForwardedLeafInline
src/exec/inline_calls.zig	724	priv	inline	deinitSimple
src/exec/inline_calls.zig	733	priv	inline	deinitSimpleResources
src/exec/inline_calls.zig	750	priv	inline	deinitOrdinarySimpleResources
src/exec/inline_calls.zig	766	priv	inline	deinitOrdinaryReturned
src/exec/inline_calls.zig	794	priv	inline	deinitConstructorReturned
src/exec/inline_calls.zig	815	priv		deinitGeneral
src/exec/inline_calls.zig	820	priv		deinitGeneralResources
src/exec/inline_calls.zig	830	priv	inline	deinitForTailReplacement
src/exec/inline_calls.zig	858	pub	inline	function
src/exec/inline_calls.zig	894	pub		root
src/exec/inline_calls.zig	901	pub		segment
src/exec/inline_calls.zig	913	priv		freeze
src/exec/inline_calls.zig	919	priv		thaw
src/exec/inline_calls.zig	926	priv		resolveMachineBacktraceRange
src/exec/inline_calls.zig	952	priv		consumeInlineThenPhysical
src/exec/inline_calls.zig	965	pub		resolveMachineBacktraceView
src/exec/inline_calls.zig	977	priv		nativeBacktraceSnapshot
src/exec/inline_calls.zig	1012	pub	inline	copyValueSlotPinned
src/exec/inline_calls.zig	1026	pub	inline	activeInvocation
src/exec/inline_calls.zig	1064	pub		init
src/exec/inline_calls.zig	1090	pub		push
src/exec/inline_calls.zig	1101	pub		deinit
src/exec/inline_calls.zig	1127	pub		finish
src/exec/inline_calls.zig	1149	pub	inline	fenceDepth
src/exec/inline_calls.zig	1153	pub	inline	expectedTop
src/exec/inline_calls.zig	1157	priv	inline	popBacktrace
src/exec/inline_calls.zig	1189	pub	inline	init
src/exec/inline_calls.zig	1196	pub	inline	fenceDepth
src/exec/inline_calls.zig	1200	pub	inline	expectedTop
src/exec/inline_calls.zig	1204	pub	inline	push
src/exec/inline_calls.zig	1206	pub	inline	finish
src/exec/inline_calls.zig	1212	pub	noinline	deinit
src/exec/inline_calls.zig	1248	pub	inline	isIntact
src/exec/inline_calls.zig	1255	pub	inline	initInPlace
src/exec/inline_calls.zig	1341	pub		init
src/exec/inline_calls.zig	1360	pub	inline	alreadyTargets
src/exec/inline_calls.zig	1364	pub		retarget
src/exec/inline_calls.zig	1375	pub		deinitStorage
src/exec/inline_calls.zig	1390	pub		deinit
src/exec/inline_calls.zig	1403	pub		topEntry
src/exec/inline_calls.zig	1411	pub	inline	loadCurrentLevel
src/exec/inline_calls.zig	1430	pub	inline	currentLevel
src/exec/inline_calls.zig	1436	pub	inline	entryAt
src/exec/inline_calls.zig	1440	priv		acquireSlot
src/exec/inline_calls.zig	1451	priv	noinline	acquireSlotSlow
src/exec/inline_calls.zig	1493	priv		initStack
src/exec/inline_calls.zig	1497	priv		initMoved
src/exec/inline_calls.zig	1503	priv		init
src/exec/inline_calls.zig	1514	priv	inline	valueCount
src/exec/inline_calls.zig	1518	priv	inline	slice
src/exec/inline_calls.zig	1522	priv	inline	argCount
src/exec/inline_calls.zig	1544	priv		pushFrame
src/exec/inline_calls.zig	1629	priv		isSimpleInlineFrame
src/exec/inline_calls.zig	1672	priv		paddedSimpleInlineMode
src/exec/inline_calls.zig	1690	priv		methodSimpleInlineMode
src/exec/inline_calls.zig	1720	priv		isStrictSimpleInlineFrame
src/exec/inline_calls.zig	1740	priv	noinline	setupFallbackInlineEntry
src/exec/inline_calls.zig	1762	priv	inline	simpleInlineSlabTotal
src/exec/inline_calls.zig	1787	priv	noinline	setupSimpleInlineEntryWarm
src/exec/inline_calls.zig	1878	priv	inline	setupSimpleInlineEntryDispatch
src/exec/inline_calls.zig	1900	priv	inline	setupSimpleConstructorEntryDispatch
src/exec/inline_calls.zig	1942	priv	noinline	setupSimpleInlineEntry
src/exec/inline_calls.zig	1962	priv	noinline	setupSimpleConstructorEntry
src/exec/inline_calls.zig	1966	priv	inline	setupSimpleInlineEntryImpl
src/exec/inline_calls.zig	2159	priv	noinline	pushExactSimpleFrame
src/exec/inline_calls.zig	2294	priv	noinline	pushExactSimpleFrameSlow
src/exec/inline_calls.zig	2306	priv	inline	pushExactSimpleOrSlow
src/exec/inline_calls.zig	2328	priv	inline	pushExactSimpleFrameImpl
src/exec/inline_calls.zig	2390	priv	noinline	pushEmptyLeafFrame
src/exec/inline_calls.zig	2445	priv	noinline	pushExactArgsLeafFrame
src/exec/inline_calls.zig	2505	priv	noinline	pushCaptureLeafFrame
src/exec/inline_calls.zig	2559	priv	inline	assertLeafEligible
src/exec/inline_calls.zig	2573	priv	inline	assertExactArgsLeafEligible
src/exec/inline_calls.zig	2588	priv	inline	assertCaptureLeafEligible
src/exec/inline_calls.zig	2614	priv	inline	finishEmptyLeafFrame
src/exec/inline_calls.zig	2677	priv	inline	finishExactArgsLeafFrame
src/exec/inline_calls.zig	2782	priv	inline	finishCaptureLeafFrame
src/exec/inline_calls.zig	2838	priv	inline	callerResumePc
src/exec/inline_calls.zig	2851	pub	inline	tryPushEmptyLeafCallFast
src/exec/inline_calls.zig	2907	pub	inline	tryPushExactArgsLeafCallFast
src/exec/inline_calls.zig	2965	pub	inline	tryPushForwardedExactArgsLeafFast
src/exec/inline_calls.zig	3014	pub	inline	tryPushCaptureLeafCallFast
src/exec/inline_calls.zig	3067	pub	noinline	setupInlineEntry
src/exec/inline_calls.zig	3221	priv	inline	isBorrowedIteratorSimpleInlineFrame
src/exec/inline_calls.zig	3237	priv	noinline	setupBorrowedIteratorEntry
src/exec/inline_calls.zig	3300	priv		sourceCallableSlot
src/exec/inline_calls.zig	3304	priv		sourceReceiverSlot
src/exec/inline_calls.zig	3308	priv	inline	takeSourceSlot
src/exec/inline_calls.zig	3318	priv	inline	storeOpenVarRefNulls
src/exec/inline_calls.zig	3331	priv		sourceHasStackRegion
src/exec/inline_calls.zig	3335	priv		sourceArgCount
src/exec/inline_calls.zig	3339	priv		sourceArgs
src/exec/inline_calls.zig	3344	priv		canBorrowSourceArgs
src/exec/inline_calls.zig	3356	priv		cleanupSource
src/exec/inline_calls.zig	3364	priv		cleanupStackSource
src/exec/inline_calls.zig	3373	priv		cleanupStackSourcePreserveArgs
src/exec/inline_calls.zig	3379	priv	inline	freeSourceSlot
src/exec/inline_calls.zig	3389	pub	inline	pushPlainCall
src/exec/inline_calls.zig	3420	pub	inline	pushEmptyLeafCall
src/exec/inline_calls.zig	3438	pub	inline	pushExactArgsLeafCall
src/exec/inline_calls.zig	3458	pub	inline	pushCaptureLeafCall
src/exec/inline_calls.zig	3493	pub	inline	pushMethodCall
src/exec/inline_calls.zig	3526	pub	noinline	pushConstructorCall
src/exec/inline_calls.zig	3619	pub	noinline	pushDerivedConstructorCall
src/exec/inline_calls.zig	3668	pub	inline	pushCall
src/exec/inline_calls.zig	3683	pub		nativeBoundarySimpleEligible
src/exec/inline_calls.zig	3695	pub		pushNativeBoundaryCopiedArgs
src/exec/inline_calls.zig	3707	pub		pushNativeBoundaryMovedArgs
src/exec/inline_calls.zig	3721	pub	inline	pushLeanEntry
src/exec/inline_calls.zig	3784	pub	inline	tryPushNativeBoundaryCopiedArgsFast
src/exec/inline_calls.zig	3795	pub	inline	tryPushNativeBoundaryMovedArgsFast
src/exec/inline_calls.zig	3804	priv	inline	tryPushNativeBoundaryArgsFast
src/exec/inline_calls.zig	3840	priv	inline	tryPushNativeBoundaryEmptyFast
src/exec/inline_calls.zig	3911	priv	inline	tryPushNativeBoundaryLeafArgsFast
src/exec/inline_calls.zig	4014	priv	inline	tryPushNativeBoundarySimpleGeneralFast
src/exec/inline_calls.zig	4119	priv		pushNativeBoundarySimple
src/exec/inline_calls.zig	4180	priv		pushNativeBoundaryLeafArgs
src/exec/inline_calls.zig	4273	priv		pushNativeBoundaryEmpty
src/exec/inline_calls.zig	4346	priv	noinline	setupNativeBoundarySimpleEntry
src/exec/inline_calls.zig	4460	pub		pushMovedCall
src/exec/inline_calls.zig	4491	pub		pushAsyncMovedCall
src/exec/inline_calls.zig	4500	pub		completeAsync
src/exec/inline_calls.zig	4509	priv		catchAsyncBoundary
src/exec/inline_calls.zig	4523	pub	inline	pushBorrowedIteratorNext
src/exec/inline_calls.zig	4547	priv	inline	assertBorrowedIteratorWarmEligible
src/exec/inline_calls.zig	4563	priv	inline	readValueAsIntPair
src/exec/inline_calls.zig	4591	pub	inline	tryPushBorrowedIteratorNextFast
src/exec/inline_calls.zig	4643	priv	inline	finishBorrowedIteratorFrame
src/exec/inline_calls.zig	4722	pub		tailCallReuse
src/exec/inline_calls.zig	4819	priv	inline	popFrameMode
src/exec/inline_calls.zig	4858	priv	noinline	popTailChainFrameMode
src/exec/inline_calls.zig	4889	pub	inline	popOrdinaryFrame
src/exec/inline_calls.zig	4914	pub	inline	popFrame
src/exec/inline_calls.zig	4920	pub	inline	popReturnedFrame
src/exec/inline_calls.zig	4931	pub	inline	popReturnedNativeBoundary
src/exec/inline_calls.zig	4976	pub	inline	popReturnedLean
src/exec/inline_calls.zig	4993	pub	inline	popReturnedEmptyLeaf
src/exec/inline_calls.zig	5024	pub	inline	popReturnedExactArgsLeaf
src/exec/inline_calls.zig	5053	pub	inline	popReturnedForwardedLeaf
src/exec/inline_calls.zig	5077	pub		popReturn
src/exec/inline_calls.zig	5128	pub	noinline	popConstructorReturn
src/exec/inline_calls.zig	5163	pub		discardToDepth
src/exec/inline_calls.zig	5176	pub		unwindForErrorToDepth
src/exec/inline_calls.zig	5214	pub		unwindForError
src/exec/internal_builtins.zig	52	priv		checkedRecord
src/exec/internal_builtins.zig	56	priv		recordTable
src/exec/internal_builtins.zig	186	priv		assertIdEnumHasRecord
src/exec/iterator_builtin_ops.zig	26	pub		staticMethodId
src/exec/iterator_builtin_ops.zig	34	pub		prototypeMethodId
src/exec/iterator_builtin_ops.zig	49	pub		next
src/exec/iterator_builtin_ops.zig	95	priv		iteratorEntry
src/exec/iterator_builtin_ops.zig	112	priv		iteratorCall
src/exec/iterator_ops.zig	39	pub		forOfStart
src/exec/iterator_ops.zig	94	pub	noinline	forOfStartVm
src/exec/iterator_ops.zig	111	priv		catchTargetMarkerValue
src/exec/iterator_ops.zig	115	priv		iteratorNextMethod
src/exec/iterator_ops.zig	129	priv		pushForAwaitRecord
src/exec/iterator_ops.zig	147	pub		createAsyncFromSyncIterator
src/exec/iterator_ops.zig	187	priv		testAsyncFromSyncGetValueProperty
src/exec/iterator_ops.zig	206	priv		testAsyncFromSyncIsCallable
src/exec/iterator_ops.zig	262	priv		asyncFromSyncMethod
src/exec/iterator_ops.zig	271	priv		defineValueProperty
src/exec/iterator_ops.zig	275	pub		forInStart
src/exec/iterator_ops.zig	287	pub	noinline	forInStartVm
src/exec/iterator_ops.zig	302	pub		iteratorNext
src/exec/iterator_ops.zig	325	pub	noinline	iteratorNextVm
src/exec/iterator_ops.zig	341	pub		iteratorCheckObject
src/exec/iterator_ops.zig	347	pub	noinline	iteratorCheckObjectVm
src/exec/iterator_ops.zig	362	pub		forAwaitOfNext
src/exec/iterator_ops.zig	382	pub	noinline	forAwaitOfNextVm
src/exec/iterator_ops.zig	398	pub		iteratorGetValueDone
src/exec/iterator_ops.zig	425	pub	noinline	iteratorGetValueDoneVm
src/exec/iterator_ops.zig	441	pub		iteratorCall
src/exec/iterator_ops.zig	476	pub	noinline	iteratorCallVm
src/exec/iterator_ops.zig	496	pub		forOfIteratorIndex
src/exec/iterator_ops.zig	507	pub		forOfNext
src/exec/iterator_ops.zig	551	pub		finishForOfNextResult
src/exec/iterator_ops.zig	610	priv	inline	iteratorResultProperty
src/exec/iterator_ops.zig	637	priv		fastArrayForOfNext
src/exec/iterator_ops.zig	701	priv		fastMapSetForOfNext
src/exec/iterator_ops.zig	756	priv		fastGeneratorForOfNext
src/exec/iterator_ops.zig	789	priv		buildCollectionEntryPair
src/exec/iterator_ops.zig	808	priv		finishMapSetForOfDone
src/exec/iterator_ops.zig	821	pub	noinline	forOfNextVm
src/exec/iterator_ops.zig	844	pub	noinline	forInNext
src/exec/iterator_ops.zig	924	priv		pushForInDone
src/exec/iterator_ops.zig	934	priv		forInPrepareProtoChainEnum
src/exec/iterator_ops.zig	986	pub	noinline	forInNextVm
src/exec/iterator_ops.zig	1001	pub		iteratorClose
src/exec/iterator_ops.zig	1026	pub	noinline	iteratorCloseVm
src/exec/iterator_ops.zig	1041	pub		arrayIteratorPrototypeFromContext
src/exec/iterator_ops.zig	1083	pub		arrayIteratorMethod
src/exec/iterator_ops.zig	1114	pub		arrayIteratorNext
src/exec/iterator_ops.zig	1143	pub		arrayIteratorValue
src/exec/iterator_ops.zig	1180	priv		testArrayIteratorGetValueProperty
src/exec/iterator_ops.zig	1241	pub		iteratorPrototypeFromGlobal
src/exec/iterator_ops.zig	1254	pub		defineToStringTag
src/exec/iterator_ops.zig	1260	pub		iteratorPrototype
src/exec/iterator_ops.zig	1277	pub		iteratorPrototypeAccessor
src/exec/iterator_ops.zig	1308	pub		iteratorPrototypeAccessorSet
src/exec/iterator_ops.zig	1338	pub		iteratorFromCall
src/exec/iterator_ops.zig	1364	pub	inline	installIteratorHelperMethod
src/exec/iterator_ops.zig	1374	priv		iteratorMethodsPrototype
src/exec/iterator_ops.zig	1393	pub		iteratorHelperPrototype
src/exec/iterator_ops.zig	1400	pub		iteratorConcatCall
src/exec/iterator_ops.zig	1445	priv		testIteratorConcatArrayPrototypeFromGlobal
src/exec/iterator_ops.zig	1451	priv		testIteratorConcatGetIteratorMethod
src/exec/iterator_ops.zig	1535	pub		initNormal
src/exec/iterator_ops.zig	1539	pub		initThrow
src/exec/iterator_ops.zig	1545	pub		capture
src/exec/iterator_ops.zig	1553	pub		restore
src/exec/iterator_ops.zig	1558	pub		deinit
src/exec/iterator_ops.zig	1573	pub		iteratorZipCall
src/exec/iterator_ops.zig	1685	pub		iteratorZipModeFromOptions
src/exec/iterator_ops.zig	1704	pub		iteratorZipCollectIndexed
src/exec/iterator_ops.zig	1794	pub		iteratorZipCollectKeyed
src/exec/iterator_ops.zig	1857	pub		iteratorZipFlattenableRecord
src/exec/iterator_ops.zig	1879	pub		iteratorZipNextMethod
src/exec/iterator_ops.zig	1894	pub		iteratorZipCreateHelper
src/exec/iterator_ops.zig	1947	pub		iteratorZipStoreIndex
src/exec/iterator_ops.zig	2017	pub		iteratorZipGetIndex
src/exec/iterator_ops.zig	2021	pub		iteratorZipSetIndex
src/exec/iterator_ops.zig	2030	pub		iteratorZipCloseWithCompletion
src/exec/iterator_ops.zig	2049	pub		iteratorZipCloseAllWithCompletion
src/exec/iterator_ops.zig	2069	pub		iteratorZipClose
src/exec/iterator_ops.zig	2093	pub		iteratorZipCloseAllAndPropagate
src/exec/iterator_ops.zig	2140	pub		iteratorCloseWithCompletionAndPropagate
src/exec/iterator_ops.zig	2156	priv		iteratorHelperCloseWithCompletionAndPropagate
src/exec/iterator_ops.zig	2176	pub		iteratorPrototypeMethodCall
src/exec/iterator_ops.zig	2203	priv		iteratorDisposeCall
src/exec/iterator_ops.zig	2219	priv		iteratorToArrayCall
src/exec/iterator_ops.zig	2254	priv		iteratorPredicateCall
src/exec/iterator_ops.zig	2323	priv		iteratorReduceCall
src/exec/iterator_ops.zig	2383	priv	noinline	iteratorStepFromNextResult
src/exec/iterator_ops.zig	2418	pub	inline	iteratorStepWithNext
src/exec/iterator_ops.zig	2431	priv	inline	iteratorStepWithSyncCall
src/exec/iterator_ops.zig	2443	priv		iteratorStepWithSyncValues
src/exec/iterator_ops.zig	2464	priv		iteratorCreateCallbackHelper
src/exec/iterator_ops.zig	2481	priv		iteratorCreateLimitHelper
src/exec/iterator_ops.zig	2498	priv		iteratorLimitArgument
src/exec/iterator_ops.zig	2520	priv		iteratorCreateHelper
src/exec/iterator_ops.zig	2617	priv		iteratorZipPutResult
src/exec/iterator_ops.zig	2633	priv		iteratorZipCompleteAbrupt
src/exec/iterator_ops.zig	2661	priv		iteratorZipHelperNext
src/exec/iterator_ops.zig	2779	priv		iteratorZipHelperReturn
src/exec/iterator_ops.zig	2814	pub		iteratorHelperNext
src/exec/iterator_ops.zig	2931	priv		iteratorHelperSetInner
src/exec/iterator_ops.zig	2954	priv		iteratorHelperSetInnerFromIterator
src/exec/iterator_ops.zig	2981	pub		iteratorHelperReturn
src/exec/iterator_ops.zig	3005	priv		iteratorHelperClose
src/exec/iterator_ops.zig	3026	priv		iteratorHelperClear
src/exec/iterator_ops.zig	3036	priv		iteratorHelperCloseInner
src/exec/iterator_ops.zig	3052	priv		iteratorHelperClearInner
src/exec/iterator_ops.zig	3057	priv		testIteratorGetValuePropertyOptional
src/exec/iterator_ops.zig	3075	pub		iteratorCloseValue
src/exec/iterator_ops.zig	3090	pub		iteratorForValue
src/exec/iterator_ops.zig	3128	pub		iteratorStepValue
src/exec/iterator_ops.zig	3153	pub		iteratorStepResult
src/exec/iterator_ops.zig	3178	pub		iteratorCallForNativeRecord
src/exec/iterator_ops.zig	3208	pub		iteratorStaticCall
src/exec/iterator_ops.zig	3226	pub		iteratorFromSourceForIteratorFrom
src/exec/iterator_ops.zig	3280	priv	noinline	iteratorWrapMethodCall
src/exec/iterator_ops.zig	3320	pub	inline	iteratorWrapNext
src/exec/iterator_ops.zig	3332	pub	inline	iteratorWrapReturn
src/exec/iterator_ops.zig	3353	pub	noinline	createIteratorResult
src/exec/iterator_ops.zig	3380	pub		closeIteratorForFromEntriesAbrupt
src/exec/json_ops.zig	65	priv		jsonEntry
src/exec/json_ops.zig	80	priv		jsonIsRawJsonCall
src/exec/json_ops.zig	90	priv		jsonRawJsonCall
src/exec/json_ops.zig	112	priv		jsonParseRecordCall
src/exec/json_ops.zig	138	priv		jsonStringifyRecordCall
src/exec/json_ops.zig	152	pub		stringify
src/exec/json_ops.zig	182	pub		parse
src/exec/json_ops.zig	208	priv		deinit
src/exec/json_ops.zig	220	pub		parseWithRecord
src/exec/json_ops.zig	245	priv		jsonParseFullWithRecord
src/exec/json_ops.zig	263	priv		jsonParseFullFromBytes
src/exec/json_ops.zig	279	priv		jsonParseFull
src/exec/json_ops.zig	319	priv		recordValue
src/exec/json_ops.zig	329	priv		findObjectEntry
src/exec/json_ops.zig	341	priv		arrayElement
src/exec/json_ops.zig	354	priv		deinit
src/exec/json_ops.zig	396	priv		traceRecord
src/exec/json_ops.zig	413	priv		traceRoots
src/exec/json_ops.zig	419	priv		provider
src/exec/json_ops.zig	423	priv		activate
src/exec/json_ops.zig	429	priv		deactivate
src/exec/json_ops.zig	469	priv		traceRoots
src/exec/json_ops.zig	486	priv		provider
src/exec/json_ops.zig	490	priv		activate
src/exec/json_ops.zig	496	priv		deactivate
src/exec/json_ops.zig	504	priv		JsonUnitParser
src/exec/json_ops.zig	515	priv		peek
src/exec/json_ops.zig	520	priv		skipWhitespace
src/exec/json_ops.zig	529	priv		expectLiteral
src/exec/json_ops.zig	537	priv		parseValue
src/exec/json_ops.zig	545	priv		parseValueRecord
src/exec/json_ops.zig	580	priv		recordSourceSpan
src/exec/json_ops.zig	596	priv		parseObject
src/exec/json_ops.zig	671	priv		parseArray
src/exec/json_ops.zig	735	priv		parseKeyAtom
src/exec/json_ops.zig	745	priv		parseString
src/exec/json_ops.zig	754	priv		parseStringUnits
src/exec/json_ops.zig	797	priv		parseNumber
src/exec/json_ops.zig	853	priv		jsonHexDigit
src/exec/json_ops.zig	864	priv		appendWtf8FromUnits
src/exec/json_ops.zig	894	pub		rawJSON
src/exec/json_ops.zig	933	priv		isRawJsonEdgeWhitespace
src/exec/json_ops.zig	937	pub		isRawJSON
src/exec/json_ops.zig	944	pub		parseInt
src/exec/json_ops.zig	948	priv		createSimpleJsonAsciiStringValue
src/exec/json_ops.zig	952	priv		appendJsonValue
src/exec/json_ops.zig	1008	priv		appendJsonArray
src/exec/json_ops.zig	1035	priv		appendJsonObject
src/exec/json_ops.zig	1081	priv		parse
src/exec/json_ops.zig	1094	priv		parseValue
src/exec/json_ops.zig	1113	priv		parseObject
src/exec/json_ops.zig	1164	priv		parseArray
src/exec/json_ops.zig	1194	priv		parseSimpleStringBytes
src/exec/json_ops.zig	1209	priv		parseInt32Number
src/exec/json_ops.zig	1230	priv		skipWhitespace
src/exec/json_ops.zig	1239	priv		consumeLiteral
src/exec/json_ops.zig	1246	priv		consumeByte
src/exec/json_ops.zig	1252	priv		expectByte
src/exec/json_ops.zig	1256	priv		peek
src/exec/json_ops.zig	1262	priv		parseSimpleJsonValue
src/exec/json_ops.zig	1281	priv		objectPrototypeFromGlobal
src/exec/json_ops.zig	1290	priv		arrayPrototypeFromGlobal
src/exec/json_ops.zig	1299	priv		cachedRealmObject
src/exec/json_ops.zig	1309	priv		constructorPrototypeFromGlobal
src/exec/json_ops.zig	1319	priv		objectInStack
src/exec/json_ops.zig	1326	priv		isCallableJsonOmittedObject
src/exec/json_ops.zig	1354	priv		isArrayObject
src/exec/json_ops.zig	1361	priv		stringifyPropertyList
src/exec/json_ops.zig	1397	priv		stringifyPropertyListAtom
src/exec/json_ops.zig	1435	priv		stringifyGap
src/exec/json_ops.zig	1477	priv		primitiveValue
src/exec/json_ops.zig	1492	priv		atomListContains
src/exec/json_ops.zig	1499	priv		freePropertyList
src/exec/json_ops.zig	1503	priv		appendIndent
src/exec/json_ops.zig	1508	priv		defineData
src/exec/json_ops.zig	1518	priv		appendJsonInputString
src/exec/json_ops.zig	1581	priv		deinit
src/exec/json_ops.zig	1592	priv		deinitLengthIndexAtom
src/exec/json_ops.zig	1594	pub		jsonParseCall
src/exec/json_ops.zig	1698	pub		jsonInternalizeProperty
src/exec/json_ops.zig	1787	pub		jsonInternalizeChild
src/exec/json_ops.zig	1818	priv		jsonReviverContext
src/exec/json_ops.zig	1839	pub		jsonCreateDataProperty
src/exec/json_ops.zig	1869	pub		jsonStringifyCall
src/exec/json_ops.zig	1968	priv		jsonStringifySimpleNoOptions
src/exec/json_ops.zig	1980	priv		jsonAppendSimpleValue
src/exec/json_ops.zig	2042	priv		jsonSimplePrototypeChainHasNoToJSON
src/exec/json_ops.zig	2053	priv		jsonAppendSimpleArray
src/exec/json_ops.zig	2092	priv		jsonAppendSimpleObject
src/exec/json_ops.zig	2146	pub		jsonStringifyPropertyList
src/exec/json_ops.zig	2188	priv		jsonStringifyPropertyListAtom
src/exec/json_ops.zig	2212	priv		jsonIsStringOrNumberObject
src/exec/json_ops.zig	2217	priv		jsonAtomListContains
src/exec/json_ops.zig	2224	pub		jsonStringifyGap
src/exec/json_ops.zig	2309	pub		jsonSerializeProperty
src/exec/json_ops.zig	2364	pub		jsonAppendValue
src/exec/json_ops.zig	2444	pub		jsonAppendArray
src/exec/json_ops.zig	2486	pub		jsonAppendObject
src/exec/json_ops.zig	2548	pub		jsonPrimitiveWrapperValue
src/exec/json_ops.zig	2563	pub		jsonObjectInStack
src/exec/json_ops.zig	2570	pub		jsonAppendIndent
src/exec/json_ops.zig	2585	priv		trigger
src/exec/math_ops.zig	75	priv		mathOpEntry
src/exec/math_ops.zig	82	priv		mathMinMaxEntry
src/exec/math_ops.zig	93	priv	noinline	mathMinMaxDirect
src/exec/math_ops.zig	116	pub		mathMinMaxNumberFast
src/exec/math_ops.zig	149	priv		mathEntryWithHandler
src/exec/math_ops.zig	165	priv		mathUnaryEntry
src/exec/math_ops.zig	177	priv		mathBinaryEntry
src/exec/math_ops.zig	189	priv		mathUnaryNative
src/exec/math_ops.zig	198	priv		invoke
src/exec/math_ops.zig	204	priv	noinline	mathUnaryInvoke
src/exec/math_ops.zig	238	priv		mathBinaryNative
src/exec/math_ops.zig	240	priv		invoke
src/exec/math_ops.zig	255	priv		xorshift64star
src/exec/math_ops.zig	266	priv		mathRandom
src/exec/math_ops.zig	272	priv		mathOpCall
src/exec/math_ops.zig	302	pub		preparedOpCall
src/exec/math_ops.zig	348	pub		mathArg
src/exec/math_ops.zig	353	pub		toMathNumber
src/exec/math_ops.zig	367	pub		mathMinMax
src/exec/math_ops.zig	402	pub		mathMinMaxPrimitiveFast
src/exec/math_ops.zig	418	pub		primitiveMathNumber
src/exec/math_ops.zig	427	pub		fmin
src/exec/math_ops.zig	432	pub		fmax
src/exec/math_ops.zig	437	pub		mathPow
src/exec/math_ops.zig	442	pub		mathRound
src/exec/math_ops.zig	461	pub		mathHypot
src/exec/math_ops.zig	472	pub		mathImul
src/exec/math_ops.zig	477	pub		mathSign
src/exec/math_ops.zig	484	priv		mathSumPreciseCall
src/exec/math_ops.zig	503	pub		mathSumPrecise
src/exec/math_ops.zig	558	pub		exactF64Sum
src/exec/math_ops.zig	573	pub		exactF64ScaledInteger
src/exec/math_ops.zig	588	pub		scaledIntegerToF64
src/exec/math_ops.zig	628	pub		shouldRoundScaledIntegerUp
src/exec/math_ops.zig	643	pub		call
src/exec/math_ops.zig	690	pub		exp
src/exec/math_ops.zig	696	pub		log2
src/exec/math_ops.zig	701	priv		mathHypotPrimitive
src/exec/math_ops.zig	709	priv		exactPowerOfTwoExponent
src/exec/math_ops.zig	723	priv		numberValue
src/exec/module.zig	52	pub		isLinked
src/exec/module.zig	61	pub		installParsedModuleArtifact
src/exec/module.zig	75	pub		installResolvedModuleArtifact
src/exec/module.zig	91	priv		installPendingDefinition
src/exec/module.zig	109	priv		pendingDefinitionFromArtifact
src/exec/module.zig	205	priv		pendingMetadataError
src/exec/module.zig	212	pub		preloadFileModuleGraphWithOrder
src/exec/module.zig	238	pub		preloadMissingFileModuleGraphWithOrder
src/exec/module.zig	265	pub		resolveModuleSpecifier
src/exec/module.zig	277	pub		moduleFunctionValue
src/exec/module.zig	283	pub		moduleFunctionObject
src/exec/module.zig	288	pub		moduleFunctionBytecode
src/exec/module.zig	296	priv		createModuleDeclarationCell
src/exec/module.zig	311	priv		ensureModuleCaptureCells
src/exec/module.zig	361	priv		ensureModuleFunction
src/exec/module.zig	391	pub		linkModule
src/exec/module.zig	411	priv		linkModuleInner
src/exec/module.zig	498	priv		requestDependency
src/exec/module.zig	508	priv		resolveExportChecked
src/exec/module.zig	521	priv		expectResolvedExport
src/exec/module.zig	544	priv		recordLinkDiagnostic
src/exec/module.zig	559	priv		wireModuleImports
src/exec/module.zig	594	priv		importBindingCell
src/exec/module.zig	612	priv		retainLocalExports
src/exec/module.zig	638	priv		rollbackActiveLinkStack
src/exec/module.zig	647	priv		rollbackRecordLinkArtifacts
src/exec/module.zig	677	pub		runModuleDeclarationInstantiation
src/exec/module.zig	702	pub		runModuleEvaluationStep
src/exec/module.zig	741	pub		moduleNamespaceValue
src/exec/module.zig	749	priv		requestName
src/exec/module.zig	754	priv		resolvedRequestAtomForParsed
src/exec/module.zig	775	priv		bindingCell
src/exec/module.zig	791	priv		namespaceBindingTarget
src/exec/module.zig	803	priv		moduleNamespaceValueForRecord
src/exec/module.zig	818	priv		initializeCanonicalModuleNamespace
src/exec/module.zig	871	priv		defineCanonicalModuleNamespaceToStringTag
src/exec/module.zig	886	priv		collectCanonicalModuleNamespaceExports
src/exec/module.zig	917	priv		resolveModuleNamespaceAutoInit
src/exec/module.zig	947	priv		appendUniqueExport
src/exec/module.zig	954	priv		atomLessThan
src/exec/module.zig	965	priv		preloadFileModuleGraphInner
src/exec/module.zig	988	priv		preloadFileModuleGraphInnerMode
src/exec/module.zig	1118	pub		throwCouldNotLoadModule
src/exec/module.zig	1127	priv		appendTrackedPath
src/exec/module.zig	1133	priv		syntheticKindForRequestIndex
src/exec/module.zig	1157	priv		syntheticModuleKindName
src/exec/module.zig	1166	priv		syntheticKindFromRegistryName
src/exec/module.zig	1175	pub		syntheticModuleRegistryName
src/exec/module.zig	1179	priv		syntheticModuleSourcePath
src/exec/module.zig	1184	pub		syntheticModuleFilePath
src/exec/module.zig	1188	pub		preloadSyntheticFileModule
src/exec/module.zig	1196	priv		preloadSyntheticFileModuleTracked
src/exec/module.zig	1226	priv		ensureSyntheticDefaultCell
src/exec/module.zig	1242	priv		syntheticDefaultExportIndex
src/exec/module.zig	1255	pub		initializeSyntheticFileModule
src/exec/module.zig	1305	priv		moduleBindingInitialized
src/exec/module.zig	1316	priv		setModuleBinding
src/exec/module.zig	1330	priv		syntheticBytesModuleValue
src/exec/module.zig	1342	priv		markImmutableArrayBuffer
src/exec/module.zig	1346	priv		resolvedRequestAtom
src/exec/module.zig	1370	pub		importMetaUrlValue
src/exec/module_graph.zig	63	priv		traceRoots
src/exec/module_graph.zig	72	priv		provider
src/exec/module_graph.zig	76	priv	inline	activate
src/exec/module_graph.zig	82	priv		deactivate
src/exec/module_graph.zig	97	priv		traceRoots
src/exec/module_graph.zig	106	priv		provider
src/exec/module_graph.zig	110	priv	inline	activate
src/exec/module_graph.zig	116	priv		deactivate
src/exec/module_graph.zig	139	priv		replaceAwaited
src/exec/module_graph.zig	150	priv		deinit
src/exec/module_graph.zig	166	priv		importLoaderTypeFromAttributes
src/exec/module_graph.zig	206	priv		continuationList
src/exec/module_graph.zig	210	priv		waiterList
src/exec/module_graph.zig	217	pub		runJobs
src/exec/module_graph.zig	235	priv		activateRoots
src/exec/module_graph.zig	246	priv		deactivateRoots
src/exec/module_graph.zig	256	pub		deinit
src/exec/module_graph.zig	262	priv		load
src/exec/module_graph.zig	289	priv		activeDynamicImportState
src/exec/module_graph.zig	296	priv		createModuleEvaluationWaiter
src/exec/module_graph.zig	327	priv		settleModuleEvaluationWaiters
src/exec/module_graph.zig	372	priv		takeRecordedModuleEvaluationRejection
src/exec/module_graph.zig	389	priv		moduleDependencyRejection
src/exec/module_graph.zig	410	priv		recordDependencyRejection
src/exec/module_graph.zig	435	priv		recordModuleEvaluationRejection
src/exec/module_graph.zig	451	pub		createModuleAwaitReactionPromise
src/exec/module_graph.zig	498	priv		load
src/exec/module_graph.zig	535	pub		evaluateImportCall
src/exec/module_graph.zig	579	priv		buildImportAttributes
src/exec/module_graph.zig	626	priv		rejectedImportTypeError
src/exec/module_graph.zig	639	priv		rejectedImportRuntimeError
src/exec/module_graph.zig	658	pub		enqueueDynamicImportJob
src/exec/module_graph.zig	668	priv		enqueueDynamicImportJobWithAttributes
src/exec/module_graph.zig	707	priv		dynamicImportJobRun
src/exec/module_graph.zig	790	priv		dynamicImportRejectionValue
src/exec/module_graph.zig	828	pub		deinit
src/exec/module_graph.zig	834	pub		installDynamicImport
src/exec/module_graph.zig	842	priv		runJobs
src/exec/module_graph.zig	851	pub		evalFileModuleGraphWithOutput
src/exec/module_graph.zig	942	priv		preloadedModuleNeedsEvaluation
src/exec/module_graph.zig	953	pub		evalFileModuleGraphWithHostHooks
src/exec/module_graph.zig	1037	priv		initializeSyntheticFileModules
src/exec/module_graph.zig	1069	priv		evalPreloadedFileModuleStep
src/exec/module_graph.zig	1136	priv		startPreloadedFileModuleStep
src/exec/module_graph.zig	1150	priv		handleModuleEvalStep
src/exec/module_graph.zig	1173	priv		appendModuleEvalStepRetainingOnError
src/exec/module_graph.zig	1216	priv		enqueueDeferredModuleStart
src/exec/module_graph.zig	1246	priv		drainModuleContinuations
src/exec/module_graph.zig	1275	priv		drainModuleContinuationsForDependencies
src/exec/module_graph.zig	1303	priv		drainModuleJobLoop
src/exec/module_graph.zig	1324	priv		drainOneModuleQueuedOrHostJob
src/exec/module_graph.zig	1339	priv		drainOneModuleHostEvent
src/exec/module_graph.zig	1353	priv		prepareModuleContinuationAwait
src/exec/module_graph.zig	1388	priv		nextReadyModuleContinuation
src/exec/module_graph.zig	1396	priv		drainOneScheduledModuleWork
src/exec/module_graph.zig	1438	priv		reinsertRemovedModuleStep
src/exec/module_graph.zig	1475	priv		retainRemovedModuleStep
src/exec/module_graph.zig	1525	priv		drainOneModuleContinuation
src/exec/module_graph.zig	1649	priv		hasActiveAsyncDependency
src/exec/module_graph.zig	1670	priv		recordHasActiveAsyncDependency
src/exec/module_graph.zig	1695	priv		freeModuleContinuations
src/exec/module_graph.zig	1707	priv		freeModuleEvaluationWaiters
src/exec/module_graph.zig	1716	pub		moduleResolutionError
src/exec/module_graph.zig	1723	priv		evalDynamicImportModule
src/exec/module_graph.zig	1900	priv		throwCachedModuleEvalException
src/exec/module_graph.zig	1914	pub		throwModuleLinkError
src/exec/module_graph.zig	1942	priv		evalDynamicImportModuleWithHostHooks
src/exec/module_graph.zig	2026	priv		moduleNeedsEvaluation
src/exec/module_graph.zig	2033	priv		dynamicImportHostError
src/exec/module_graph.zig	2048	priv		appendPendingModuleEvalPostorder
src/exec/module_graph.zig	2075	priv		rebuildPendingModuleEvalPostorder
src/exec/module_graph.zig	2095	priv		preloadFileModuleGraphWithHostHooks
src/exec/module_graph.zig	2107	priv		preloadFileModuleGraphWithHostHooksMode
src/exec/module_graph.zig	2135	priv		trackedPathContains
src/exec/module_graph.zig	2142	priv		validateHostResolvedRecord
src/exec/module_graph.zig	2156	priv		validateHostRequestDependency
src/exec/module_graph.zig	2170	priv		preloadFileModuleGraphWithHostHooksInner
src/exec/module_graph.zig	2340	priv		wrapSourceByKind
src/exec/native_legacy.zig	23	pub		sigIdByName
src/exec/native_legacy.zig	79	priv	inline	args
src/exec/native_legacy.zig	84	priv		managedGeneric
src/exec/native_legacy.zig	86	priv		thunk
src/exec/native_legacy.zig	94	priv		managedGenericMagic
src/exec/native_legacy.zig	96	priv		thunk
src/exec/native_legacy.zig	103	priv		getterThunk
src/exec/native_legacy.zig	105	priv		thunk
src/exec/native_legacy.zig	112	priv		getterMagicThunk
src/exec/native_legacy.zig	114	priv		thunk
src/exec/native_legacy.zig	120	priv		setterThunk
src/exec/native_legacy.zig	122	priv		thunk
src/exec/native_legacy.zig	129	priv		setterMagicThunk
src/exec/native_legacy.zig	131	priv		thunk
src/exec/native_legacy.zig	137	priv		leafF64
src/exec/native_legacy.zig	139	priv		thunk
src/exec/native_legacy.zig	145	priv		leafF64F64
src/exec/native_legacy.zig	147	priv		thunk
src/exec/native_legacy.zig	156	pub		entryFromInternal
src/exec/native_legacy.zig	242	priv		primLeafOrManaged
src/exec/native_legacy.zig	264	pub		genericEntry
src/exec/number_ops.zig	33	pub		staticMethodId
src/exec/number_ops.zig	43	pub		prototypeMethodId
src/exec/number_ops.zig	74	priv		numberEntry
src/exec/number_ops.zig	90	priv		numberCall
src/exec/number_ops.zig	161	priv		numberPrototypeMethod
src/exec/number_ops.zig	197	priv		numberIsInteger
src/exec/number_ops.zig	202	pub		parseFloat
src/exec/number_ops.zig	206	pub		toString
src/exec/number_ops.zig	210	pub		toFixed
src/exec/number_ops.zig	219	pub		toExponential
src/exec/number_ops.zig	235	pub		toPrecision
src/exec/number_ops.zig	244	pub		toStringMethod
src/exec/number_ops.zig	277	priv		numberStringValue
src/exec/number_ops.zig	284	priv		dtoaStringValue
src/exec/number_ops.zig	291	priv		integerDigitsArgument
src/exec/object_builtin_ops.zig	69	priv		init
src/exec/object_builtin_ops.zig	83	priv		deinit
src/exec/object_builtin_ops.zig	105	pub		staticMethodId
src/exec/object_builtin_ops.zig	132	pub		prototypeMethodId
src/exec/object_builtin_ops.zig	146	pub		prototypeMethodOrdinal
src/exec/object_builtin_ops.zig	162	priv		staticEntry
src/exec/object_builtin_ops.zig	166	priv		prototypeEntry
src/exec/object_builtin_ops.zig	170	priv		prototypeExecDirectEntry
src/exec/object_builtin_ops.zig	181	priv		objectEntry
src/exec/object_builtin_ops.zig	192	priv		constructorEntry
src/exec/object_builtin_ops.zig	247	priv		objectConstructorCall
src/exec/object_builtin_ops.zig	265	priv		objectCall
src/exec/object_builtin_ops.zig	307	priv		objectCallForNativeRecord
src/exec/object_builtin_ops.zig	361	pub		literal
src/exec/object_builtin_ops.zig	423	priv		entryArrayValue
src/exec/object_builtin_ops.zig	480	pub		objectIsPrototypeOf
src/exec/object_builtin_ops.zig	499	pub		objectValueOfCall
src/exec/object_builtin_ops.zig	505	pub		objectCreateCall
src/exec/object_builtin_ops.zig	526	pub		objectAssignCall
src/exec/object_builtin_ops.zig	574	priv		assignSourceIsOrdinary
src/exec/object_builtin_ops.zig	597	priv		objectAssignEnumOnly
src/exec/object_builtin_ops.zig	624	pub		objectAssignKeys
src/exec/object_builtin_ops.zig	648	pub		objectHasOwnCall
src/exec/object_builtin_ops.zig	678	priv		objectHasOwnPropertyDirect
src/exec/object_builtin_ops.zig	714	priv		objectHasOwnPropertyHost
src/exec/object_builtin_ops.zig	747	pub		objectPrototypeOwnPropertyCall
src/exec/object_builtin_ops.zig	778	pub		objectPrototypeDefineAccessorCall
src/exec/object_builtin_ops.zig	827	pub		objectPrototypeLookupAccessorCall
src/exec/object_builtin_ops.zig	854	pub		objectFromEntriesCall
src/exec/object_builtin_ops.zig	896	pub		objectGroupByCall
src/exec/object_builtin_ops.zig	950	priv		objectAddEntriesStepValue
src/exec/object_builtin_ops.zig	982	pub		objectSetIntegrityCall
src/exec/object_builtin_ops.zig	1033	pub		objectTestIntegrityCall
src/exec/object_builtin_ops.zig	1056	pub		objectIsExtensibleForIntegrity
src/exec/object_builtin_ops.zig	1076	pub		appendObjectGroupByValue
src/exec/object_builtin_ops.zig	1129	pub		objectPreventExtensionsCall
src/exec/object_builtin_ops.zig	1147	pub		getOwnPropertyDescriptorCall
src/exec/object_builtin_ops.zig	1167	pub		objectGetPrototypeOfCall
src/exec/object_builtin_ops.zig	1183	pub		objectPrototypeMethodFunctionPrototype
src/exec/object_builtin_ops.zig	1193	pub		isObjectPrototypeNativeRecord
src/exec/object_builtin_ops.zig	1198	pub		getOwnPropertyDescriptorsCall
src/exec/object_builtin_ops.zig	1234	pub	inline	objectOwnPropertyKeysCall
src/exec/object_ops.zig	120	pub		objectPrototypeFromGlobal
src/exec/object_ops.zig	140	pub		constructorPrototypeFromGlobal
src/exec/object_ops.zig	145	pub		constructorPrototypeFromGlobalAtom
src/exec/object_ops.zig	153	pub		functionPrototypeFromGlobal
src/exec/object_ops.zig	157	pub		cachedRealmObject
src/exec/object_ops.zig	162	pub		primitivePrototypeFromRealmOrGlobal
src/exec/object_ops.zig	178	priv		primitivePrototypeForAccess
src/exec/object_ops.zig	208	pub		materializeFrameThisBinding
src/exec/object_ops.zig	223	pub		generatorPrototypeFromGlobal
src/exec/object_ops.zig	235	pub		installGeneratorPrototypeProperties
src/exec/object_ops.zig	251	pub		generatorFunctionPrototypeFromGlobal
src/exec/object_ops.zig	278	priv		createGlobalClosureVarRef
src/exec/object_ops.zig	285	priv		bytecodeFunctionClassId
src/exec/object_ops.zig	297	pub		createModuleBytecodeFunctionShell
src/exec/object_ops.zig	322	priv		bytecodeFunctionPrototypeForRealm
src/exec/object_ops.zig	358	priv		ownedClosureCell
src/exec/object_ops.zig	368	pub		createRootGlobalClosureCell
src/exec/object_ops.zig	396	priv	inline	resolveNestedClosureCell
src/exec/object_ops.zig	431	priv		attachFunctionCaptures
src/exec/object_ops.zig	467	priv		createBytecodeFunctionObjectInternal
src/exec/object_ops.zig	520	priv		jsFunctionSetProperties
src/exec/object_ops.zig	547	priv		installOrdinaryFunctionPrototype
src/exec/object_ops.zig	588	pub		createBytecodeFunctionObject
src/exec/object_ops.zig	605	priv		createClassBytecodeFunctionObject
src/exec/object_ops.zig	623	pub		createRootBytecodeFunctionObject
src/exec/object_ops.zig	644	pub		constructPrimitiveWrapperWithPrototype
src/exec/object_ops.zig	682	pub		aggregateErrorConstructWithPrototype
src/exec/object_ops.zig	792	pub		suppressedErrorConstructWithPrototype
src/exec/object_ops.zig	872	pub		disposableStackConstructWithPrototype
src/exec/object_ops.zig	882	pub		errorConstructWithPrototype
src/exec/object_ops.zig	975	pub		createCallSiteObject
src/exec/object_ops.zig	996	pub		callSitePrototypeFromGlobal
src/exec/object_ops.zig	1030	pub		defineDataPropertyByAtom
src/exec/object_ops.zig	1042	pub		regExpPrototypeMethodIsDefault
src/exec/object_ops.zig	1067	pub		regExpPrototypeGetterIsDefault
src/exec/object_ops.zig	1087	pub		regExpIsStandard
src/exec/object_ops.zig	1106	pub		setValuePropertyStrict
src/exec/object_ops.zig	1142	pub		regExpPrototypeFromGlobal
src/exec/object_ops.zig	1149	pub		datePrototypeMethod
src/exec/object_ops.zig	1184	pub		defineFreshNonIndexDataProperty
src/exec/object_ops.zig	1188	pub		defineRegExpIndicesGroupsProperty
src/exec/object_ops.zig	1230	pub	noinline	populateRegExpGroupsFromCaptureValues
src/exec/object_ops.zig	1259	pub		primitivePrototypeMethod
src/exec/object_ops.zig	1322	priv		symbolConstructorCall
src/exec/object_ops.zig	1346	priv		symbolDescriptionValue
src/exec/object_ops.zig	1355	priv		symbolPrimitiveValue
src/exec/object_ops.zig	1368	pub		throwPrimitivePrototypeTypeError
src/exec/object_ops.zig	1387	pub		getNumberPrototypeMethodId
src/exec/object_ops.zig	1402	pub		numberPrototypeMethod
src/exec/object_ops.zig	1431	pub		primitivePrototypeThisValue
src/exec/object_ops.zig	1453	pub		defineErrorStackDataProperty
src/exec/object_ops.zig	1475	pub		dataViewConstructWithPrototype
src/exec/object_ops.zig	1493	pub		defineClassFieldDataProperty
src/exec/object_ops.zig	1508	pub		constructWeakRefWithPrototype
src/exec/object_ops.zig	1512	pub		constructFinalizationRegistryWithPrototype
src/exec/object_ops.zig	1534	pub		constructCollectionWithPrototypeFromVm
src/exec/object_ops.zig	1578	pub		fromObject
src/exec/object_ops.zig	1582	pub		object
src/exec/object_ops.zig	1586	pub		deinit
src/exec/object_ops.zig	1591	pub		constructorPrototypeObject
src/exec/object_ops.zig	1601	pub		dynamicFunctionNewTargetPrototype
src/exec/object_ops.zig	1626	pub		constructorClassPrototypeId
src/exec/object_ops.zig	1672	pub		nativeErrorKindFromConstructorName
src/exec/object_ops.zig	1686	pub		objectRealmGlobal
src/exec/object_ops.zig	1709	pub		propertyIndexFromLengthKey
src/exec/object_ops.zig	1720	pub		propertyAtomFromLengthIndex
src/exec/object_ops.zig	1730	pub		createDataPropertyOrThrow
src/exec/object_ops.zig	1748	pub		objectGetPrototypeOfStep
src/exec/object_ops.zig	1789	pub	inline	objectGetPrototypeOfValue
src/exec/object_ops.zig	1801	pub		destructuringObjectRest
src/exec/object_ops.zig	1869	pub		objectRestOwnKeys
src/exec/object_ops.zig	1922	pub		objectRestOwnPropertyDescriptor
src/exec/object_ops.zig	1932	pub		objectRestKeyExcluded
src/exec/object_ops.zig	1940	pub		atomicsBufferObject
src/exec/object_ops.zig	1945	pub		importMetaObject
src/exec/object_ops.zig	1971	pub		createGeneratorObject
src/exec/object_ops.zig	2112	pub		generatorObjectPrototype
src/exec/object_ops.zig	2121	pub		iteratorPrototypeAccessor
src/exec/object_ops.zig	2136	pub		iteratorPrototypeAccessorSet
src/exec/object_ops.zig	2149	pub		iteratorPrototypeMethodCall
src/exec/object_ops.zig	2171	pub		iteratorIsOnIteratorPrototypeChain
src/exec/object_ops.zig	2182	pub		wrapForValidIteratorPrototype
src/exec/object_ops.zig	2198	pub		tagIteratorWrapPrototypeMethod
src/exec/object_ops.zig	2207	pub		iteratorPrototypeFromGlobal
src/exec/object_ops.zig	2211	pub		iteratorPrototype
src/exec/object_ops.zig	2215	priv		argumentsPropertyTemplate
src/exec/object_ops.zig	2232	priv	noinline	createMappedArgumentsObject
src/exec/object_ops.zig	2277	priv		argumentsIteratorValueOwned
src/exec/object_ops.zig	2297	pub	noinline	createArgumentsObject
src/exec/object_ops.zig	2349	pub		installFunctionPrototypeThrowTypeErrorAccessors
src/exec/object_ops.zig	2356	pub		isThrowTypeErrorIntrinsicObject
src/exec/object_ops.zig	2360	pub		frameArgumentsObjectForSpecialObject
src/exec/object_ops.zig	2372	pub		functionObjectFromValue
src/exec/object_ops.zig	2387	pub	inline	plainBytecodeFunctionObjectFromValue
src/exec/object_ops.zig	2400	pub		callableObjectFromValue
src/exec/object_ops.zig	2410	pub		toPropertyKeyValue
src/exec/object_ops.zig	2422	pub		toPropertyKeyAtom
src/exec/object_ops.zig	2434	pub		callObjectToPrimitiveMethod
src/exec/object_ops.zig	2454	pub		getMethodPropertyForOrdinaryToPrimitive
src/exec/object_ops.zig	2478	pub		getValueProperty
src/exec/object_ops.zig	2570	pub	inline	probeNamedDataProperty
src/exec/object_ops.zig	2584	pub	inline	probePublicNamedDataPropertyFromObject
src/exec/object_ops.zig	2597	priv	noinline	getValuePropertyNonObject
src/exec/object_ops.zig	2622	priv	noinline	functionCallerArgumentsProperty
src/exec/object_ops.zig	2666	priv	noinline	getPrivateValueProperty
src/exec/object_ops.zig	2689	pub		setPrivateValueProperty
src/exec/object_ops.zig	2719	pub		getPrimitiveProperty
src/exec/object_ops.zig	2739	pub		ownDataOrAutoInitPropertyValue
src/exec/object_ops.zig	2751	pub		getValuePropertyWithReceiver
src/exec/object_ops.zig	2779	pub		primitiveObjectForAccess
src/exec/object_ops.zig	2858	pub		setValueProperty
src/exec/object_ops.zig	2876	pub		setValuePropertyWithThrow
src/exec/object_ops.zig	2993	pub		setWithOwnDescriptor
src/exec/object_ops.zig	3042	pub		bytecodeFunctionObjectTag
src/exec/object_ops.zig	3050	pub		definePropertyWithKind
src/exec/object_ops.zig	3102	pub		destroy
src/exec/object_ops.zig	3118	pub		objectEnumerableOwnPropertiesCall
src/exec/object_ops.zig	3183	pub		objectProtoGetterCall
src/exec/object_ops.zig	3197	pub		objectProtoSetterCall
src/exec/object_ops.zig	3226	pub	inline	objectIsExtensibleCall
src/exec/object_ops.zig	3239	pub		objectSetPrototypeOfCall
src/exec/object_ops.zig	3271	pub		reflectSetPrototypeOfCall
src/exec/object_ops.zig	3296	pub		reflectConstructPrototypeVm
src/exec/object_ops.zig	3321	pub		objectHasImmutablePrototype
src/exec/object_ops.zig	3326	pub		reflectDeletePropertyCall
src/exec/object_ops.zig	3340	pub		reflectGetOwnPropertyDescriptorCall
src/exec/object_ops.zig	3356	pub		reflectGetPrototypeOfCall
src/exec/object_ops.zig	3369	pub		descriptorObjectFromDescriptor
src/exec/object_ops.zig	3429	pub		descriptorFromObject
src/exec/object_ops.zig	3515	pub		optionalBoolDescriptorProperty
src/exec/object_ops.zig	3530	priv	inline	getPropertyValueFromObjectChain
src/exec/object_ops.zig	3573	priv	noinline	getSlowPropertyValueFromObject
src/exec/object_ops.zig	3609	pub		getSuperPropertyValue
src/exec/object_ops.zig	3642	pub		setSuperPropertyValue
src/exec/object_ops.zig	3684	pub		findPropertyDescriptor
src/exec/object_ops.zig	3690	pub		sameObjectIdentity
src/exec/object_ops.zig	3708	pub	inline	hasPropertyForWith
src/exec/object_ops.zig	3721	pub		hasValueProperty
src/exec/object_ops.zig	3745	pub		ordinaryHasValueProperty
src/exec/object_ops.zig	3786	pub		indexedExoticHasProperty
src/exec/object_ops.zig	3792	pub		deleteValuePropertyOrThrow
src/exec/object_ops.zig	3803	pub		deleteValueProperty
src/exec/object_ops.zig	3839	pub		defineValueProperty
src/exec/object_ops.zig	3843	pub		defineFunctionNameProperty
src/exec/object_ops.zig	3849	pub		objectHasNonEmptyName
src/exec/object_ops.zig	3858	pub		throwNullishPropertyTypeError
src/exec/object_ops.zig	3871	pub		throwNullishComputedPropertyTypeError
src/exec/object_ops.zig	3885	pub		atomPropertyName
src/exec/object_ops.zig	3895	pub	noinline	getSuper
src/exec/object_ops.zig	3929	pub	noinline	getSuperValue
src/exec/object_ops.zig	3963	pub	noinline	putSuperValue
src/exec/object_ops.zig	3996	pub	noinline	setHomeObject
src/exec/object_ops.zig	4008	pub		checkBrand
src/exec/object_ops.zig	4015	pub	noinline	checkBrandVm
src/exec/object_ops.zig	4045	pub		addBrand
src/exec/object_ops.zig	4070	pub	noinline	addBrandVm
src/exec/object_ops.zig	4085	pub		privateIn
src/exec/object_ops.zig	4109	pub	noinline	privateInVm
src/exec/object_ops.zig	4125	pub	noinline	defineClass
src/exec/object_ops.zig	4228	pub	noinline	defineMethod
src/exec/object_ops.zig	4248	pub	noinline	defineMethodComputed
src/exec/object_ops.zig	4272	priv		defineObjectMethod
src/exec/object_ops.zig	4287	priv		defineObjectMethodValue
src/exec/object_ops.zig	4350	priv		stackValueFromTop
src/exec/object_ops.zig	4356	priv		ensureHomeObjectBrand
src/exec/object_ops.zig	4369	priv		hasPrivateBrand
src/exec/object_ops.zig	4378	priv		readInt
src/exec/object_ops.zig	4424	priv	noinline	proxySetWithTrap
src/exec/object_ops.zig	4462	pub	inline	proxySetTrapForErrorStackSetter
src/exec/object_ops.zig	4476	pub		proxyCreateDataPropertyOrThrow
src/exec/object_ops.zig	4513	pub		validateProxyOwnKeysResult
src/exec/object_ops.zig	4559	pub		proxyAwareOwnPropertyDescriptor
src/exec/object_ops.zig	4616	pub		proxyAwareExistsOwnProperty
src/exec/object_ops.zig	4646	priv	noinline	proxyAwareExtensibleOp
src/exec/object_ops.zig	4697	pub	inline	proxyAwareIsExtensible
src/exec/object_ops.zig	4708	pub	inline	proxyAwarePreventExtensions
src/exec/object_ops.zig	4719	pub		proxyAwareSetPrototypeOf
src/exec/object_ops.zig	4751	pub		completeProxyDescriptor
src/exec/object_ops.zig	4769	pub		isCompatibleProxyDescriptor
src/exec/object_ops.zig	4791	pub		proxyTargetIsCallable
src/exec/object_ops.zig	4797	pub		proxyTargetIsConstructor
src/exec/object_ops.zig	4803	pub		callProxyApply
src/exec/object_ops.zig	4830	pub		constructProxy
src/exec/object_ops.zig	4863	pub		getProxyProperty
src/exec/object_ops.zig	4892	pub		validateProxyGetResult
src/exec/object_ops.zig	4928	priv		validatePlainProxyGetResultFast
src/exec/object_ops.zig	4948	pub		firstProxyInPrototypeSetPath
src/exec/object_ops.zig	4957	pub	inline	proxySetValueProperty
src/exec/object_ops.zig	4971	pub		validateProxySetResult
src/exec/object_ops.zig	4994	pub		proxyDefineValueForReflectSet
src/exec/object_ops.zig	5043	pub		proxyTargetIsCallableObject
src/exec/object_ops.zig	5050	pub		proxyDefineOwnProperty
src/exec/object_ops.zig	5099	pub		validateProxyHasResult
src/exec/object_ops.zig	5122	pub		proxyTrapKeyValue
src/exec/open_bindings.zig	26	pub	inline	acquire
src/exec/open_bindings.zig	48	pub		close
src/exec/open_bindings.zig	56	pub		closeAll
src/exec/open_bindings.zig	64	pub		hasOpen
src/exec/performance_ops.zig	25	priv		performanceNowCall
src/exec/performance_ops.zig	36	priv		performanceNowMs
src/exec/primitive_ops.zig	20	pub		toString
src/exec/primitive_ops.zig	40	priv		primitiveId
src/exec/primitive_ops.zig	110	priv		primitiveEntry
src/exec/primitive_ops.zig	124	pub		primitiveCall
src/exec/primitive_ops.zig	147	priv		primitiveStaticEntry
src/exec/primitive_ops.zig	163	priv		primitiveStaticCall
src/exec/print_inspector.zig	41	priv		puts
src/exec/print_inspector.zig	45	priv		putc
src/exec/print_inspector.zig	49	priv		printf
src/exec/print_inspector.zig	53	priv		putUnicodeEscape
src/exec/print_inspector.zig	60	priv		makeState
src/exec/print_inspector.zig	66	pub		printValue
src/exec/print_inspector.zig	73	pub		printHostArgument
src/exec/print_inspector.zig	81	priv		printFloat64
src/exec/print_inspector.zig	96	priv		len
src/exec/print_inspector.zig	103	priv		at
src/exec/print_inspector.zig	113	priv		printUnits
src/exec/print_inspector.zig	166	priv		unitsOfString
src/exec/print_inspector.zig	175	priv		printString
src/exec/print_inspector.zig	191	priv		printRawString
src/exec/print_inspector.zig	216	priv		isAsciiIdent
src/exec/print_inspector.zig	229	priv		printAtom
src/exec/print_inspector.zig	236	priv		printNameBytes
src/exec/print_inspector.zig	255	priv		printClassName
src/exec/print_inspector.zig	288	priv		printComma
src/exec/print_inspector.zig	298	priv		printMoreItems
src/exec/print_inspector.zig	305	priv		ownOrProtoDataString
src/exec/print_inspector.zig	332	priv		printRegExp
src/exec/print_inspector.zig	397	priv		putUnitRaw
src/exec/print_inspector.zig	406	priv		printError
src/exec/print_inspector.zig	450	priv		isTypedArrayClass
src/exec/print_inspector.zig	456	priv		isCallableClass
src/exec/print_inspector.zig	476	priv		printObject
src/exec/print_inspector.zig	626	priv		dateIsoText
src/exec/print_inspector.zig	633	priv		printStackIndex
src/exec/print_inspector.zig	641	priv		printValueRec
src/exec/promise_builtin_ops.zig	41	priv		promiseStaticEntry
src/exec/promise_builtin_ops.zig	57	priv		promisePrototypeEntry
src/exec/promise_builtin_ops.zig	81	priv		promisePrototypeCall
src/exec/promise_builtin_ops.zig	110	priv		promiseResolveCall
src/exec/promise_builtin_ops.zig	130	priv		promiseStaticCall
src/exec/promise_ops.zig	31	pub		legacyStaticMethodId
src/exec/promise_ops.zig	129	pub		promisePrototypeFromGlobal
src/exec/promise_ops.zig	136	pub		asyncFunctionPrototypeFromGlobal
src/exec/promise_ops.zig	155	pub		asyncIteratorPrototypeFromGlobal
src/exec/promise_ops.zig	175	pub		asyncGeneratorPrototypeFromGlobal
src/exec/promise_ops.zig	188	pub		installAsyncGeneratorPrototypeProperties
src/exec/promise_ops.zig	198	pub	inline	defineAsyncGeneratorDataMethod
src/exec/promise_ops.zig	202	pub		asyncGeneratorFunctionPrototypeFromGlobal
src/exec/promise_ops.zig	221	pub		defaultPromiseCapability
src/exec/promise_ops.zig	232	pub		promiseResolveCapability
src/exec/promise_ops.zig	244	pub		promiseConstruct
src/exec/promise_ops.zig	265	pub		promiseConstructWithPrototype
src/exec/promise_ops.zig	301	pub		createPromiseResolvingState
src/exec/promise_ops.zig	313	pub		createPromiseResolvingPair
src/exec/promise_ops.zig	334	pub		createPromiseResolvingFunction
src/exec/promise_ops.zig	352	priv		testStandardGlobal
src/exec/promise_ops.zig	422	pub		appendPromiseReaction
src/exec/promise_ops.zig	452	pub		promiseReactionRecord
src/exec/promise_ops.zig	516	pub		promiseReactionJob
src/exec/promise_ops.zig	593	pub		deinit
src/exec/promise_ops.zig	602	pub		commit
src/exec/promise_ops.zig	668	pub		preparePromiseReactionJobs
src/exec/promise_ops.zig	696	pub		promiseSettleValue
src/exec/promise_ops.zig	854	priv		promiseSettlementMayAllocate
src/exec/promise_ops.zig	864	priv		settlePromiseResolutionWithReservedOwner
src/exec/promise_ops.zig	892	priv		publishPromiseResolution
src/exec/promise_ops.zig	913	pub		promiseResolvingFunctionCall
src/exec/promise_ops.zig	946	priv		resolvePromiseWithState
src/exec/promise_ops.zig	1024	pub		promiseThenableJob
src/exec/promise_ops.zig	1037	priv		thunk
src/exec/promise_ops.zig	1047	priv		call
src/exec/promise_ops.zig	1061	priv		promiseJobOomProbeFunction
src/exec/promise_ops.zig	1080	priv		thunk
src/exec/promise_ops.zig	1091	priv		promiseBareCapabilityErrorFunction
src/exec/promise_ops.zig	1106	priv		appendDummyPromiseReaction
src/exec/promise_ops.zig	1229	priv		run
src/exec/promise_ops.zig	1446	pub		promiseThenableJobCall
src/exec/promise_ops.zig	1505	priv		promiseSettlementJobCall
src/exec/promise_ops.zig	1520	pub		promiseReactionJobCall
src/exec/promise_ops.zig	1668	pub		resetThenCapabilityTestMetrics
src/exec/promise_ops.zig	1672	pub		thenCapabilityTestMetrics
src/exec/promise_ops.zig	1686	priv		thenCapability
src/exec/promise_ops.zig	1707	priv		thenReactionRecord
src/exec/promise_ops.zig	1722	pub		promiseCapabilityExecutorCall
src/exec/promise_ops.zig	1738	pub		promiseCombinatorElementCall
src/exec/promise_ops.zig	1813	pub		promiseCapability
src/exec/promise_ops.zig	1866	pub		promiseSetArrayIndex
src/exec/promise_ops.zig	1871	pub		promiseKeyedResult
src/exec/promise_ops.zig	1978	pub		promiseCombinatorState
src/exec/promise_ops.zig	2035	pub		promiseKeyedCombinatorState
src/exec/promise_ops.zig	2042	pub		promiseCombinatorCallback
src/exec/promise_ops.zig	2059	pub		promiseRejectCapability
src/exec/promise_ops.zig	2071	pub	noinline	promiseRejectCapabilityForError
src/exec/promise_ops.zig	2089	priv	noinline	rejectCombinatorAndRelease
src/exec/promise_ops.zig	2102	pub		promiseResolveIdentity
src/exec/promise_ops.zig	2126	priv		promiseConstructorDataValueForFastPath
src/exec/promise_ops.zig	2137	pub		promiseDefaultConstructor
src/exec/promise_ops.zig	2150	pub		promiseSpeciesConstructor
src/exec/promise_ops.zig	2171	pub		promiseConstructorRealmGlobal
src/exec/promise_ops.zig	2178	pub		promiseCombinatorCall
src/exec/promise_ops.zig	2320	pub		promiseKeyedCombinatorCall
src/exec/promise_ops.zig	2420	pub		promiseResolveStaticCall
src/exec/promise_ops.zig	2448	pub		promiseStaticCall
src/exec/promise_ops.zig	2509	pub		deinit
src/exec/promise_ops.zig	2514	pub		commit
src/exec/promise_ops.zig	2519	pub		promiseRejectionReason
src/exec/promise_ops.zig	2558	pub		closeForAwaitIteratorFromVm
src/exec/promise_ops.zig	2569	pub		constructAsyncFunctionFromSource
src/exec/promise_ops.zig	2581	pub		constructAsyncGeneratorFunctionFromSource
src/exec/promise_ops.zig	2593	pub		asyncFunctionStart
src/exec/promise_ops.zig	2636	pub		asyncFunctionRunState
src/exec/promise_ops.zig	2679	pub		asyncFunctionRunAndSettle
src/exec/promise_ops.zig	2707	pub		asyncFunctionAwaitOrReject
src/exec/promise_ops.zig	2725	pub		clearHandledRejectionException
src/exec/promise_ops.zig	2729	pub		asyncFunctionAwait
src/exec/promise_ops.zig	2815	pub		asyncFunctionResumeCallback
src/exec/promise_ops.zig	2836	priv		asyncResumeJobCall
src/exec/promise_ops.zig	2849	pub		asyncFunctionResumeCallbackCall
src/exec/promise_ops.zig	2969	pub		settleAsyncPromise
src/exec/promise_ops.zig	2982	pub		asyncFunctionSettle
src/exec/promise_ops.zig	3016	priv		run
src/exec/promise_ops.zig	3200	pub		asyncFunctionClearPromise
src/exec/promise_ops.zig	3204	pub		isAsyncGeneratorPrototypeMethod
src/exec/promise_ops.zig	3209	pub		isAsyncGeneratorReceiver
src/exec/promise_ops.zig	3214	pub		asyncGeneratorRejectedTypeError
src/exec/promise_ops.zig	3218	pub		asyncFromSyncIteratorMethodCall
src/exec/promise_ops.zig	3244	pub		asyncFromSyncIteratorThrow
src/exec/promise_ops.zig	3286	pub		asyncFromSyncIteratorCloseWrap
src/exec/promise_ops.zig	3298	pub		asyncFromSyncIteratorCloseWrapCall
src/exec/promise_ops.zig	3316	pub		asyncFromSyncIteratorNext
src/exec/promise_ops.zig	3344	pub		asyncFromSyncIteratorReturn
src/exec/promise_ops.zig	3372	pub		asyncFromSyncIteratorContinuation
src/exec/promise_ops.zig	3439	pub		asyncFromSyncIteratorUnwrap
src/exec/promise_ops.zig	3451	pub		asyncFromSyncIteratorUnwrapCall
src/exec/promise_ops.zig	3471	pub		promiseFinallyCallback
src/exec/promise_ops.zig	3531	pub		promiseFinallyCallbackCall
src/exec/promise_ops.zig	3584	pub		promiseFinally
src/exec/promise_ops.zig	3611	pub		performPromiseThen
src/exec/promise_ops.zig	3720	pub		promiseThen
src/exec/promise_ops.zig	3799	pub		promiseCatchGeneric
src/exec/promise_ops.zig	3814	pub		settlePendingPromiseReaction
src/exec/promise_ops.zig	3911	pub		awaitPendingPromise
src/exec/promise_ops.zig	3931	pub		drainPendingPromiseJobs
src/exec/promise_ops.zig	3950	priv		promiseReactionInternalSettleCanRetry
src/exec/promise_ops.zig	3968	pub		drainOnePendingJob
src/exec/promise_ops.zig	4117	pub		enqueuePendingPromiseJob
src/exec/promise_ops.zig	4121	pub		awaitThenableValue
src/exec/promise_ops.zig	4162	pub		finishAwaitedPromise
src/exec/promise_ops.zig	4171	pub		rejectModuleNamespaceSuperSet
src/exec/promise_ops.zig	4184	priv		countPromiseJob
src/exec/property_direct.zig	61	pub	inline	dataPropertyValueForFastPath
src/exec/property_direct.zig	82	pub		functionOwnDataPropertyValueForFastPath
src/exec/property_direct.zig	87	priv		functionOwnDataPropertyObject
src/exec/property_direct.zig	94	priv		isFunctionLikeClassId
src/exec/property_direct.zig	116	priv	inline	cacheableNamedDataObject
src/exec/property_direct.zig	131	priv		fastImmediatePrototypeDataPropertyLookupForObject
src/exec/property_direct.zig	145	priv		fastOwnOrdinaryDataPropertyLookupForObject
src/exec/property_direct.zig	153	priv		writableOwnDataPropertyLookup
src/exec/property_direct.zig	158	priv		setOwnDataPropertyLookup
src/exec/property_direct.zig	162	priv		setOwnDataPropertyAt
src/exec/property_direct.zig	173	pub		ordinaryDataPropertyLookup
src/exec/property_direct.zig	197	pub		ordinaryDataPropertyValueOrUndefinedForFastPath
src/exec/property_direct.zig	205	priv		declaredGlobalVarDataBorrowedLookup
src/exec/property_direct.zig	213	priv		globalOwnDataPropertyBorrowedLookup
src/exec/property_direct.zig	225	pub		globalOwnDataPropertyValue
src/exec/property_direct.zig	230	priv		globalOwnDataPropertyBorrowedAt
src/exec/property_direct.zig	235	priv		globalOwnWritableDataPropertyLookup
src/exec/property_direct.zig	240	priv		globalDataPropertyLookupForFastPath
src/exec/property_direct.zig	250	pub		globalDataPropertyValueForFastPath
src/exec/property_direct.zig	261	priv		globalDataPropertyLookupForFastPathNoProfile
src/exec/property_direct.zig	271	pub		globalDataPropertyValueForFastPathNoProfile
src/exec/property_direct.zig	282	priv		globalWritableDataStoreIndexForFastPath
src/exec/property_direct.zig	294	priv		globalWritableDataStoreLookupForFastPath
src/exec/property_direct.zig	314	pub		setGlobalWritableDataStoreForFastPathOwned
src/exec/property_direct.zig	327	priv		setGlobalWritableDataStoreLookupOwned
src/exec/property_direct.zig	337	priv		setGlobalDataPropertyLookup
src/exec/property_direct.zig	347	priv		installableGlobalDataPropertyLookup
src/exec/property_direct.zig	362	priv		setGlobalOwnWritableDataPropertyAt
src/exec/property_direct.zig	372	priv		setGlobalOwnWritableDataPropertyAtOwned
src/exec/property_direct.zig	379	priv		writableDataSlotAt
src/exec/property_direct.zig	385	priv		globalWritableDataPropertyLookupAt
src/exec/property_direct.zig	390	priv		dataSlotAt
src/exec/property_ops.zig	14	pub		getProperty
src/exec/property_ops.zig	19	pub		setProperty
src/exec/property_ops.zig	23	pub		defineDataProperty
src/exec/property_ops.zig	27	pub		deleteProperty
src/exec/property_ops.zig	31	pub		getPropertyValue
src/exec/property_ops.zig	37	pub		optionalGetPropertyValue
src/exec/property_ops.zig	44	pub		propertyIn
src/exec/property_ops.zig	56	pub		propertyKeyAtomIfReady
src/exec/property_ops.zig	68	pub		propertyKeyAtom
src/exec/reflect_ops.zig	48	pub		reflectConstruct
src/exec/reflect_ops.zig	164	priv		reflectConstructTargetName
src/exec/reflect_ops.zig	179	priv		init
src/exec/reflect_ops.zig	185	priv		deinit
src/exec/reflect_ops.zig	193	priv		reflectConstructArgumentList
src/exec/reflect_ops.zig	212	priv		freeReflectConstructArgumentList
src/exec/reflect_ops.zig	216	priv		isConstructorValue
src/exec/reflect_ops.zig	244	priv		reflectConstructPrototype
src/exec/reflect_ops.zig	260	pub		proxyRevocable
src/exec/reflect_ops.zig	306	pub		revokeProxy
src/exec/reflect_ops.zig	314	priv		reflectHasProperty
src/exec/reflect_ops.zig	335	priv		proxyReflectHasProperty
src/exec/reflect_ops.zig	364	priv		typedArrayReflectHas
src/exec/reflect_ops.zig	375	priv		isBuiltinConstructorName
src/exec/reflect_ops.zig	402	pub		reflectCallForNativeRecord
src/exec/reflect_ops.zig	430	pub		reflectSetCall
src/exec/reflect_ops.zig	501	pub		reflectIsExtensibleCall
src/exec/reflect_ops.zig	514	pub		reflectPreventExtensionsCall
src/exec/reflect_ops.zig	531	pub		reflectConstructCall
src/exec/reflect_ops.zig	559	pub		reflectHasCall
src/exec/reflect_ops.zig	577	pub		reflectApplyCall
src/exec/reflect_ops.zig	615	pub		reflectGetCall
src/exec/reflect_ops.zig	630	pub		reflectOwnKeysCall
src/exec/reflect_proxy_ops.zig	18	pub		methodId
src/exec/reflect_proxy_ops.zig	69	priv		reflectEntry
src/exec/reflect_proxy_ops.zig	86	priv		reflectCall
src/exec/reflect_proxy_ops.zig	116	pub		ownKeys
src/exec/reflect_proxy_ops.zig	123	pub		revoke
src/exec/regexp_adapter.zig	24	pub		compile
src/exec/regexp_adapter.zig	28	pub		compileWithRuntime
src/exec/regexp_adapter.zig	35	priv		lreCheckStackOverflow
src/exec/regexp_adapter.zig	45	pub		execCaptureSlotsOnResolvedStringFromIndex
src/exec/regexp_adapter.zig	59	pub		captureSlotValue
src/exec/regexp_adapter.zig	63	pub		groupName
src/exec/regexp_adapter.zig	67	pub		testOnStringFromIndex
src/exec/regexp_adapter.zig	78	priv		execOptions
src/exec/regexp_adapter.zig	86	priv		checkRuntimeTimeout
src/exec/regexp_adapter.zig	91	pub		flagBitsFromBytecode
src/exec/regexp_adapter.zig	95	pub		appendCanonicalFlagsFromBits
src/exec/regexp_adapter.zig	112	pub		flagsStringValueFromBytecode
src/exec/regexp_fastpath.zig	32	priv		constructRegExpRecordInNativeScope
src/exec/regexp_fastpath.zig	82	pub		regExpFunctionCall
src/exec/regexp_fastpath.zig	159	pub		regExpConstructCall
src/exec/regexp_fastpath.zig	180	priv		regExpConstructCallInNativeScope
src/exec/regexp_fastpath.zig	276	pub		regExpExecMethod
src/exec/regexp_fastpath.zig	301	pub		regExpTestMethod
src/exec/regexp_fastpath.zig	333	pub		regExpTestFastNoResult
src/exec/regexp_fastpath.zig	354	pub		regExpLastIndexCanSkipCoercion
src/exec/regexp_fastpath.zig	360	pub		regExpCompile
src/exec/regexp_fastpath.zig	441	pub		regExpSpeciesConstructor
src/exec/regexp_fastpath.zig	470	pub		regExpFlagsAreFullUnicode
src/exec/regexp_fastpath.zig	475	pub		setRegExpLastIndexZero
src/exec/regexp_fastpath.zig	482	pub		appendNamedCaptureSubstitution
src/exec/regexp_fastpath.zig	514	pub		regExpExecGeneric
src/exec/regexp_fastpath.zig	553	pub		regExpLegacyAccessor
src/exec/regexp_fastpath.zig	594	pub		regExpConstructorFromGlobal
src/exec/regexp_fastpath.zig	607	pub		regExpLegacySlotValue
src/exec/regexp_fastpath.zig	612	pub		materializeRegExpLegacyNoCaptureSlots
src/exec/regexp_fastpath.zig	648	pub		regExpLegacyCaptureSliceValue
src/exec/regexp_fastpath.zig	656	pub		clearRegExpLegacySlot
src/exec/regexp_fastpath.zig	660	pub		getRegExpLastIndexLength
src/exec/regexp_fastpath.zig	678	pub		setRegExpLastIndexStrict
src/exec/regexp_fastpath.zig	698	pub		regExpExecResult
src/exec/regexp_fastpath.zig	737	pub		regExpExecCompiledResult
src/exec/regexp_fastpath.zig	818	pub		isRegExpValue
src/exec/regexp_fastpath.zig	823	pub		isRegExpObservable
src/exec/regexp_fastpath.zig	838	pub		regexpLastIndex
src/exec/regexp_fastpath.zig	849	pub		createRegExpIndexPair
src/exec/regexp_fastpath.zig	857	pub		appendDecodedRegExpGroupName
src/exec/regexp_fastpath.zig	884	pub		readRegExpGroupNameEscape
src/exec/regexp_ops.zig	44	pub		staticMethodId
src/exec/regexp_ops.zig	49	pub		prototypeMethodId
src/exec/regexp_ops.zig	62	pub		decodePrototypeMethodId
src/exec/regexp_ops.zig	152	priv		regexpEntry
src/exec/regexp_ops.zig	163	priv		regexpGenericEntry
src/exec/regexp_ops.zig	183	priv		regexpGetterEntry
src/exec/regexp_ops.zig	198	priv		regexpFlagGetterEntry
src/exec/regexp_ops.zig	212	priv		regexpConstructorEntry
src/exec/regexp_ops.zig	231	priv		regexpCall
src/exec/regexp_ops.zig	299	priv		regexpFlagsAccessorCall
src/exec/regexp_ops.zig	342	priv		regexpSourceAccessorCall
src/exec/regexp_ops.zig	370	priv		regexpFlagAccessorCall
src/exec/regexp_ops.zig	399	priv		regexpExecCall
src/exec/regexp_ops.zig	419	priv		regexpSymbolMatchCall
src/exec/regexp_ops.zig	439	priv		regexpSymbolSplitCall
src/exec/regexp_ops.zig	461	pub		construct
src/exec/regexp_ops.zig	465	pub		constructWithPrototype
src/exec/regexp_ops.zig	469	priv		constructWithPrototypeInRealm
src/exec/regexp_ops.zig	506	priv		regExpStringValue
src/exec/regexp_ops.zig	514	priv		lreCheckStackOverflow
src/exec/regexp_ops.zig	520	priv		regexpCompileOptions
src/exec/regexp_ops.zig	527	priv		throwRegExpStackOverflow
src/exec/regexp_ops.zig	543	priv		compileSourceAndFlags
src/exec/regexp_ops.zig	578	priv		createRegExpObject
src/exec/regexp_ops.zig	596	priv		constructCompiled
src/exec/regexp_ops.zig	636	priv		regexpObjectFromValue
src/exec/regexp_ops.zig	645	pub		methodCall
src/exec/regexp_ops.zig	656	pub		accessor
src/exec/regexp_ops.zig	672	priv		escapedSource
src/exec/regexp_ops.zig	714	priv		regexpSourceCanReturnRaw
src/exec/regexp_ops.zig	731	pub		escape
src/exec/regexp_ops.zig	769	priv		toString
src/exec/regexp_ops.zig	784	priv		canonicalFlagsValue
src/exec/regexp_ops.zig	791	priv		appendCanonicalRegExpFlags
src/exec/regexp_ops.zig	795	priv		expectRegExpObject
src/exec/regexp_ops.zig	803	priv		expectString
src/exec/regexp_ops.zig	811	priv		getInternalSource
src/exec/regexp_ops.zig	815	priv		getInternalFlags
src/exec/regexp_ops.zig	819	priv		regexpFlagBits
src/exec/regexp_ops.zig	825	priv		regexpFlagBit
src/exec/regexp_ops.zig	837	priv		appendEscapedCodeUnit
src/exec/regexp_ops.zig	863	priv		appendHexEscape
src/exec/regexp_ops.zig	868	priv		appendUnicodeEscape
src/exec/regexp_ops.zig	874	priv		appendHexByte
src/exec/regexp_ops.zig	879	priv		syntaxEscapeChar
src/exec/regexp_ops.zig	886	priv		controlEscapeChar
src/exec/regexp_ops.zig	897	priv		otherPunctuator
src/exec/regexp_ops.zig	904	priv		isEscapedWhitespaceOrLineTerminator
src/exec/regexp_ops.zig	908	priv		surrogateCodePoint
src/exec/regexp_ops.zig	913	priv		appendValueString
src/exec/root.zig	72	pub		opcodeName
src/exec/root.zig	83	pub		init
src/exec/root.zig	90	pub		initWithOutput
src/exec/root.zig	98	pub		deinit
src/exec/root.zig	109	pub		run
src/exec/slot_ops.zig	26	pub		execGetLoc
src/exec/slot_ops.zig	45	pub	noinline	execPutLoc
src/exec/slot_ops.zig	59	pub		execSetLoc
src/exec/slot_ops.zig	75	pub		execGetArg
src/exec/slot_ops.zig	93	pub		execPutArg
src/exec/slot_ops.zig	107	pub		execSetArg
src/exec/slot_ops.zig	122	pub		execGetVarRefMaybeTdz
src/exec/slot_ops.zig	192	pub		execPutVarRef
src/exec/slot_ops.zig	242	pub		isVarRefInitOpcode
src/exec/slot_ops.zig	251	pub		constVarRefWriteAllowed
src/exec/slot_ops.zig	256	pub		execSetVarRef
src/exec/slot_ops.zig	271	pub		adapterValueBorrow
src/exec/slot_ops.zig	284	pub		adapterValueIsUninitialized
src/exec/slot_ops.zig	292	pub		adapterIsDeletedEvalBinding
src/exec/slot_ops.zig	301	pub	inline	replaceAdapterOwned
src/exec/slot_ops.zig	309	priv	noinline	replaceAdapterRefCounted
src/exec/slot_ops.zig	321	pub		varRefCellFromValue
src/exec/slot_ops.zig	336	pub	inline	varRefSlotCell
src/exec/slot_ops.zig	342	pub	inline	varRefSlot
src/exec/slot_ops.zig	352	pub	inline	storeVarRefSlot
src/exec/slot_ops.zig	360	pub	inline	replaceVarRefValueOwned
src/exec/small_inline.zig	36	pub		writeProbeFile
src/exec/small_inline.zig	135	priv		decodeCallerState
src/exec/small_inline.zig	141	pub		callerState
src/exec/small_inline.zig	147	priv		callerStateMut
src/exec/small_inline.zig	151	priv		setCallerState
src/exec/small_inline.zig	164	priv		applyForwardEligible
src/exec/small_inline.zig	178	priv		anyApplyForwardSite
src/exec/small_inline.zig	186	priv		siteSlot
src/exec/small_inline.zig	195	priv		applyForwardColdOf
src/exec/small_inline.zig	199	priv		siteApplyForwarded
src/exec/small_inline.zig	203	priv		markApplyForwardInlined
src/exec/small_inline.zig	210	priv		setBorrowedRealm
src/exec/small_inline.zig	216	pub		destroyCallerState
src/exec/small_inline.zig	225	priv		destroyCallerStateOpaque
src/exec/small_inline.zig	234	priv		traceCallerStateAtoms
src/exec/small_inline.zig	255	priv		fillDefaultCallerState
src/exec/small_inline.zig	262	priv		ensureCallerState
src/exec/small_inline.zig	272	priv		hasTrailingAfterReturn
src/exec/small_inline.zig	285	priv		budgetRemaining
src/exec/small_inline.zig	293	pub		findInlinedSite
src/exec/small_inline.zig	302	pub		siteForPc
src/exec/small_inline.zig	312	pub		mapCalleePc
src/exec/small_inline.zig	325	pub		noteMonomorphic
src/exec/small_inline.zig	367	pub		specializeCallSite
src/exec/small_inline.zig	423	priv		locIndexOf
src/exec/small_inline.zig	435	priv		isPutLoc
src/exec/small_inline.zig	442	priv		isGetLoc
src/exec/small_inline.zig	449	priv		isPutArg
src/exec/small_inline.zig	456	priv		isForwardForbiddenOp
src/exec/small_inline.zig	469	priv		analyzeApplyForward
src/exec/small_inline.zig	608	priv		prevOpBefore
src/exec/small_inline.zig	620	priv		firstThisLocal
src/exec/small_inline.zig	648	priv		emitByte
src/exec/small_inline.zig	655	priv		emitSlice
src/exec/small_inline.zig	662	priv		emitLocOp
src/exec/small_inline.zig	681	priv		emitCallMethodApplyFwd
src/exec/small_inline.zig	695	priv		clearPropSiteIndices
src/exec/small_inline.zig	707	priv		emitGetField2
src/exec/small_inline.zig	718	priv		emitGoto
src/exec/small_inline.zig	725	priv		recordMap
src/exec/small_inline.zig	733	priv		rewriteBody
src/exec/small_inline.zig	959	priv		relTarget
src/exec/small_inline.zig	966	priv		patchJump
src/exec/small_inline.zig	987	priv		collectSameCalleeConstructorPcs
src/exec/small_inline.zig	1038	priv		cloneAndExpand
src/exec/small_inline.zig	1331	pub		consumedArgSlots
src/exec/small_inline.zig	1337	pub		windowFits
src/exec/small_inline.zig	1345	pub		installInlineWindow
src/exec/small_inline.zig	1371	pub		logicalInlineFrames
src/exec/small_inline.zig	1395	pub		inlinedSnapshot
src/exec/small_inline.zig	1408	priv		resolveCalleeLocation
src/exec/small_inline.zig	1423	priv		sampleCtorCache
src/exec/small_inline.zig	1436	pub		calleeMatches
src/exec/small_inline.zig	1441	priv		realmFunctionApply
src/exec/small_inline.zig	1446	priv		isFunctionApplyBuiltin
src/exec/small_inline.zig	1452	priv		lookupProtoChainDataFunction
src/exec/small_inline.zig	1466	pub		applyForwardGuardHolds
src/exec/small_inline.zig	1481	pub	inline	applyForwardTakeOk
src/exec/small_inline.zig	1498	pub		applyForwardSiteAfterCall
src/exec/small_inline.zig	1509	pub		realmApplyBuiltin
src/exec/small_inline.zig	1517	pub		tryFusedConstructor
src/exec/stack.zig	45	pub	inline	windowFor
src/exec/stack.zig	71	pub		init
src/exec/stack.zig	81	pub		initArenaWindow
src/exec/stack.zig	92	priv	inline	emptyPtr
src/exec/stack.zig	98	pub	inline	stackLimit
src/exec/stack.zig	102	pub	inline	isArenaWindow
src/exec/stack.zig	106	pub	inline	setArenaWindow
src/exec/stack.zig	110	pub	inline	setResidentWindow
src/exec/stack.zig	114	pub	inline	topPtr
src/exec/stack.zig	118	pub	inline	len
src/exec/stack.zig	136	pub	inline	retreatToCallRegionFrom
src/exec/stack.zig	153	pub	inline	retreatToCallRegion
src/exec/stack.zig	157	pub	inline	liveValues
src/exec/stack.zig	161	pub	inline	backingValues
src/exec/stack.zig	165	pub	inline	setLen
src/exec/stack.zig	173	pub	inline	setTopPtr
src/exec/stack.zig	184	pub	inline	installBacking
src/exec/stack.zig	192	pub	inline	clearBacking
src/exec/stack.zig	199	pub	inline	deinit
src/exec/stack.zig	214	pub		push
src/exec/stack.zig	220	pub		pushOwned
src/exec/stack.zig	226	pub		pushAssumeCapacity
src/exec/stack.zig	232	pub		pushOwnedAssumeCapacity
src/exec/stack.zig	238	pub		pop
src/exec/stack.zig	244	pub		peek
src/exec/stack.zig	249	pub		peekBorrowed
src/exec/stack.zig	254	pub		reserveAdditional
src/exec/stack.zig	262	pub		reserveFrameCapacity
src/exec/stack.zig	267	priv		reserveCapacityUpTo
src/exec/standard_globals.zig	93	priv		setRequiredMethodNativeBuiltinId
src/exec/standard_globals.zig	105	priv		setOptionalMethodNativeBuiltinId
src/exec/standard_globals.zig	113	priv		isStringPrototypeNameDispatchMethod
src/exec/standard_globals.zig	159	priv		comptimeInternalRecordExists
src/exec/standard_globals.zig	263	priv		noRecordReason
src/exec/standard_globals.zig	273	priv		preparedMethods
src/exec/standard_globals.zig	507	priv		preparedMethod
src/exec/standard_globals.zig	592	priv		standardStringAutoInitDescriptor
src/exec/standard_globals.zig	660	priv		constructorClassPrototypeId
src/exec/standard_globals.zig	743	priv		temporaryStringAtom
src/exec/standard_globals.zig	750	priv		freeTemporaryStringAtom
src/exec/standard_globals.zig	755	priv		createBuiltinAsciiStringValue
src/exec/standard_globals.zig	764	pub		defineData
src/exec/standard_globals.zig	782	pub		defineDataAssumingNew
src/exec/standard_globals.zig	794	pub		defineDataAtom
src/exec/standard_globals.zig	804	pub		defineDataAtomAssumingNew
src/exec/standard_globals.zig	814	priv		defineStringConstantAtomAssumingNewWithRealm
src/exec/standard_globals.zig	827	pub		defineAccessorAtom
src/exec/standard_globals.zig	852	priv		applyNativeFunctionMetadata
src/exec/standard_globals.zig	872	priv		defineLazyNativeGetterAtom
src/exec/standard_globals.zig	883	priv		defineLazyNativeGetterAtomWithRealm
src/exec/standard_globals.zig	903	priv		defineLazyNativeGetterAtomWithRealmAndMetadata
src/exec/standard_globals.zig	918	priv		defineLazyNativeAccessorPairAtom
src/exec/standard_globals.zig	942	priv		bootstrapPropertyRealm
src/exec/standard_globals.zig	949	pub		defineNativeMethod
src/exec/standard_globals.zig	961	pub		defineNativeMethods
src/exec/standard_globals.zig	981	pub		defineNativeMethodsAssumingNew
src/exec/standard_globals.zig	985	priv		defineNativeMethodsAssumingNewWithRealm
src/exec/standard_globals.zig	1000	priv		defineGlobalLazyMethods
src/exec/standard_globals.zig	1011	priv		publishMethodAlias
src/exec/standard_globals.zig	1023	priv		publishMethodAliasValue
src/exec/standard_globals.zig	1042	priv		publishTypedArrayToStringAlias
src/exec/standard_globals.zig	1059	priv		createNamespaceObject
src/exec/standard_globals.zig	1072	priv		defineLazyNamespace
src/exec/standard_globals.zig	1085	pub		materializeBuiltinNamespaceAutoInit
src/exec/standard_globals.zig	1115	priv		createJsonNamespaceObject
src/exec/standard_globals.zig	1132	priv		objectPrototypeFromGlobal
src/exec/standard_globals.zig	1147	pub		standardGlobalOwnPropertyCapacity
src/exec/standard_globals.zig	1154	priv		constructorOwnPropertyCapacity
src/exec/standard_globals.zig	1159	priv		prototypeOwnPropertyCapacity
src/exec/standard_globals.zig	1168	priv		constructorExtraPropertyCount
src/exec/standard_globals.zig	1200	priv		prototypeExtraPropertyCount
src/exec/standard_globals.zig	1256	priv		constructorStaticMethodsBeforePrototype
src/exec/standard_globals.zig	1276	priv		prototypeMethodsAreInstalledByExtras
src/exec/standard_globals.zig	1288	priv		defineConstructor
src/exec/standard_globals.zig	1397	priv		isErrorConstructorKind
src/exec/standard_globals.zig	1414	priv		nativeErrorKind
src/exec/standard_globals.zig	1434	priv		expectObjectAssumeBootstrap
src/exec/standard_globals.zig	1438	priv		installedConstructor
src/exec/standard_globals.zig	1442	priv		constructorPrototypeObject
src/exec/standard_globals.zig	1448	priv		materializeBuiltinNamespace
src/exec/standard_globals.zig	1455	pub		registerStandardGlobalsDefault
src/exec/standard_globals.zig	1462	pub		configureRuntime
src/exec/standard_globals.zig	1471	priv		installStandardConstructor
src/exec/standard_globals.zig	1484	priv		installStandardConstructorWithPrototype
src/exec/standard_globals.zig	1634	priv		installStandardConstructors
src/exec/standard_globals.zig	1725	pub		installStandardGlobals
src/exec/standard_globals.zig	1769	priv		installNumberParseAliases
src/exec/standard_globals.zig	1777	priv		installNumberConstants
src/exec/standard_globals.zig	1797	priv		numberConstantValue
src/exec/standard_globals.zig	1809	priv		finalizeStandardConstructorGraph
src/exec/standard_globals.zig	1816	priv		installTypedArrayIntrinsicExtras
src/exec/standard_globals.zig	1833	priv		isNativeErrorSubclassKind
src/exec/standard_globals.zig	1849	priv		isConcreteTypedArrayKind
src/exec/standard_globals.zig	1868	priv		installMathConstants
src/exec/standard_globals.zig	1880	priv		bindMathNativeRecords
src/exec/standard_globals.zig	1886	priv		bindAtomicsNativeRecords
src/exec/standard_globals.zig	1892	priv		bindReflectNativeRecords
src/exec/standard_globals.zig	1899	priv		defineCollectionPrototypeMethodsAssumingNew
src/exec/standard_globals.zig	1913	priv		defineCollectionSizeAccessorAssumingNew
src/exec/standard_globals.zig	1930	priv		setDateConstructorNativeRecord
src/exec/standard_globals.zig	1934	priv		bindNativeRecordByName
src/exec/standard_globals.zig	1948	priv		bindMaterializedNativeRecordByAtom
src/exec/standard_globals.zig	1960	priv		bindAutoInitNativeRecordByAtom
src/exec/standard_globals.zig	1975	priv		installTypedArrayElementSize
src/exec/standard_globals.zig	1987	priv		installTypedArrayConstructorElementSize
src/exec/standard_globals.zig	1993	priv		installUint8ArrayConstructorCodecExtras
src/exec/standard_globals.zig	1997	priv		installUint8ArrayCodecExtras
src/exec/standard_globals.zig	2007	priv		installTypedArrayPrototypeAccessors
src/exec/standard_globals.zig	2065	priv		keep
src/exec/standard_globals.zig	2574	priv		methodsFromInternalEntries
src/exec/standard_globals.zig	2592	priv		methodsFromInternalEntriesWhere
src/exec/standard_globals.zig	2611	priv		countInternalEntriesWhere
src/exec/standard_globals.zig	2662	priv		installSymbolExtras
src/exec/standard_globals.zig	2675	priv		installWellKnownSymbolProperties
src/exec/standard_globals.zig	2694	priv		defineWellKnownSymbol
src/exec/standard_globals.zig	2700	priv		installArrayPrototypeSymbols
src/exec/standard_globals.zig	2740	priv		bufferAccessorNativeId
src/exec/standard_globals.zig	2764	priv	inline	installArrayBufferExtras
src/exec/standard_globals.zig	2777	priv	inline	installSharedArrayBufferExtras
src/exec/standard_globals.zig	2790	priv	inline	installDataViewExtras
src/exec/standard_globals.zig	2810	priv	noinline	installBufferConstructorExtras
src/exec/standard_globals.zig	2843	priv		defineDatePrototypeMethodsAssumingNew
src/exec/standard_globals.zig	2860	priv	noinline	installOnePrototypeAutoInit
src/exec/standard_globals.zig	2873	priv	inline	installDatePrototypeAliases
src/exec/standard_globals.zig	2884	priv	inline	installFunctionPrototypeExtras
src/exec/standard_globals.zig	2895	priv		installErrorPrototypeExtras
src/exec/standard_globals.zig	2913	priv		installPromiseExtras
src/exec/standard_globals.zig	2924	priv		installIteratorExtras
src/exec/standard_globals.zig	2960	priv		installStringPrototypeAliases
src/exec/standard_globals.zig	2970	priv		defineObjectPrototypeMethodsAssumingNew
src/exec/standard_globals.zig	2979	priv		installPerformance
src/exec/standard_globals.zig	2985	priv		installNavigator
src/exec/standard_globals.zig	2991	priv		installRegExpExtras
src/exec/standard_globals.zig	3042	priv		installRegExpLegacyAccessors
src/exec/standard_globals.zig	3076	priv		defineRegExpLegacyAccessor
src/exec/standard_globals.zig	3105	priv		installNativeMethodAlias
src/exec/standard_globals.zig	3113	priv		installCollectionExtras
src/exec/standard_globals.zig	3122	priv		installCollectionSpecies
src/exec/standard_globals.zig	3128	priv		installTypedArraySpecies
src/exec/standard_globals.zig	3134	priv		installCollectionPrototypeSymbols
src/exec/standard_globals.zig	3154	priv		installNamespaceToStringTag
src/exec/standard_globals.zig	3158	priv		installPrototypeToStringTag
src/exec/standard_globals.zig	3163	priv	inline	installDisposableStackExtras
src/exec/standard_globals.zig	3175	priv	inline	installAsyncDisposableStackExtras
src/exec/standard_globals.zig	3193	priv	noinline	installDisposableStackCtorExtras
src/exec/standard_globals.zig	3217	priv		installDOMExceptionExtras
src/exec/standard_globals.zig	3229	priv		collectionTag
src/exec/standard_globals.zig	3237	priv		collectionNameForKind
src/exec/standard_globals.zig	3247	priv		collectionPrototypeMethods
src/exec/standard_globals.zig	3259	pub		init
src/exec/standard_globals.zig	3275	pub		deinit
src/exec/standard_globals.zig	3281	priv		methodDescriptor
src/exec/standard_globals.zig	3442	priv		getNamedPropertyForTest
src/exec/standard_globals.zig	3448	priv		expectNativeAliasForTest
src/exec/standard_globals.zig	3466	priv		getConstructorPrototypeForTest
src/exec/standard_globals.zig	3475	priv		expectNativeFunctionForTest
src/exec/standard_globals.zig	3488	priv		expectAutoInitOwnPropertyForTest
src/exec/string_builtin_ops.zig	119	priv		stringEntry
src/exec/string_builtin_ops.zig	123	priv		stringDirectEntry
src/exec/string_builtin_ops.zig	135	priv		stringExecDirectEntry
src/exec/string_builtin_ops.zig	151	priv		stringPrimLeafEntry
src/exec/string_builtin_ops.zig	166	priv		stringEntryWithHandler
src/exec/string_builtin_ops.zig	195	priv		testStringDeclById
src/exec/string_builtin_ops.zig	266	priv		stringConstructorEntry
src/exec/string_builtin_ops.zig	290	priv	inline	stringPrimitiveIndexRead
src/exec/string_builtin_ops.zig	342	priv	inline	stringPrimitiveInt32Sat
src/exec/string_builtin_ops.zig	371	priv	inline	stringPrimitiveConcat
src/exec/string_builtin_ops.zig	406	priv		stringConcatCall
src/exec/string_builtin_ops.zig	417	priv		stringFromCharCodeDirect
src/exec/string_builtin_ops.zig	440	priv		stringFromCharCodeCall
src/exec/string_builtin_ops.zig	464	priv		stringCharCodeAtLeaf
src/exec/string_builtin_ops.zig	469	priv		stringCharAtLeaf
src/exec/string_builtin_ops.zig	474	priv		stringAtLeaf
src/exec/string_builtin_ops.zig	481	priv		stringCodePointAtLeaf
src/exec/string_builtin_ops.zig	493	priv		stringCharCodeAtDirect
src/exec/string_builtin_ops.zig	518	priv	inline	stringCharCodeAtDirectHost
src/exec/string_builtin_ops.zig	576	priv		stringCharCodeAtCall
src/exec/string_builtin_ops.zig	587	priv		stringAtCall
src/exec/string_builtin_ops.zig	598	priv		stringCodePointAtCall
src/exec/string_builtin_ops.zig	609	priv		stringCaseCall
src/exec/string_builtin_ops.zig	643	priv		stringCall
src/exec/string_builtin_ops.zig	716	priv		thisObject
src/exec/string_builtin_ops.zig	722	pub		charAt
src/exec/string_builtin_ops.zig	727	pub		toUpperAscii
src/exec/string_builtin_ops.zig	735	pub		construct
src/exec/string_builtin_ops.zig	739	pub		constructWithPrototype
src/exec/string_builtin_ops.zig	793	pub		stringIteratorNext
src/exec/string_builtin_ops.zig	838	pub		fromCharCode
src/exec/string_builtin_ops.zig	873	pub		fromCodePoint
src/exec/string_builtin_ops.zig	891	pub		charAtValue
src/exec/string_builtin_ops.zig	909	pub		methodCall
src/exec/string_builtin_ops.zig	984	priv		concat
src/exec/string_builtin_ops.zig	992	priv		substring
src/exec/string_builtin_ops.zig	997	priv		substringReceiver
src/exec/string_builtin_ops.zig	1010	priv		trimReceiver
src/exec/string_builtin_ops.zig	1025	priv		trimStringValue
src/exec/string_builtin_ops.zig	1041	priv		isWellFormedReceiver
src/exec/string_builtin_ops.zig	1051	priv		toWellFormedReceiver
src/exec/string_builtin_ops.zig	1061	priv		isWellFormedString
src/exec/string_builtin_ops.zig	1076	priv		toWellFormedString
src/exec/string_builtin_ops.zig	1102	priv		isHighSurrogateUnit
src/exec/string_builtin_ops.zig	1106	priv		isLowSurrogateUnit
src/exec/string_builtin_ops.zig	1110	priv		substr
src/exec/string_builtin_ops.zig	1127	priv		split
src/exec/string_builtin_ops.zig	1189	priv		splitReceiver
src/exec/string_builtin_ops.zig	1260	priv		search
src/exec/string_builtin_ops.zig	1269	priv		match
src/exec/string_builtin_ops.zig	1305	priv		replaceAll
src/exec/string_builtin_ops.zig	1337	priv		defineStringElement
src/exec/string_builtin_ops.zig	1352	priv		defineStringSliceElement
src/exec/string_builtin_ops.zig	1362	priv		defineValueElement
src/exec/string_builtin_ops.zig	1372	priv		defineStringIndexUnitProperty
src/exec/string_builtin_ops.zig	1384	priv	inline	htmlWrap
src/exec/string_builtin_ops.zig	1388	priv	inline	htmlWithAttribute
src/exec/string_builtin_ops.zig	1403	priv	noinline	htmlTagged
src/exec/string_builtin_ops.zig	1440	priv		appendEscapedHtmlAttribute
src/exec/string_builtin_ops.zig	1478	priv		trimStartAscii
src/exec/string_builtin_ops.zig	1484	priv		trimEndAscii
src/exec/string_builtin_ops.zig	1490	priv		isAsciiTrim
src/exec/string_builtin_ops.zig	1494	priv		codePointAtResolved
src/exec/string_builtin_ops.zig	1513	priv		unicodeCaseReceiver
src/exec/string_builtin_ops.zig	1518	priv		unicodeCaseOwnedString
src/exec/string_builtin_ops.zig	1578	priv		toStringValueForMethod
src/exec/string_builtin_ops.zig	1598	priv		singleCaseMapping
src/exec/string_builtin_ops.zig	1610	priv		codePointAtStringIndex
src/exec/string_builtin_ops.zig	1622	priv		codePointBeforeStringIndex
src/exec/string_builtin_ops.zig	1636	priv		appendUtf16CodePoint
src/exec/string_builtin_ops.zig	1640	priv		isFinalSigma
src/exec/string_builtin_ops.zig	1660	priv		indexOf
src/exec/string_builtin_ops.zig	1670	priv		indexOfReceiver
src/exec/string_builtin_ops.zig	1685	priv		lastIndexOf
src/exec/string_builtin_ops.zig	1709	priv		lastIndexOfReceiver
src/exec/string_builtin_ops.zig	1738	priv		charCodeAtReceiver
src/exec/string_builtin_ops.zig	1745	priv		codePointAtReceiver
src/exec/string_builtin_ops.zig	1760	priv		at
src/exec/string_builtin_ops.zig	1768	priv		atReceiver
src/exec/string_builtin_ops.zig	1783	priv		slice
src/exec/string_builtin_ops.zig	1793	priv		sliceReceiver
src/exec/string_builtin_ops.zig	1811	priv		stringSubstringRange
src/exec/string_builtin_ops.zig	1820	priv		stringSliceRange
src/exec/string_builtin_ops.zig	1839	priv		repeatReceiver
src/exec/string_builtin_ops.zig	1877	priv		repeat
src/exec/string_builtin_ops.zig	1894	priv		pad
src/exec/string_builtin_ops.zig	1925	priv		localeCompare
src/exec/string_builtin_ops.zig	1938	priv		normalize
src/exec/string_builtin_ops.zig	1953	priv		contains
src/exec/string_builtin_ops.zig	1971	priv		containsReceiver
src/exec/string_builtin_ops.zig	1994	priv		appendStringReceiverBytes
src/exec/string_builtin_ops.zig	2015	priv		stringValueFromSearchArgument
src/exec/string_builtin_ops.zig	2023	priv		stringMatchesAtResolved
src/exec/string_builtin_ops.zig	2041	priv		stringMatchesAtUnits
src/exec/string_builtin_ops.zig	2045	priv	inline	resolvedUnitAt
src/exec/string_builtin_ops.zig	2052	priv		stringIndexOfUnits
src/exec/string_builtin_ops.zig	2077	priv		stringLastIndexOfUnits
src/exec/string_builtin_ops.zig	2100	priv		codeUnitStringValue
src/exec/string_builtin_ops.zig	2105	priv		createLatin1SliceValue
src/exec/string_builtin_ops.zig	2110	priv		stringPrimitiveValue
src/exec/string_builtin_ops.zig	2117	pub		stringValueFromReceiver
src/exec/string_builtin_ops.zig	2122	priv		stringValueFromReceiverRaw
src/exec/string_builtin_ops.zig	2135	priv		iteratorResult
src/exec/string_builtin_ops.zig	2215	priv		defineIntProperty
src/exec/string_builtin_ops.zig	2224	priv		defineReadonlyIntProperty
src/exec/string_builtin_ops.zig	2233	priv		stringSearchStart
src/exec/string_builtin_ops.zig	2242	priv		stringLastSearchStart
src/exec/string_builtin_ops.zig	2252	priv		toUint32Limit
src/exec/string_builtin_ops.zig	2261	priv		stringInteger
src/exec/string_builtin_ops.zig	2272	priv		isTrimCodeUnit
src/exec/string_builtin_ops.zig	2277	priv		appendValueString
src/exec/string_ops.zig	108	pub		toStringForAnnexB
src/exec/string_ops.zig	137	pub		toStringCheckObject
src/exec/string_ops.zig	150	pub		toPrimitiveForString
src/exec/string_ops.zig	177	pub		toOrdinaryPrimitiveString
src/exec/string_ops.zig	191	pub		stringFunctionCall
src/exec/string_ops.zig	219	pub		stringConstructWithPrototype
src/exec/string_ops.zig	235	pub		stringConcat
src/exec/string_ops.zig	295	priv		stringConcatSlow
src/exec/string_ops.zig	356	priv		stringConcatFromConverted
src/exec/string_ops.zig	377	priv		concatLatin1Part
src/exec/string_ops.zig	383	priv		concatAddLength
src/exec/string_ops.zig	389	pub		stringReplace
src/exec/string_ops.zig	410	priv	noinline	stringReplaceCore
src/exec/string_ops.zig	515	priv		resolvedCodeUnitAt
src/exec/string_ops.zig	524	priv		stringIndexOfCharData
src/exec/string_ops.zig	535	priv		stringIndexOfData
src/exec/string_ops.zig	561	priv		appendSubstitutionStringSearch
src/exec/string_ops.zig	599	pub		callStringReplaceMethod
src/exec/string_ops.zig	651	priv	noinline	errorStackStringValue
src/exec/string_ops.zig	737	pub	inline	buildErrorStackStringValue
src/exec/string_ops.zig	741	pub	inline	formatCapturedErrorStackStringValue
src/exec/string_ops.zig	745	pub		stringFromCodePoint
src/exec/string_ops.zig	768	pub		stringRaw
src/exec/string_ops.zig	805	pub		toObjectForStringRaw
src/exec/string_ops.zig	813	pub		stringFromCharCode
src/exec/string_ops.zig	850	pub		regExpNativeBuiltinMatches
src/exec/string_ops.zig	856	pub		regExpAutoInitBuiltinMatches
src/exec/string_ops.zig	862	pub		regExpToString
src/exec/string_ops.zig	889	pub		regexpInternalStringValue
src/exec/string_ops.zig	896	pub		regExpSymbolSearch
src/exec/string_ops.zig	911	pub		regExpSymbolMatch
src/exec/string_ops.zig	926	pub		regExpSymbolMatchAll
src/exec/string_ops.zig	964	pub		stringMatchAll
src/exec/string_ops.zig	1005	pub		regExpStringIteratorPrototype
src/exec/string_ops.zig	1013	pub		regExpSymbolReplace
src/exec/string_ops.zig	1029	pub		regExpSymbolSplit
src/exec/string_ops.zig	1064	pub		regExpSplitFlags
src/exec/string_ops.zig	1081	pub		stringValueContainsByte
src/exec/string_ops.zig	1092	pub		regExpSymbolSplitGeneric
src/exec/string_ops.zig	1188	pub		advanceStringIndexBody
src/exec/string_ops.zig	1196	pub		advanceStringIndexUnits
src/exec/string_ops.zig	1204	pub		regExpSymbolSearchGeneric
src/exec/string_ops.zig	1231	pub		regExpSymbolMatchGeneric
src/exec/string_ops.zig	1305	priv		traceRoots
src/exec/string_ops.zig	1315	priv		provider
src/exec/string_ops.zig	1319	priv		activate
src/exec/string_ops.zig	1325	priv		deactivate
src/exec/string_ops.zig	1332	pub		regExpSymbolReplaceGeneric
src/exec/string_ops.zig	1452	pub		regExpReplaceFast
src/exec/string_ops.zig	1553	priv		advanceStringIndexData
src/exec/string_ops.zig	1560	pub		appendStringValueUnits
src/exec/string_ops.zig	1575	pub		stringValueContainsUnitByte
src/exec/string_ops.zig	1588	pub		stringValueUnitsEqualBytes
src/exec/string_ops.zig	1602	pub		getRegExpFlagsStringForReplace
src/exec/string_ops.zig	1613	pub		getRegExpFlagsString
src/exec/string_ops.zig	1626	pub		captureReplaceMatch
src/exec/string_ops.zig	1678	pub		freeReplaceMatches
src/exec/string_ops.zig	1684	pub		callReplaceFunction
src/exec/string_ops.zig	1707	pub		getSubstitutionString
src/exec/string_ops.zig	1780	pub		replacementCaptureUnits
src/exec/string_ops.zig	1810	priv		parseSlotCaptureRefData
src/exec/string_ops.zig	1851	priv		appendRegExpSubstitutionFromSlots
src/exec/string_ops.zig	1901	pub		stringLengthIndex
src/exec/string_ops.zig	1907	pub		isEmptyStringValue
src/exec/string_ops.zig	1919	pub		advanceStringIndexNumber
src/exec/string_ops.zig	1941	pub		replaceRegExpLegacySlot
src/exec/string_ops.zig	1952	pub		stringAtomId
src/exec/string_ops.zig	1966	pub		callStringBody
src/exec/string_ops.zig	1979	pub		callStringCharAtBody
src/exec/string_ops.zig	1987	pub		stringPrototypeMethod
src/exec/string_ops.zig	2060	pub		appendUtf32FromStringValue
src/exec/string_ops.zig	2077	pub		appendUtf16CodePoint
src/exec/string_ops.zig	2080	pub		stringSearchPositionMethod
src/exec/string_ops.zig	2119	pub		isRegExpForStringSearch
src/exec/string_ops.zig	2130	pub		stringReplaceAll
src/exec/string_ops.zig	2142	pub		stringSearch
src/exec/string_ops.zig	2159	pub		stringIteratorCall
src/exec/string_ops.zig	2177	pub		stringIteratorPrototypeFromContext
src/exec/string_ops.zig	2201	pub		stringMatch
src/exec/string_ops.zig	2220	pub		stringRegExpCreateAndInvoke
src/exec/string_ops.zig	2258	pub		callStringWellKnownMethod
src/exec/string_ops.zig	2278	pub		stringSplit
src/exec/string_ops.zig	2340	pub		stringSplitBuiltinArray
src/exec/string_ops.zig	2357	pub		codePointFromSurrogatePair
src/exec/string_ops.zig	2361	pub		surrogatePairFromCodePoint
src/exec/string_ops.zig	2378	pub	inline	captureAt
src/exec/string_ops.zig	2389	pub	inline	captureNameAt
src/exec/string_ops.zig	2407	pub		encodeRegExpLegacyCaptureSlice
src/exec/string_ops.zig	2413	pub		decodeRegExpLegacyCaptureSlice
src/exec/string_ops.zig	2423	pub		defineSplitSliceElement
src/exec/string_ops.zig	2428	pub		defineSplitValueElement
src/exec/string_ops.zig	2434	pub		defineSplitValueElementOwned
src/exec/string_ops.zig	2445	pub	noinline	initRegExpResultPropertyTemplate
src/exec/string_ops.zig	2456	priv		regExpResultPropertyTemplate
src/exec/string_ops.zig	2463	pub	noinline	createRegExpMatchArrayFromValue
src/exec/string_ops.zig	2492	pub		initRegExpMatchArrayDenseElementsFromValue
src/exec/string_ops.zig	2554	pub		updateRegExpLegacyStaticsForMatchValues
src/exec/string_ops.zig	2607	pub		updateRegExpLegacyStaticsForMatch
src/exec/string_ops.zig	2627	pub		updateRegExpLegacyStaticsLazyForMatch
src/exec/string_ops.zig	2686	pub		appendUtf8CodePointForRegExpName
src/exec/string_ops.zig	2690	pub		isHighSurrogateCodePoint
src/exec/string_ops.zig	2694	pub		isLowSurrogateCodePoint
src/exec/string_ops.zig	2698	pub		combinedSurrogateCodePoint
src/exec/string_ops.zig	2702	pub		stringSliceValue
src/exec/string_ops.zig	2718	pub		getStringPrototypeMethodId
src/exec/string_ops.zig	2725	pub		bigIntPrototypeToString
src/exec/string_ops.zig	2784	pub		standardStringMethodId
src/exec/string_ops.zig	2788	pub		isStringMethodReceiver
src/exec/string_ops.zig	2817	pub		annexBStringMethodId
src/exec/string_ops.zig	2821	pub		errorToStringCall
src/exec/string_ops.zig	2862	pub		toStringBytesForSymbol
src/exec/string_ops.zig	2882	pub		consumePendingExceptionIfMatchesConstructor
src/exec/string_ops.zig	2889	pub		thrownValueMatchesConstructor
src/exec/string_ops.zig	2910	pub		arraySearchCall
src/exec/string_ops.zig	3047	pub		arrayConcatCall
src/exec/string_ops.zig	3076	pub		concatAppendValue
src/exec/string_ops.zig	3121	pub		concatSpreadLengthValue
src/exec/string_ops.zig	3143	pub		isConcatSpreadable
src/exec/string_ops.zig	3158	pub		uint8ArrayStringBytes
src/exec/string_ops.zig	3166	pub		appendSourceStringUtf8
src/exec/string_ops.zig	3177	pub		iteratorConcatCall
src/exec/string_ops.zig	3186	pub		regExpStringIteratorNext
src/exec/string_ops.zig	3228	pub		getFastStringPrimitiveDataProperty
src/exec/string_ops.zig	3268	pub		defineStringWrapperIndexProperty
src/exec/string_ops.zig	3278	pub		getStringIndexValue
src/exec/string_ops.zig	3296	pub		arrayToStringCall
src/exec/string_ops.zig	3318	pub		arrayToLocaleStringCall
src/exec/string_ops.zig	3367	pub		objectToLocaleStringCall
src/exec/string_ops.zig	3380	pub		objectToStringCall
src/exec/string_ops.zig	3394	pub		objectToStringIntrinsic
src/exec/string_ops.zig	3415	pub		objectTagString
src/exec/string_ops.zig	3424	pub		defaultObjectToStringTag
src/exec/string_ops.zig	3498	pub		objectIsArrayForToString
src/exec/string_ops.zig	3507	pub		stringObjectHasIndexProperty
src/exec/string_ops.zig	3517	pub		appendUtf16UnitsAsUtf8
src/exec/string_ops.zig	3520	pub		appendAsciiUnits
src/exec/string_ops.zig	3524	pub		isAsciiDigitUnit
src/exec/string_ops.zig	3528	pub		isAsciiDigitByte
src/exec/string_ops.zig	3532	pub		isAsciiWordUnit
src/exec/string_ops.zig	3536	pub		isHighSurrogateUnit
src/exec/string_ops.zig	3540	pub		isLowSurrogateUnit
src/exec/string_ops.zig	3577	priv		deinit
src/exec/string_ops.zig	3583	priv		putc8
src/exec/string_ops.zig	3591	priv		appendStringValue
src/exec/string_ops.zig	3598	priv		widen
src/exec/string_ops.zig	3605	priv		ensureCapacity
src/exec/string_ops.zig	3614	priv		appendUnits
src/exec/string_ops.zig	3648	priv		finish
src/exec/string_ops.zig	3657	pub		stringPad
src/exec/string_ops.zig	3718	pub		stringNormalize
src/exec/string_ops.zig	3756	pub		stringLocaleCompare
src/exec/string_ops.zig	3787	priv		deinit
src/exec/string_ops.zig	3792	priv		normalizedUtf32
src/exec/string_ops.zig	3802	pub		stringNumericArgsMethod
src/exec/string_ops.zig	3846	priv		fastLatin1Substring
src/exec/string_ops.zig	3868	priv		int32OrUndefinedStringIndex
src/exec/string_ops.zig	3873	pub		stringSubstr
src/exec/string_ops.zig	3921	pub		stringHtmlMethod
src/exec/string_ops.zig	3956	priv		stringCreateHtml
src/exec/tailcall_dispatch.zig	63	priv		readInt
src/exec/tailcall_dispatch.zig	201	pub	inline	publishPropSites
src/exec/tailcall_dispatch.zig	215	pub	inline	propSite
src/exec/tailcall_dispatch.zig	220	priv	inline	propSiteCold
src/exec/tailcall_dispatch.zig	240	pub	inline	publish
src/exec/tailcall_dispatch.zig	249	pub	inline	syncSp
src/exec/tailcall_dispatch.zig	261	pub	inline	syncPc
src/exec/tailcall_dispatch.zig	266	pub	inline	reloadSp
src/exec/tailcall_dispatch.zig	270	pub	inline	fail
src/exec/tailcall_dispatch.zig	284	pub		initResident
src/exec/tailcall_dispatch.zig	314	pub	inline	retarget
src/exec/tailcall_dispatch.zig	330	pub	inline	takeNativeReturnInto
src/exec/tailcall_dispatch.zig	365	pub	inline	saveEntryState
src/exec/tailcall_dispatch.zig	380	pub	inline	restoreEntryState
src/exec/tailcall_dispatch.zig	407	pub	inline	publishPushedEntry
src/exec/tailcall_dispatch.zig	503	priv	inline	propertyTailHandler
src/exec/tailcall_dispatch.zig	507	priv	inline	residentTailHandler
src/exec/tailcall_dispatch.zig	520	priv		next
src/exec/tailcall_dispatch.zig	538	priv	inline	maybeStop
src/exec/tailcall_dispatch.zig	554	priv	inline	coldNext
src/exec/tailcall_dispatch.zig	576	priv	inline	managedInlineFinish
src/exec/tailcall_dispatch.zig	592	priv	inline	nativeHitNext
src/exec/tailcall_dispatch.zig	600	pub		coldStd
src/exec/tailcall_dispatch.zig	602	priv		h
src/exec/tailcall_dispatch.zig	616	pub		coldGen
src/exec/tailcall_dispatch.zig	618	priv		h
src/exec/tailcall_dispatch.zig	630	pub	inline	isEvalCode
src/exec/tailcall_dispatch.zig	633	pub	inline	evalGlobalVarBindings
src/exec/tailcall_dispatch.zig	636	pub	inline	directEvalVarsReachGlobal
src/exec/tailcall_dispatch.zig	639	pub	inline	strictUnresolvedGetVar
src/exec/tailcall_dispatch.zig	643	priv	inline	evIsEval
src/exec/tailcall_dispatch.zig	651	priv		op_invalid
src/exec/tailcall_dispatch.zig	678	priv	noinline	callSetupRecover
src/exec/tailcall_dispatch.zig	698	priv	noinline	constructorSetupRecover
src/exec/tailcall_dispatch.zig	722	priv	noinline	constructorRegionRecover
src/exec/tailcall_dispatch.zig	731	priv	noinline	iteratorNextCallSetupRecover
src/exec/tailcall_dispatch.zig	757	priv	noinline	attachApplyForwardNativeCaller
src/exec/tailcall_dispatch.zig	767	priv	inline	enterEntry
src/exec/tailcall_dispatch.zig	822	priv	inline	pollRetreatedCallRegion
src/exec/tailcall_dispatch.zig	836	priv	noinline	pollRetreatedCallRegionCold
src/exec/tailcall_dispatch.zig	851	priv	inline	pushAndEnter
src/exec/tailcall_dispatch.zig	874	priv	noinline	pushApplyForwardEntry
src/exec/tailcall_dispatch.zig	895	priv		applyForwardCallMethod
src/exec/tailcall_dispatch.zig	938	priv	inline	pushWarmEmptyLeafAndEnter
src/exec/tailcall_dispatch.zig	955	priv	inline	pushWarmExactArgsLeafAndEnter
src/exec/tailcall_dispatch.zig	979	priv	noinline	pushEmptyLeafMiss
src/exec/tailcall_dispatch.zig	988	priv	inline	pushWarmOutlineExactArgsLeafAndEnter
src/exec/tailcall_dispatch.zig	1004	priv	inline	pushEmptyLeafAndEnter
src/exec/tailcall_dispatch.zig	1020	priv	inline	pushExactArgsLeafAndEnter
src/exec/tailcall_dispatch.zig	1036	priv	inline	pushWarmCaptureLeafAndEnter
src/exec/tailcall_dispatch.zig	1049	priv	inline	pushWarmOutlineCaptureLeafAndEnter
src/exec/tailcall_dispatch.zig	1065	priv	inline	pushCaptureLeafAndEnter
src/exec/tailcall_dispatch.zig	1083	priv	noinline	pollCallEntryCold
src/exec/tailcall_dispatch.zig	1095	priv	inline	pushMovedAndEnter
src/exec/tailcall_dispatch.zig	1127	priv	inline	pushBorrowedIteratorAndEnter
src/exec/tailcall_dispatch.zig	1183	priv	noinline	pushForwardedCallEntry
src/exec/tailcall_dispatch.zig	1201	priv	noinline	pushForwardedApplyEntry
src/exec/tailcall_dispatch.zig	1229	priv	inline	resolveForwardedTarget
src/exec/tailcall_dispatch.zig	1240	priv	noinline	growForwardedWindow
src/exec/tailcall_dispatch.zig	1248	priv	inline	finishForwardedEntry
src/exec/tailcall_dispatch.zig	1309	priv		completeProxyGetContinuation
src/exec/tailcall_dispatch.zig	1375	priv		op_post_call_continuation
src/exec/tailcall_dispatch.zig	1445	priv		completeForOfNextContinuation
src/exec/tailcall_dispatch.zig	1480	priv	inline	loadValueAsIntPair
src/exec/tailcall_dispatch.zig	1498	priv	inline	loadValueAsSplitPair
src/exec/tailcall_dispatch.zig	1521	priv	inline	storeValueAsIntPair
src/exec/tailcall_dispatch.zig	1531	priv	inline	popAndResume
src/exec/tailcall_dispatch.zig	1750	priv		op_return_slow
src/exec/tailcall_dispatch.zig	1867	priv	inline	returnLeanTail
src/exec/tailcall_dispatch.zig	1877	priv		op_return_general
src/exec/tailcall_dispatch.zig	1885	priv		op_return_undef_general
src/exec/tailcall_dispatch.zig	1891	priv		op_return
src/exec/tailcall_dispatch.zig	1921	priv		op_return_depth0
src/exec/tailcall_dispatch.zig	1930	priv		op_return_undef
src/exec/tailcall_dispatch.zig	1946	priv		op_return_undef_depth0
src/exec/tailcall_dispatch.zig	1961	priv		opCall
src/exec/tailcall_dispatch.zig	1967	priv		h
src/exec/tailcall_dispatch.zig	2162	priv	inline	enterNoSuspendAsync
src/exec/tailcall_dispatch.zig	2194	priv		opAsyncCall
src/exec/tailcall_dispatch.zig	2196	priv		h
src/exec/tailcall_dispatch.zig	2220	priv		op_async_call_method
src/exec/tailcall_dispatch.zig	2253	priv		op_apply
src/exec/tailcall_dispatch.zig	2322	priv		op_call_method
src/exec/tailcall_dispatch.zig	2536	priv	noinline	pushDerivedConstructorEntry
src/exec/tailcall_dispatch.zig	2575	priv	noinline	pushSpreadDerivedConstructorEntry
src/exec/tailcall_dispatch.zig	2617	priv		enterSameMachineSpreadConstructor
src/exec/tailcall_dispatch.zig	2691	priv		op_call_constructor
src/exec/tailcall_dispatch.zig	2870	priv		op_for_of_next
src/exec/tailcall_dispatch.zig	2970	priv		op_tail_call
src/exec/tailcall_dispatch.zig	2994	priv		op_eval
src/exec/tailcall_dispatch.zig	3033	pub		op_drop_fast
src/exec/tailcall_dispatch.zig	3049	priv		op_drop
src/exec/tailcall_dispatch.zig	3059	priv		op_throw
src/exec/tailcall_dispatch.zig	3065	priv		op_throw_error
src/exec/tailcall_dispatch.zig	3073	priv		b
src/exec/tailcall_dispatch.zig	3082	priv		b
src/exec/tailcall_dispatch.zig	3091	priv		b
src/exec/tailcall_dispatch.zig	3100	priv		b
src/exec/tailcall_dispatch.zig	3147	pub		opBinary
src/exec/tailcall_dispatch.zig	3150	priv		hnd
src/exec/tailcall_dispatch.zig	3247	priv		opBinaryFloat
src/exec/tailcall_dispatch.zig	3249	priv		hnd
src/exec/tailcall_dispatch.zig	3285	priv		op_add_strings
src/exec/tailcall_dispatch.zig	3309	priv	inline	cont
src/exec/tailcall_dispatch.zig	3321	pub		opLoc
src/exec/tailcall_dispatch.zig	3324	priv		h
src/exec/tailcall_dispatch.zig	3375	pub		opLocCheck
src/exec/tailcall_dispatch.zig	3378	priv		h
src/exec/tailcall_dispatch.zig	3412	pub		op_set_loc_uninitialized
src/exec/tailcall_dispatch.zig	3423	pub		op_put_loc_check_init
src/exec/tailcall_dispatch.zig	3436	pub		opGetVarRef
src/exec/tailcall_dispatch.zig	3442	priv		h
src/exec/tailcall_dispatch.zig	3495	pub		opPutVarRef
src/exec/tailcall_dispatch.zig	3534	pub		op_put_var_ref_check
src/exec/tailcall_dispatch.zig	3561	pub		opSetVarRef
src/exec/tailcall_dispatch.zig	3588	pub		op_push_i32
src/exec/tailcall_dispatch.zig	3598	pub		op_push_const
src/exec/tailcall_dispatch.zig	3605	pub		op_push_const8
src/exec/tailcall_dispatch.zig	3620	pub		opFclosure
src/exec/tailcall_dispatch.zig	3652	pub		op_push_atom_value
src/exec/tailcall_dispatch.zig	3676	pub		op_special_object
src/exec/tailcall_dispatch.zig	3690	priv		op_special_arguments
src/exec/tailcall_dispatch.zig	3725	pub		op_push_this
src/exec/tailcall_dispatch.zig	3757	pub		op_undefined_fast
src/exec/tailcall_dispatch.zig	3762	pub		op_null_fast
src/exec/tailcall_dispatch.zig	3767	pub		op_push_false_fast
src/exec/tailcall_dispatch.zig	3772	pub		op_push_true_fast
src/exec/tailcall_dispatch.zig	3777	pub		op_push_i16
src/exec/tailcall_dispatch.zig	3781	pub		op_push_i8
src/exec/tailcall_dispatch.zig	3787	pub		op_push_small
src/exec/tailcall_dispatch.zig	3813	pub		op_get_arg
src/exec/tailcall_dispatch.zig	3821	priv	inline	getArgShort
src/exec/tailcall_dispatch.zig	3833	pub		op_get_arg0_fast
src/exec/tailcall_dispatch.zig	3837	pub		op_get_arg1_fast
src/exec/tailcall_dispatch.zig	3841	pub		op_get_arg2_fast
src/exec/tailcall_dispatch.zig	3845	pub		op_get_arg3_fast
src/exec/tailcall_dispatch.zig	3857	pub		opArgStore
src/exec/tailcall_dispatch.zig	3859	priv		h
src/exec/tailcall_dispatch.zig	3913	priv		op_get_field_primitive
src/exec/tailcall_dispatch.zig	3927	pub		op_get_loc0_field
src/exec/tailcall_dispatch.zig	3934	pub		op_get_loc0_field_cold
src/exec/tailcall_dispatch.zig	3941	pub		op_get_loc2_field
src/exec/tailcall_dispatch.zig	3946	pub		op_get_loc2_field_cold
src/exec/tailcall_dispatch.zig	3955	pub		op_get_field2_call_method
src/exec/tailcall_dispatch.zig	3996	pub		op_get_field2_call_method_cold
src/exec/tailcall_dispatch.zig	4002	priv		op_get_field_property_tail
src/exec/tailcall_dispatch.zig	4048	priv		op_get_field_after_own_miss_tail
src/exec/tailcall_dispatch.zig	4098	priv		op_get_field_absent_tail
src/exec/tailcall_dispatch.zig	4112	priv		op_get_field_native_getter_tail
src/exec/tailcall_dispatch.zig	4172	priv		op_prop_site_indirect_tail
src/exec/tailcall_dispatch.zig	4225	priv		op_prop_site_capture_tail
src/exec/tailcall_dispatch.zig	4247	priv		op_get_field_typed_property_tail
src/exec/tailcall_dispatch.zig	4272	pub		op_get_field
src/exec/tailcall_dispatch.zig	4350	priv		op_get_field2_primitive
src/exec/tailcall_dispatch.zig	4377	pub		op_get_field2
src/exec/tailcall_dispatch.zig	4459	pub		op_put_array_el_ta
src/exec/tailcall_dispatch.zig	4497	pub		op_put_array_el
src/exec/tailcall_dispatch.zig	4570	priv		op_put_array_el_cold
src/exec/tailcall_dispatch.zig	4663	pub		op_put_field
src/exec/tailcall_dispatch.zig	4737	priv		op_put_field_add_tail
src/exec/tailcall_dispatch.zig	4756	priv		op_get_array_el_atom_key
src/exec/tailcall_dispatch.zig	4782	priv	inline	op_get_property_cached_getter
src/exec/tailcall_dispatch.zig	4833	priv		op_get_array_el_atom_key_getter
src/exec/tailcall_dispatch.zig	4837	priv		op_get_field_cached_getter
src/exec/tailcall_dispatch.zig	4841	priv		op_get_static_cached_proxy
src/exec/tailcall_dispatch.zig	4876	priv	inline	tryInlineProxyTrap
src/exec/tailcall_dispatch.zig	4920	priv		op_get_array_el_atom_key_proxy
src/exec/tailcall_dispatch.zig	4962	pub		op_get_array_el_ta
src/exec/tailcall_dispatch.zig	4993	pub		op_get_array_el
src/exec/tailcall_dispatch.zig	5065	pub		op_get_array_el2
src/exec/tailcall_dispatch.zig	5086	pub		op_get_length
src/exec/tailcall_dispatch.zig	5135	priv		op_get_length_property_tail
src/exec/tailcall_dispatch.zig	5173	pub		op_object
src/exec/tailcall_dispatch.zig	5185	pub		op_object_slots2
src/exec/tailcall_dispatch.zig	5206	pub		op_define_field
src/exec/tailcall_dispatch.zig	5230	pub		op_array_from
src/exec/tailcall_dispatch.zig	5266	pub		opCompare
src/exec/tailcall_dispatch.zig	5269	priv		h
src/exec/tailcall_dispatch.zig	5332	priv		opCompareEq
src/exec/tailcall_dispatch.zig	5334	priv		hnd
src/exec/tailcall_dispatch.zig	5429	priv		opCompareEqFast
src/exec/tailcall_dispatch.zig	5431	priv		hnd
src/exec/tailcall_dispatch.zig	5507	priv		compareEqExport
src/exec/tailcall_dispatch.zig	5517	priv		compareEqFramedExport
src/exec/tailcall_dispatch.zig	5527	priv		zjs_cmp_eq_mixed
src/exec/tailcall_dispatch.zig	5530	priv		zjs_cmp_neq_mixed
src/exec/tailcall_dispatch.zig	5533	priv		zjs_cmp_strict_eq_mixed
src/exec/tailcall_dispatch.zig	5536	priv		zjs_cmp_strict_neq_mixed
src/exec/tailcall_dispatch.zig	5540	priv		zjs_cmp_eq_framed
src/exec/tailcall_dispatch.zig	5543	priv		zjs_cmp_neq_framed
src/exec/tailcall_dispatch.zig	5546	priv		zjs_cmp_strict_eq_framed
src/exec/tailcall_dispatch.zig	5549	priv		zjs_cmp_strict_neq_framed
src/exec/tailcall_dispatch.zig	5558	pub		op_mod_cold
src/exec/tailcall_dispatch.zig	5581	pub		op_div_cold
src/exec/tailcall_dispatch.zig	5605	priv	inline	logicOperandInt32
src/exec/tailcall_dispatch.zig	5638	pub		opLogicCold
src/exec/tailcall_dispatch.zig	5689	pub		opCompareCold
src/exec/tailcall_dispatch.zig	5691	priv		hnd
src/exec/tailcall_dispatch.zig	5725	priv		op_instanceof_lookup_error
src/exec/tailcall_dispatch.zig	5742	priv	inline	transformInternalCallResult
src/exec/tailcall_dispatch.zig	5755	priv	noinline	recoverOwnedInternalCallRegion
src/exec/tailcall_dispatch.zig	5779	priv	noinline	dispatchInternalNativeMethod
src/exec/tailcall_dispatch.zig	5805	priv	noinline	dispatchInternalNativeMethodSlow
src/exec/tailcall_dispatch.zig	5838	priv	inline	pushInternalMethodAndEnter
src/exec/tailcall_dispatch.zig	5861	priv		internalMethodRemainderHandler
src/exec/tailcall_dispatch.zig	5867	priv		hnd
src/exec/tailcall_dispatch.zig	5918	priv	inline	toBooleanOne
src/exec/tailcall_dispatch.zig	5929	priv	noinline	completeOrdinaryInstanceof
src/exec/tailcall_dispatch.zig	5951	priv	noinline	completeInstanceofSlow
src/exec/tailcall_dispatch.zig	5973	priv	inline	tryFastDefaultInstanceof
src/exec/tailcall_dispatch.zig	6019	priv		op_instanceof_published
src/exec/tailcall_dispatch.zig	6084	pub		op_instanceof
src/exec/tailcall_dispatch.zig	6110	pub		op_neg
src/exec/tailcall_dispatch.zig	6139	pub		op_inc_dec
src/exec/tailcall_dispatch.zig	6156	pub		op_post_inc_dec
src/exec/tailcall_dispatch.zig	6168	pub		op_dup
src/exec/tailcall_dispatch.zig	6182	pub		op_insert2
src/exec/tailcall_dispatch.zig	6193	pub		op_insert3
src/exec/tailcall_dispatch.zig	6205	pub		op_perm3
src/exec/tailcall_dispatch.zig	6218	pub		op_swap
src/exec/tailcall_dispatch.zig	6232	priv	inline	jump8Target
src/exec/tailcall_dispatch.zig	6239	pub		op_goto8
src/exec/tailcall_dispatch.zig	6254	priv	inline	jump16Target
src/exec/tailcall_dispatch.zig	6264	pub		op_goto16
src/exec/tailcall_dispatch.zig	6273	pub		op_goto
src/exec/tailcall_dispatch.zig	6288	pub		op_if_false8
src/exec/tailcall_dispatch.zig	6323	priv		op_if_false8_complex
src/exec/tailcall_dispatch.zig	6334	pub		op_if_true8
src/exec/tailcall_dispatch.zig	6359	priv	inline	jump32Target
src/exec/tailcall_dispatch.zig	6373	pub		op_if_false
src/exec/tailcall_dispatch.zig	6397	pub		op_cmp_if_false8
src/exec/tailcall_dispatch.zig	6418	pub		op_eq_if_false8
src/exec/tailcall_dispatch.zig	6425	pub		op_eq_if_false8_cold
src/exec/tailcall_dispatch.zig	6447	pub		op_cmp_if_false8_cold
src/exec/tailcall_dispatch.zig	6481	pub		op_is_null
src/exec/tailcall_dispatch.zig	6520	pub		op_lnot
src/exec/tailcall_dispatch.zig	6541	pub		op_update_loc
src/exec/tailcall_dispatch.zig	6565	pub		op_put_loc8_get_loc8
src/exec/tailcall_dispatch.zig	6572	pub		op_put_loc8_get_loc8_cold
src/exec/tailcall_dispatch.zig	6580	pub		op_push_this_put_loc0
src/exec/tailcall_dispatch.zig	6587	priv	inline	storeThisInLoc0
src/exec/tailcall_dispatch.zig	6605	pub		op_push_this_put_loc0_cold
src/exec/tailcall_dispatch.zig	6619	pub		op_update_loc_cold
src/exec/tailcall_dispatch.zig	6639	pub		op_add_loc
src/exec/tailcall_dispatch.zig	6681	pub		op_add_loc_cold
src/exec/tailcall_dispatch.zig	6748	priv	inline	getVarGlobalOwnDataInline
src/exec/tailcall_dispatch.zig	6781	pub		op_get_var
src/exec/tailcall_dispatch.zig	6845	pub		op_put_var
src/exec/tailcall_dispatch.zig	6925	priv	noinline	pushExactArgsLeafMiss
src/exec/tailcall_dispatch.zig	6941	priv	noinline	warmExactArgsLeafOutline
src/exec/tailcall_dispatch.zig	6956	priv	noinline	pushCaptureLeafMiss
src/exec/tailcall_dispatch.zig	6971	priv	noinline	warmCaptureLeafOutline
src/exec/tailcall_dispatch.zig	6991	priv	noinline	pushBorrowedIteratorMiss
src/exec/tailcall_dispatch.zig	7045	priv	inline	reloadTop
src/exec/tailcall_dispatch.zig	7063	priv	inline	reloadAfterPop
src/exec/tailcall_dispatch.zig	7105	pub		runDispatchLoop
src/exec/tailcall_dispatch.zig	7116	pub	inline	runDispatchLoopPublished
src/exec/tailcall_dispatch.zig	7147	priv	noinline	driveReturnedContinuation
src/exec/tailcall_dispatch.zig	7189	priv	noinline	driveTailRequest
src/exec/tailcall_dispatch.zig	7251	pub		op_using
src/exec/tailcall_dispatch.zig	7262	pub		op_using_is_undefined
src/exec/tailcall_dispatch.zig	7272	pub		op_using_typeof_is_undefined
src/exec/tailcall_dispatch.zig	7279	pub		op_using_typeof_is_function
src/exec/tailcall_dispatch.zig	7289	pub		op_get_field_field2
src/exec/tailcall_dispatch.zig	7348	pub		op_get_field_field2_cold
src/exec/tailcall_dispatch.zig	7355	pub		op_get_var_field
src/exec/tailcall_dispatch.zig	7372	pub		op_get_var_field_cold
src/exec/tailcall_dispatch.zig	7384	pub		op_get_loc2_field2
src/exec/tailcall_dispatch.zig	7389	pub		op_get_loc2_field2_cold
src/exec/tailcall_dispatch.zig	7396	pub		op_push_0_or
src/exec/tailcall_dispatch.zig	7401	pub		op_push_0_or_cold
src/exec/tailcall_dispatch.zig	7410	pub		op_sar_get_array_el
src/exec/tailcall_dispatch.zig	7417	pub		op_sar_get_array_el_cold
src/exec/tailcall_dispatch.zig	7426	pub		op_push_2_sar
src/exec/tailcall_dispatch.zig	7433	pub		op_push_2_sar_cold
src/exec/tailcall_dispatch.zig	7449	priv	inline	tailPush2
src/exec/tailcall_dispatch.zig	7462	pub		op_get_loc8_push_2
src/exec/tailcall_dispatch.zig	7467	pub		op_get_loc8_push_2_cold
src/exec/tailcall_dispatch.zig	7474	pub		op_push_0_shr
src/exec/tailcall_dispatch.zig	7479	pub		op_push_0_shr_cold
src/exec/tailcall_dispatch.zig	7487	pub		op_get_loc8_push_1
src/exec/tailcall_dispatch.zig	7492	pub		op_get_loc8_push_1_cold
src/exec/tailcall_dispatch.zig	7501	priv	inline	tailGetLoc8
src/exec/tailcall_dispatch.zig	7515	pub		op_get_var_ref0_get_loc8
src/exec/tailcall_dispatch.zig	7525	pub		op_get_var_ref0_get_loc8_cold
src/exec/tailcall_dispatch.zig	7532	pub		op_push_i8_add
src/exec/tailcall_dispatch.zig	7537	pub		op_push_i8_add_cold
src/exec/tailcall_dispatch.zig	7546	pub		op_get_loc8_push_i8
src/exec/tailcall_dispatch.zig	7553	pub		op_get_loc8_push_i8_cold
src/exec/tailcall_dispatch_colds.zig	41	priv		b
src/exec/tailcall_dispatch_colds.zig	46	priv		b
src/exec/tailcall_dispatch_colds.zig	51	priv		b
src/exec/tailcall_dispatch_colds.zig	56	priv		b
src/exec/tailcall_dispatch_colds.zig	61	priv		b
src/exec/tailcall_dispatch_colds.zig	66	priv		b
src/exec/tailcall_dispatch_colds.zig	71	priv		b
src/exec/tailcall_dispatch_colds.zig	76	priv		b
src/exec/tailcall_dispatch_colds.zig	81	priv		b
src/exec/tailcall_dispatch_colds.zig	86	priv		b
src/exec/tailcall_dispatch_colds.zig	92	priv		b
src/exec/tailcall_dispatch_colds.zig	101	priv		b
src/exec/tailcall_dispatch_colds.zig	107	priv		b
src/exec/tailcall_dispatch_colds.zig	113	priv		b
src/exec/tailcall_dispatch_colds.zig	118	priv		b
src/exec/tailcall_dispatch_colds.zig	123	priv		b
src/exec/tailcall_dispatch_colds.zig	129	priv		h
src/exec/tailcall_dispatch_colds.zig	131	priv		b
src/exec/tailcall_dispatch_colds.zig	170	pub		buildTable
src/exec/tailcall_dispatch_colds.zig	180	priv		b
src/exec/tailcall_dispatch_colds.zig	185	priv		b
src/exec/tailcall_dispatch_colds.zig	190	priv		b
src/exec/tailcall_dispatch_colds.zig	195	priv		b
src/exec/tailcall_dispatch_colds.zig	200	priv		b
src/exec/tailcall_dispatch_colds.zig	205	priv		b
src/exec/tailcall_dispatch_colds.zig	210	priv		b
src/exec/tailcall_dispatch_colds.zig	215	priv		b
src/exec/tailcall_dispatch_colds.zig	220	priv		b
src/exec/tailcall_dispatch_colds.zig	226	priv		b
src/exec/tailcall_dispatch_colds.zig	231	priv		b
src/exec/tailcall_dispatch_colds.zig	236	priv		b
src/exec/tailcall_dispatch_colds.zig	241	priv		b
src/exec/tailcall_dispatch_colds.zig	247	priv		b
src/exec/tailcall_dispatch_colds.zig	253	priv		b
src/exec/tailcall_dispatch_colds.zig	258	priv		b
src/exec/tailcall_dispatch_colds.zig	276	priv		b
src/exec/tailcall_dispatch_colds.zig	283	priv		b
src/exec/tailcall_dispatch_colds.zig	306	priv		b
src/exec/tailcall_dispatch_colds.zig	313	priv		b
src/exec/tailcall_dispatch_colds.zig	318	priv		b
src/exec/tailcall_dispatch_colds.zig	323	priv		b
src/exec/tailcall_dispatch_colds.zig	328	priv		b
src/exec/tailcall_dispatch_colds.zig	348	priv		b
src/exec/tailcall_dispatch_colds.zig	354	priv		b
src/exec/tailcall_dispatch_colds.zig	360	priv		b
src/exec/tailcall_dispatch_colds.zig	366	priv		b
src/exec/tailcall_dispatch_colds.zig	372	priv		b
src/exec/tailcall_dispatch_colds.zig	378	priv		b
src/exec/tailcall_dispatch_colds.zig	384	priv		b
src/exec/tailcall_dispatch_colds.zig	390	priv		b
src/exec/tailcall_dispatch_colds.zig	395	priv		b
src/exec/tailcall_dispatch_colds.zig	406	priv		b
src/exec/tailcall_dispatch_colds.zig	411	priv		b
src/exec/tailcall_dispatch_colds.zig	416	priv		b
src/exec/tailcall_dispatch_colds.zig	425	priv		b
src/exec/tailcall_dispatch_colds.zig	430	priv		b
src/exec/tailcall_dispatch_colds.zig	435	priv		b
src/exec/tailcall_dispatch_colds.zig	442	priv		b
src/exec/tailcall_dispatch_colds.zig	447	priv		b
src/exec/tailcall_dispatch_colds.zig	452	priv		b
src/exec/tailcall_dispatch_colds.zig	459	priv		b
src/exec/tailcall_dispatch_colds.zig	464	priv		b
src/exec/tailcall_dispatch_colds.zig	469	priv		b
src/exec/tailcall_dispatch_colds.zig	474	priv		b
src/exec/tailcall_dispatch_colds.zig	479	priv		b
src/exec/tailcall_dispatch_colds.zig	486	priv		b
src/exec/tailcall_dispatch_colds.zig	491	priv		b
src/exec/tailcall_dispatch_colds.zig	496	priv		b
src/exec/tailcall_dispatch_colds.zig	501	priv		b
src/exec/tailcall_dispatch_colds.zig	507	priv		b
src/exec/tailcall_dispatch_colds.zig	514	priv		b
src/exec/tailcall_dispatch_colds.zig	520	priv		b
src/exec/tailcall_dispatch_colds.zig	525	priv		b
src/exec/tailcall_dispatch_colds.zig	530	priv		b
src/exec/tailcall_dispatch_colds.zig	537	priv		b
src/exec/tailcall_dispatch_colds.zig	546	priv		b
src/exec/tailcall_dispatch_colds.zig	551	priv		b
src/exec/tailcall_dispatch_colds.zig	558	priv		b
src/exec/tailcall_dispatch_colds.zig	563	priv		b
src/exec/tailcall_dispatch_colds.zig	569	priv		b
src/exec/tailcall_dispatch_colds.zig	576	priv		b
src/exec/tailcall_dispatch_colds.zig	581	priv		b
src/exec/tailcall_dispatch_colds.zig	586	priv		b
src/exec/tailcall_dispatch_colds.zig	591	priv		b
src/exec/tailcall_dispatch_colds.zig	596	priv		b
src/exec/tailcall_dispatch_colds.zig	601	priv		b
src/exec/tailcall_dispatch_colds.zig	606	priv		b
src/exec/tailcall_dispatch_colds.zig	611	priv		b
src/exec/tailcall_dispatch_colds.zig	616	priv		b
src/exec/tailcall_dispatch_colds.zig	621	priv		b
src/exec/tailcall_dispatch_colds.zig	626	priv		b
src/exec/tailcall_dispatch_colds.zig	631	priv		b
src/exec/tailcall_dispatch_colds.zig	636	priv		b
src/exec/tailcall_dispatch_colds.zig	641	priv		b
src/exec/tailcall_dispatch_colds.zig	646	priv		b
src/exec/tailcall_dispatch_colds.zig	651	priv		b
src/exec/tailcall_dispatch_colds.zig	656	priv		b
src/exec/tailcall_dispatch_colds.zig	663	priv		b
src/exec/tailcall_dispatch_colds.zig	668	priv		b
src/exec/tailcall_dispatch_colds.zig	673	priv		b
src/exec/tailcall_dispatch_colds.zig	678	priv		b
src/exec/tailcall_dispatch_colds.zig	683	priv		b
src/exec/tailcall_dispatch_colds.zig	688	priv		b
src/exec/tailcall_dispatch_colds.zig	693	priv		b
src/exec/tailcall_dispatch_colds.zig	698	priv		b
src/exec/tailcall_dispatch_colds.zig	703	priv		b
src/exec/tailcall_dispatch_colds.zig	708	priv		b
src/exec/tailcall_dispatch_colds.zig	715	priv		b
src/exec/tailcall_dispatch_colds.zig	720	priv		b
src/exec/tailcall_dispatch_colds.zig	729	priv		b
src/exec/tailcall_dispatch_colds.zig	734	priv		b
src/exec/tailcall_dispatch_colds.zig	739	priv		b
src/exec/tailcall_dispatch_colds.zig	744	priv		b
src/exec/tailcall_dispatch_colds.zig	749	priv		b
src/exec/tailcall_dispatch_colds.zig	755	priv		b
src/exec/tailcall_dispatch_colds.zig	760	priv		b
src/exec/tailcall_dispatch_colds.zig	765	priv		b
src/exec/tailcall_dispatch_colds.zig	1013	priv		handlerComparePlaceholder
src/exec/tailcall_dispatch_colds.zig	1015	priv		b
src/exec/tailcall_dispatch_colds.zig	1021	priv		handlerPost
src/exec/tailcall_dispatch_colds.zig	1023	priv		b
src/exec/tailcall_dispatch_colds.zig	1029	priv		handlerAppend
src/exec/tailcall_dispatch_colds.zig	1031	priv		b
src/exec/tailcall_dispatch_colds.zig	1037	priv		handlerPutVarInit
src/exec/tailcall_dispatch_colds.zig	1039	priv		b
src/exec/typed_array_construct.zig	19	pub		arrayBufferConstructArgs
src/exec/typed_array_construct.zig	23	pub		sharedArrayBufferConstructArgs
src/exec/typed_array_construct.zig	31	priv	noinline	bufferConstructArgs
src/exec/uri_ops.zig	37	priv		throwUriErrorMessage
src/exec/uri_ops.zig	60	priv		uriEntry
src/exec/uri_ops.zig	64	priv		uriNamedEntry
src/exec/uri_ops.zig	81	priv		uriCall
src/exec/uri_ops.zig	121	priv		uriBody
src/exec/uri_ops.zig	144	priv		uriHexDigitValue
src/exec/uri_ops.zig	153	priv		uriUnitCount
src/exec/uri_ops.zig	159	priv	inline	uriUnitAt
src/exec/uri_ops.zig	165	priv		uriUtf16Bytes
src/exec/uri_ops.zig	172	priv		uriHexDecodeAt
src/exec/uri_ops.zig	188	priv		isUriReservedChar
src/exec/uri_ops.zig	199	priv	noinline	decodeUriUnits
src/exec/uri_ops.zig	277	pub		call
src/exec/uri_ops.zig	359	priv		decodeStringDataFast
src/exec/uri_ops.zig	383	priv		decodeAsciiBytes
src/exec/uri_ops.zig	404	priv		decodeSingleFourByteEscape
src/exec/uri_ops.zig	410	pub		escape
src/exec/uri_ops.zig	435	pub		unescape
src/exec/uri_ops.zig	474	priv		stringInputValue
src/exec/uri_ops.zig	489	priv		stringDataFromValue
src/exec/uri_ops.zig	493	priv		encodeStringValue
src/exec/uri_ops.zig	528	priv		encodeCodepoint
src/exec/uri_ops.zig	541	priv		appendPercentByte
src/exec/uri_ops.zig	546	priv		stringDataContainsPercent
src/exec/uri_ops.zig	553	priv		encodeBytes
src/exec/uri_ops.zig	564	priv		percentEncodedByte
src/exec/uri_ops.zig	568	priv		percentEncodedUnit
src/exec/uri_ops.zig	579	priv		decodeBytes
src/exec/uri_ops.zig	651	priv		decodeBytesInto
src/exec/uri_ops.zig	722	priv		isSurrogate
src/exec/uri_ops.zig	726	priv		appendValueCodeUnits
src/exec/uri_ops.zig	744	priv		appendStringCodeUnits
src/exec/uri_ops.zig	753	priv		isAnnexBEscapeUnmodified
src/exec/uri_ops.zig	757	priv		isHexCodeUnit
src/exec/uri_ops.zig	761	priv		hexCodeUnitValue
src/exec/uri_ops.zig	765	priv		isUnescaped
src/exec/uri_ops.zig	769	priv		isReserved
src/exec/uri_ops.zig	774	priv		appendValueString
src/exec/using_ops.zig	33	priv		popOwnedOperands
src/exec/using_ops.zig	40	priv		routeRuntimeError
src/exec/using_ops.zig	55	pub	noinline	createStackVm
src/exec/using_ops.zig	71	pub	noinline	execVm
src/exec/using_ops.zig	178	priv		addResourceWithHint
src/exec/using_ops.zig	207	priv		disposeStack
src/exec/using_ops.zig	232	pub	noinline	disposeStackVm
src/exec/value_ops.zig	20	pub		binary
src/exec/value_ops.zig	57	pub		compare
src/exec/value_ops.zig	92	priv		compareBigIntRelational
src/exec/value_ops.zig	101	priv		compareBigIntToNonBigInt
src/exec/value_ops.zig	127	pub		parseStringToBigInt
src/exec/value_ops.zig	138	priv		compareBigIntToNumber
src/exec/value_ops.zig	153	pub		bigIntEqualsNumber
src/exec/value_ops.zig	158	priv		truncatedFiniteNumberToBigInt
src/exec/value_ops.zig	182	pub		integerNumberToBigIntValue
src/exec/value_ops.zig	189	priv		reverseOrder
src/exec/value_ops.zig	197	pub		strictEqual
src/exec/value_ops.zig	201	pub		strictNotEqual
src/exec/value_ops.zig	205	pub		length
src/exec/value_ops.zig	232	pub		unary
src/exec/value_ops.zig	305	pub		typeOf
src/exec/value_ops.zig	331	pub		logical
src/exec/value_ops.zig	341	pub		toStringValue
src/exec/value_ops.zig	349	priv		primitiveToStringValueFast
src/exec/value_ops.zig	379	priv		fastStringToInt32
src/exec/value_ops.zig	390	pub		toNumberValue
src/exec/value_ops.zig	420	pub		asN
src/exec/value_ops.zig	451	pub		numberToValue
src/exec/value_ops.zig	464	pub	noinline	createStringValue
src/exec/value_ops.zig	476	priv		createAsciiStringValue
src/exec/value_ops.zig	504	pub		createBigIntI128
src/exec/value_ops.zig	512	pub		createBigIntOwned
src/exec/value_ops.zig	525	pub		createBigIntValue
src/exec/value_ops.zig	537	pub		bigIntToNumber
src/exec/value_ops.zig	545	pub		toIntegerOrInfinity
src/exec/value_ops.zig	560	pub		toIndexUsize
src/exec/value_ops.zig	570	pub		toBigIntValue
src/exec/value_ops.zig	593	priv	inline	heapBigInt
src/exec/value_ops.zig	599	pub		bigIntFromValueBorrowed
src/exec/value_ops.zig	609	pub		isTruthy
src/exec/value_ops.zig	613	pub		isFunctionObject
src/exec/value_ops.zig	626	priv		proxyTargetIsFunction
src/exec/value_ops.zig	653	pub		atomNameEql
src/exec/value_ops.zig	667	pub		appendRawString
src/exec/value_ops.zig	671	pub		formatFiniteNumber
src/exec/value_ops.zig	675	pub		formatFiniteNumberAssumeCapacity
src/exec/value_ops.zig	679	priv		binaryBigInt
src/exec/value_ops.zig	763	priv		addPositiveShortToBigInt
src/exec/value_ops.zig	775	pub		shortBigIntBinary
src/exec/value_ops.zig	787	pub		shortBigIntUnary
src/exec/value_ops.zig	797	priv		shortBigIntAdd
src/exec/value_ops.zig	804	priv		shortBigIntSub
src/exec/value_ops.zig	811	priv		shortBigIntMul
src/exec/value_ops.zig	818	priv		binaryNumber
src/exec/value_ops.zig	838	priv		toInt32
src/exec/value_ops.zig	846	priv		stringAdd
src/exec/value_ops.zig	867	priv		stringAddStringInt
src/exec/value_ops.zig	912	pub		addStringsOwned
src/exec/value_ops.zig	919	pub		appendAsciiSuffixOwned
src/exec/value_ops.zig	931	priv		stringAddStringsOwned
src/exec/value_ops.zig	1027	priv		concatFlatStringBodiesOwned
src/exec/value_ops.zig	1065	priv		percentHexConcat
src/exec/value_ops.zig	1079	priv		upperHexValue
src/exec/value_ops.zig	1083	priv		stringObject
src/exec/value_ops.zig	1087	priv		appendStringUtf16Units
src/exec/value_ops.zig	1096	priv		shiftBigInt
src/exec/value_ops.zig	1117	priv		parseJsNumber
src/exec/value_ops.zig	1121	priv		valuesEqual
src/exec/value_ops.zig	1145	priv		compareBigIntValues
src/exec/value_ops.zig	1158	priv		bigIntParts
src/exec/value_ops.zig	1181	pub		isHTMLDDA
src/exec/value_ops.zig	1185	priv		compareStringValues
src/exec/value_ops.zig	1189	priv		jsMathPow
src/exec/value_ops.zig	1196	pub		valuesStrictEqual
src/exec/value_ops.zig	1223	pub		cloneBigIntValue
src/exec/value_ops.zig	1228	pub		appendValueString
src/exec/vm_arith.zig	24	pub		binary
src/exec/vm_arith.zig	74	pub	noinline	binaryVm
src/exec/vm_arith.zig	90	pub		compare
src/exec/vm_arith.zig	141	pub	noinline	compareVm
src/exec/vm_arith.zig	173	pub		compareAt
src/exec/vm_arith.zig	236	pub		unary
src/exec/vm_arith.zig	268	pub	noinline	unaryVm
src/exec/vm_arith.zig	284	pub		bitNot
src/exec/vm_arith.zig	296	pub	noinline	bitNotVm
src/exec/vm_arith.zig	311	pub		postUpdate
src/exec/vm_arith.zig	344	pub	noinline	postUpdateVm
src/exec/vm_arith.zig	360	pub		updateLocal
src/exec/vm_arith.zig	405	pub	noinline	updateLocalVm
src/exec/vm_arith.zig	429	pub		updateLocalAt
src/exec/vm_arith.zig	487	pub		addLocal
src/exec/vm_arith.zig	571	priv	noinline	addLocalString
src/exec/vm_arith.zig	595	pub	noinline	addLocalVm
src/exec/vm_arith.zig	628	pub		addLocalAt
src/exec/vm_arith.zig	677	priv	noinline	addLocalStringAt
src/exec/vm_arith.zig	699	pub		fastBinaryInt32
src/exec/vm_arith.zig	716	pub		fastInt32Add
src/exec/vm_arith.zig	726	pub		fastInt32Sub
src/exec/vm_arith.zig	733	priv		fastInt32Mul
src/exec/vm_arith.zig	740	priv		fastInt32Mod
src/exec/vm_arith.zig	748	priv		fastCompareShortBigInt
src/exec/vm_arith.zig	760	priv		isBitwiseBinaryOp
src/exec/vm_arith.zig	765	priv		isNumericBinaryOp
src/exec/vm_arith.zig	770	priv		looseEqualOp
src/exec/vm_arith.zig	832	priv		sameLooseEqualityType
src/exec/vm_arith.zig	843	priv		isLoosePrimitiveForObject
src/exec/vm_arith.zig	847	priv		looseEqualSameNumberTypes
src/exec/vm_call.zig	46	pub		deinit
src/exec/vm_call.zig	55	pub		enterCallDepth
src/exec/vm_call.zig	79	pub		bytecodeFrameAllocaSize
src/exec/vm_call.zig	101	pub	inline	bytecodeLeafFrameAllocaSize
src/exec/vm_call.zig	109	priv	inline	bytecodeStackBudgetWouldOverflow
src/exec/vm_call.zig	122	priv	inline	admissionCeilingsReject
src/exec/vm_call.zig	140	pub	inline	canEnterInlineCallDepthBytes
src/exec/vm_call.zig	149	pub	inline	commitInlineCallDepthBytes
src/exec/vm_call.zig	169	pub	inline	tryCommitInlineCallDepthBytesRt
src/exec/vm_call.zig	191	pub	noinline	retreatInlineCallDepthBytesMiss
src/exec/vm_call.zig	200	pub	inline	enterInlineCallDepthBytes
src/exec/vm_call.zig	211	pub	inline	leaveInlineCallDepthBytes
src/exec/vm_call.zig	221	pub	inline	leaveInlineCallDepthBytesRt
src/exec/vm_call.zig	236	pub		checkTailCallChainStackBudget
src/exec/vm_call.zig	254	priv	noinline	inlineCallDepthOverflow
src/exec/vm_call.zig	259	pub	inline	initFrameLocals
src/exec/vm_call.zig	286	pub	inline	initFrameVarRefs
src/exec/vm_call.zig	386	priv		allocFrameVarRefWindow
src/exec/vm_call.zig	393	priv		legacyInitialClosureVarRef
src/exec/vm_call.zig	415	pub	noinline	closure
src/exec/vm_call.zig	440	pub		call
src/exec/vm_call.zig	473	pub	inline	resolvedNativeCallTargetAssumeCFunction
src/exec/vm_call.zig	487	pub	inline	resolvedNativeMethodRecord
src/exec/vm_call.zig	496	pub	inline	resolvedNativeMethodRecordAssumeCFunction
src/exec/vm_call.zig	512	pub	inline	callResolvedNativeMethod
src/exec/vm_call.zig	537	pub	noinline	callMethod
src/exec/vm_call.zig	619	pub		dropUnusedCallResult
src/exec/vm_call.zig	630	priv	inline	fastNativeMethodCall
src/exec/vm_call.zig	682	pub	noinline	apply
src/exec/vm_call.zig	823	pub	noinline	constructor
src/exec/vm_call.zig	862	priv		throwCtorTypeError
src/exec/vm_call.zig	867	pub		checkCtor
src/exec/vm_call.zig	873	pub	noinline	checkCtorVm
src/exec/vm_call.zig	888	pub		checkCtorReturn
src/exec/vm_call.zig	903	pub	noinline	checkCtorReturnVm
src/exec/vm_call.zig	918	pub		initCtor
src/exec/vm_call.zig	947	pub	noinline	initCtorVm
src/exec/vm_call.zig	963	priv		maxNativeJsCallDepth
src/exec/vm_call.zig	967	priv		maxLogicalJsCallDepth
src/exec/vm_call.zig	971	priv		readInt
src/exec/vm_control.zig	31	pub	inline	returnTop
src/exec/vm_control.zig	47	pub	inline	returnUndefined
src/exec/vm_control.zig	54	pub	inline	finishFunctionReturn
src/exec/vm_control.zig	62	pub		jump32
src/exec/vm_control.zig	68	pub		jump16
src/exec/vm_control.zig	74	pub		jump8
src/exec/vm_control.zig	80	pub		branch32
src/exec/vm_control.zig	91	pub		branch8
src/exec/vm_control.zig	102	pub	noinline	throwTop
src/exec/vm_control.zig	129	pub		throwError
src/exec/vm_control.zig	139	priv		createAtomError
src/exec/vm_control.zig	158	priv		createThrowErrorValue
src/exec/vm_control.zig	174	priv		deliverPendingThrow
src/exec/vm_control.zig	187	pub	noinline	throwErrorVm
src/exec/vm_control.zig	212	pub	noinline	catchTarget
src/exec/vm_control.zig	221	pub		gosub
src/exec/vm_control.zig	230	pub		ret
src/exec/vm_control.zig	239	priv		relativePc
src/exec/vm_control.zig	243	priv		adapterValueBorrow
src/exec/vm_control.zig	252	priv		varRefCellFromValue
src/exec/vm_control.zig	256	priv		readInt
src/exec/vm_eval_module.zig	29	pub	noinline	directEval
src/exec/vm_eval_module.zig	64	pub	noinline	applyEval
src/exec/vm_eval_module.zig	95	pub	noinline	dynamicImport
src/exec/vm_eval_module.zig	133	priv		readInt
src/exec/vm_gen_async.zig	45	priv	inline	reserveGeneratorExecutionStackAdditional
src/exec/vm_gen_async.zig	58	priv		sameSlice
src/exec/vm_gen_async.zig	62	priv		residentFrameViewsMatch
src/exec/vm_gen_async.zig	71	priv		clearLiveExecutionViews
src/exec/vm_gen_async.zig	92	priv		parkGeneratorExecutionState
src/exec/vm_gen_async.zig	193	pub	noinline	saveGeneratorExecutionState
src/exec/vm_gen_async.zig	219	pub		resumeExecutionState
src/exec/vm_gen_async.zig	235	priv	inline	installSuspendedExecutionStorage
src/exec/vm_gen_async.zig	259	pub		finishExecutionStateRun
src/exec/vm_gen_async.zig	277	priv	noinline	resumeExecutionStateRaw
src/exec/vm_gen_async.zig	382	pub		completeResumeState
src/exec/vm_gen_async.zig	403	priv		handleAwaitError
src/exec/vm_gen_async.zig	417	pub		stopBeforePc
src/exec/vm_gen_async.zig	433	priv		parkGeneratorStartBoundary
src/exec/vm_gen_async.zig	451	pub		initialYield
src/exec/vm_gen_async.zig	469	pub	noinline	yieldValue
src/exec/vm_gen_async.zig	493	pub	noinline	yieldStar
src/exec/vm_gen_async.zig	512	priv		yieldStarRaw
src/exec/vm_gen_async.zig	592	pub	noinline	awaitValue
src/exec/vm_gen_async.zig	612	priv		awaitValueRaw
src/exec/vm_gen_async.zig	664	priv		suspendAwaitValue
src/exec/vm_gen_async.zig	682	priv		awaitSuspendMode
src/exec/vm_gen_async.zig	693	priv		closeIteratorForPendingError
src/exec/vm_literal.zig	26	pub	noinline	object
src/exec/vm_literal.zig	36	pub	noinline	objectReserved2
src/exec/vm_literal.zig	55	pub	inline	newPlainObjectValue
src/exec/vm_literal.zig	60	pub	inline	newPlainObjectReserved2Value
src/exec/vm_literal.zig	95	pub	inline	defineFieldFast
src/exec/vm_literal.zig	112	pub	noinline	arrayFrom
src/exec/vm_literal.zig	136	pub	noinline	defineField
src/exec/vm_literal.zig	211	pub	noinline	setProto
src/exec/vm_literal.zig	225	pub	noinline	defineArrayEl
src/exec/vm_literal.zig	255	pub		appendSpreadValues
src/exec/vm_literal.zig	276	pub	noinline	appendSpreadValuesVm
src/exec/vm_literal.zig	292	pub	noinline	copyDataProperties
src/exec/vm_literal.zig	421	priv		handleLiteralRuntimeError
src/exec/vm_literal.zig	434	pub	noinline	specialObject
src/exec/vm_literal.zig	470	pub	noinline	getLength
src/exec/vm_literal.zig	488	pub	noinline	rest
src/exec/vm_literal.zig	512	priv		stackValueFromTop
src/exec/vm_literal.zig	518	priv		readInt
src/exec/vm_native.zig	32	pub	noinline	dispatch
src/exec/vm_native.zig	90	pub	inline	managedInlineEligible
src/exec/vm_native.zig	97	pub	inline	getterInlineEligible
src/exec/vm_native.zig	103	pub	inline	methodManagedInlineEligible
src/exec/vm_native.zig	110	pub	noinline	failure
src/exec/vm_profile.zig	17	pub	inline	noteDispatch
src/exec/vm_property.zig	46	pub		decodeFieldAtom
src/exec/vm_property.zig	62	pub		globalVarAtom
src/exec/vm_property.zig	68	pub		varRefReadableBorrowed
src/exec/vm_property.zig	80	pub		fastInstalledGlobalDataValueForAtomAtPc
src/exec/vm_property.zig	96	pub		hasObjectBinding
src/exec/vm_property.zig	109	pub		canUseFastGlobalVarLookup
src/exec/vm_property.zig	119	pub		canUseInstalledGlobalDataIc
src/exec/vm_property.zig	135	pub		functionFrameBindingShadowsGlobal
src/exec/vm_property.zig	142	priv		functionHasDynamicScopeBindings
src/exec/vm_property.zig	149	priv		functionLocalOrArgBindingShadowsGlobal
src/exec/vm_property.zig	161	pub		canFuseGlobalDataWrite
src/exec/vm_property.zig	171	pub		frameHasVarRefBinding
src/exec/vm_property.zig	181	pub		fastDenseArrayElementValue
src/exec/vm_property.zig	201	pub	noinline	fastMappedArgumentsElementValue
src/exec/vm_property.zig	221	pub		fastArrayOwnIntElementValue
src/exec/vm_property.zig	241	pub		fastArrayOwnIntElementSet
src/exec/vm_property.zig	251	priv		readInt
src/exec/vm_property_field.zig	24	priv		PoppedWindow
src/exec/vm_property_field.zig	30	priv	inline	activate
src/exec/vm_property_field.zig	38	priv	inline	deactivate
src/exec/vm_property_field.zig	59	pub		toPropKey
src/exec/vm_property_field.zig	72	pub	noinline	toPropKeyVm
src/exec/vm_property_field.zig	88	pub	noinline	setName
src/exec/vm_property_field.zig	124	pub	noinline	inOrInstanceof
src/exec/vm_property_field.zig	145	pub	noinline	field
src/exec/vm_property_field.zig	282	pub	inline	fastArrayLengthValue
src/exec/vm_property_field.zig	304	priv	inline	debugAssertNonPrivateFieldOperandAtom
src/exec/vm_property_field.zig	311	priv	inline	getFieldFastSlotWithExoticOrder
src/exec/vm_property_field.zig	444	priv	inline	namedAtomUsesOrdinaryWalkOnIndexExotic
src/exec/vm_property_field.zig	461	pub	inline	getFieldFastSlotOrAbsent
src/exec/vm_property_field.zig	486	pub		ordinaryAccessorGetterAfterOwnMiss
src/exec/vm_property_field.zig	499	pub	inline	getFieldFastSlotOrAbsentAfterOwnMiss
src/exec/vm_property_field.zig	555	priv	inline	getFieldFastSlotAfterNonAuthoritativeLink
src/exec/vm_property_field.zig	573	pub	inline	getFieldFast
src/exec/vm_property_field.zig	584	pub	inline	getLengthFieldFast
src/exec/vm_property_field.zig	596	pub	inline	primitivePrototypeDataPropertyValueForFastPath
src/exec/vm_property_field.zig	613	priv	inline	primitivePrototypeObjectForFastPath
src/exec/vm_property_field.zig	644	priv	inline	typedArrayAccessorMethodId
src/exec/vm_property_field.zig	652	pub	inline	isTypedArrayPayloadAtomForFastPath
src/exec/vm_property_field.zig	656	priv	inline	typedArrayNativeAccessorIdMatches
src/exec/vm_property_field.zig	661	priv	inline	typedArrayIntrinsicNamedValue
src/exec/vm_property_field.zig	681	priv	inline	typedArrayShapePropertyForFastPath
src/exec/vm_property_field.zig	705	priv	noinline	typedArrayPrototypeNamedPropertyForFastPath
src/exec/vm_property_field.zig	730	priv	noinline	typedArrayNamedPropertyForFastPath
src/exec/vm_property_field.zig	750	pub	inline	typedArrayReceiverForFastPath
src/exec/vm_property_field.zig	760	pub	inline	typedArrayPropertyValueForFastPath
src/exec/vm_property_field.zig	775	pub	inline	getLengthActionForFastPath
src/exec/vm_property_field.zig	803	priv	inline	primitivePrototypePropertyForFastPath
src/exec/vm_property_field.zig	830	pub	inline	atomPropertyValueForFastPath
src/exec/vm_property_field.zig	859	pub	inline	existingPropertyKeyValueForFastPath
src/exec/vm_property_field.zig	883	pub	inline	existingPropertyKeyAtomForFastPath
src/exec/vm_property_field.zig	910	pub	inline	putFieldFastSlot
src/exec/vm_property_field.zig	925	priv	inline	replaceTopBorrowed
src/exec/vm_property_field.zig	935	priv	inline	replaceTopOwned
src/exec/vm_property_field.zig	945	priv		setArrayLengthForPutFieldFastPath
src/exec/vm_property_field.zig	978	pub	inline	putArrayElementAfterFastMiss
src/exec/vm_property_field.zig	1056	pub	noinline	getArrayElement
src/exec/vm_property_field.zig	1199	pub	noinline	readTypedArrayIndexFast
src/exec/vm_property_field.zig	1214	pub		fastTypedArrayElementValue
src/exec/vm_property_field.zig	1240	pub		putTypedArrayElementFast
src/exec/vm_property_field.zig	1306	priv	inline	storeElementBytes
src/exec/vm_property_field.zig	1322	priv	noinline	fastPrototypeMethodValue
src/exec/vm_property_field.zig	1358	priv	inline	fastRegExpPrototypeMethodValue
src/exec/vm_property_field.zig	1362	priv	inline	fastCollectionPrototypeMethodValue
src/exec/vm_property_field.zig	1366	priv		fastStringIndexValue
src/exec/vm_property_field.zig	1380	priv		stackValueFromTop
src/exec/vm_property_field.zig	1419	pub	inline	noPropSite
src/exec/vm_property_field.zig	1423	pub	inline	noPropSiteBase
src/exec/vm_property_field.zig	1433	pub	inline	siteCapturable
src/exec/vm_property_field.zig	1437	priv		retireSite
src/exec/vm_property_field.zig	1446	priv		noteSiteMiss
src/exec/vm_property_field.zig	1458	priv	inline	slotIndexOf
src/exec/vm_property_field.zig	1475	priv	inline	siteCacheableReceiverClass
src/exec/vm_property_field.zig	1505	priv		isNativeGetterValue
src/exec/vm_property_field.zig	1524	pub	noinline	captureFieldSite
src/exec/vm_property_field.zig	1600	pub	noinline	capturePutSite
src/exec/vm_property_globals.zig	32	priv	inline	closureVarAt
src/exec/vm_property_globals.zig	37	priv		throwGlobalTdzReferenceError
src/exec/vm_property_globals.zig	55	priv		getVarFromGlobalObject
src/exec/vm_property_globals.zig	95	pub	noinline	getVar
src/exec/vm_property_globals.zig	202	priv		useFastGlobalDataValue
src/exec/vm_property_globals.zig	229	priv		nextOpCanStartGlobalUriCall1
src/exec/vm_property_globals.zig	242	pub	noinline	putVar
src/exec/vm_property_globals.zig	357	priv		globalOwnRejectedNonStrictSet
src/exec/vm_property_globals.zig	373	priv		canUseFastGlobalVarWrite
src/exec/vm_property_globals.zig	384	priv		canUseFastGlobalUndefinedLookup
src/exec/vm_property_globals.zig	392	priv		evalFunctionDeclaresGlobalVar
src/exec/vm_property_globals.zig	400	priv		globalOwnAccessorWithoutSetter
src/exec/vm_property_globals.zig	405	priv		globalDeclIsFunction
src/exec/vm_property_globals.zig	409	priv		validateGlobalVarDeclaration
src/exec/vm_property_globals.zig	444	pub		validateGlobalVarDeclarations
src/exec/vm_property_globals.zig	496	pub		instantiateGlobalVarDeclarationCells
src/exec/vm_property_globals.zig	516	pub	noinline	globalDefinition
src/exec/vm_property_locals.zig	20	pub	noinline	loc
src/exec/vm_property_locals.zig	66	pub	noinline	arg
src/exec/vm_property_locals.zig	93	pub	noinline	checkedLocVm
src/exec/vm_property_locals.zig	184	pub		varRef
src/exec/vm_property_locals.zig	240	pub	noinline	varRefVm
src/exec/vm_property_locals.zig	256	priv		tryFastDirectVarRefGet
src/exec/vm_property_locals.zig	264	pub	noinline	closeLoc
src/exec/vm_property_private.zig	16	priv		privateFieldAtom
src/exec/vm_property_private.zig	36	pub		getPrivateField
src/exec/vm_property_private.zig	51	pub	noinline	getPrivateFieldVm
src/exec/vm_property_private.zig	67	pub		putPrivateField
src/exec/vm_property_private.zig	82	pub	noinline	putPrivateFieldVm
src/exec/vm_property_private.zig	98	pub		definePrivateField
src/exec/vm_property_private.zig	114	pub	noinline	definePrivateFieldVm
src/exec/vm_property_ref.zig	29	pub	noinline	dynEnvProbe
src/exec/vm_property_ref.zig	46	priv		dynEnvProbeAccess
src/exec/vm_property_ref.zig	149	pub	noinline	makeSlotRef
src/exec/vm_property_ref.zig	181	pub		makeVarRef
src/exec/vm_property_ref.zig	222	pub	noinline	makeVarRefVm
src/exec/vm_property_ref.zig	238	pub		getRefValue
src/exec/vm_property_ref.zig	277	pub	noinline	getRefValueVm
src/exec/vm_property_ref.zig	293	pub		putRefValue
src/exec/vm_property_ref.zig	342	pub	noinline	putRefValueVm
src/exec/vm_property_ref.zig	358	priv		dynEnvProbeStore
src/exec/vm_property_ref.zig	408	pub	noinline	deleteVar
src/exec/vm_property_ref.zig	429	pub	noinline	deletePropertyVm
src/exec/vm_regexp.zig	15	priv		constructCompiledLiteralInRealm
src/exec/vm_regexp.zig	40	pub	noinline	pushLiteral
src/exec/vm_value.zig	29	pub		pushInt32Operand
src/exec/vm_value.zig	35	pub		pushBigIntI32Operand
src/exec/vm_value.zig	41	pub		pushI16Operand
src/exec/vm_value.zig	47	pub		pushI8Operand
src/exec/vm_value.zig	53	pub		pushSmallIntMaybeFuse
src/exec/vm_value.zig	57	priv		pushImmediateInt32MaybeFuse
src/exec/vm_value.zig	73	pub		pushUndefined
src/exec/vm_value.zig	77	pub		pushNull
src/exec/vm_value.zig	81	pub		pushBoolean
src/exec/vm_value.zig	85	pub	noinline	pushConst
src/exec/vm_value.zig	93	pub	noinline	pushConst8
src/exec/vm_value.zig	101	pub		pushAtomValue
src/exec/vm_value.zig	108	pub	noinline	pushPrivateSymbol
src/exec/vm_value.zig	120	pub	noinline	pushEmptyString
src/exec/vm_value.zig	125	pub		pushThis
src/exec/vm_value.zig	131	pub	noinline	pushThisVm
src/exec/vm_value.zig	155	pub		toObject
src/exec/vm_value.zig	164	pub	noinline	toObjectVm
src/exec/vm_value.zig	182	pub	noinline	typeOf
src/exec/vm_value.zig	210	pub	noinline	typeOfIsUndefined
src/exec/vm_value.zig	215	pub	noinline	typeOfIsFunction
src/exec/vm_value.zig	228	pub	noinline	logicalNot
src/exec/vm_value.zig	233	pub	noinline	drop
src/exec/vm_value.zig	248	pub	noinline	nipCatch
src/exec/vm_value.zig	269	pub		dup
src/exec/vm_value.zig	276	pub		swap
src/exec/vm_value.zig	285	pub		nip
src/exec/vm_value.zig	292	pub		dup2
src/exec/vm_value.zig	303	pub		dup1
src/exec/vm_value.zig	313	pub		dup3
src/exec/vm_value.zig	327	pub		insert2
src/exec/vm_value.zig	337	pub		insert3
src/exec/vm_value.zig	349	pub		insert4
src/exec/vm_value.zig	363	pub		rot3l
src/exec/vm_value.zig	374	pub		rot3r
src/exec/vm_value.zig	385	pub		rot4l
src/exec/vm_value.zig	398	pub		rot5l
src/exec/vm_value.zig	413	pub		perm3
src/exec/vm_value.zig	424	pub		perm4
src/exec/vm_value.zig	437	pub		perm5
src/exec/vm_value.zig	452	pub		swap2
src/exec/vm_value.zig	465	pub	noinline	isUndefinedOrNull
src/exec/vm_value.zig	470	pub	noinline	isUndefined
src/exec/vm_value.zig	475	pub	noinline	isNull
src/exec/vm_value.zig	480	priv		adapterValueBorrow
src/exec/vm_value.zig	489	priv		requireStackLen
src/exec/vm_value.zig	493	priv		expectStackInt32s
src/exec/vm_value.zig	500	priv		varRefCellFromValue
src/exec/vm_value.zig	504	priv		functionObjectFromValue
src/exec/vm_value.zig	514	priv		callableObjectFromValue
src/exec/vm_value.zig	526	priv		proxyTargetIsCallable
src/exec/vm_value.zig	532	priv		readInt
src/exec/vm_value.zig	536	priv		countLivePrivateAtomsNamed
src/exec/zjs_vm.zig	37	pub		run
src/exec/zjs_vm.zig	45	pub		runWithOutput
src/exec/zjs_vm.zig	103	pub	inline	contextGlobalFast
src/exec/zjs_vm.zig	110	pub		contextGlobal
src/exec/zjs_vm.zig	151	pub		runWithArgs
src/exec/zjs_vm.zig	202	priv		resolveSuppliedRootCapture
src/exec/zjs_vm.zig	223	priv		runCanonicalRootWithArgs
src/exec/zjs_vm.zig	326	pub		runWithCallEnv
src/exec/zjs_vm.zig	350	pub		runWithCallEnvAfterInterruptPoll
src/exec/zjs_vm.zig	410	priv		runWithArgsState
src/exec/zjs_vm.zig	594	priv	noinline	initFreshEntryFrame
src/exec/zjs_vm.zig	701	priv		runTC
src/exec/zjs_vm.zig	724	pub	inline	runActiveInvocationUntilNativeBoundary
src/exec/zjs_vm.zig	740	pub	inline	runPushedEntryUntilNativeBoundary
src/exec/zjs_vm.zig	763	priv	noinline	runActiveInvocationAfterNativeBoundaryError
src/exec/zjs_vm.zig	792	priv		reserveEntryFrameCapacity
src/gc_representation.zig	12	priv		kindContract
src/gc_representation.zig	24	priv		objectLayout
src/gc_representation.zig	31	priv		functionBytecodeLayout
src/gc_representation.zig	38	priv		varRefLayout
src/gc_representation.zig	45	priv		realmLayout
src/gc_representation.zig	52	priv		moduleLayout
src/gc_representation.zig	59	priv		shapeLayout
src/gc_representation.zig	66	priv		stringLayouts
src/gc_representation.zig	87	priv		bigIntLayout
src/gc_representation.zig	94	priv		metadataLayout
src/gc_representation.zig	108	priv		activeHeaderLayout
src/gc_representation.zig	115	priv		lifetimeSemantics
src/gc_representation.zig	178	pub		matchesBaseline
src/internal_root.zig	65	pub		printSmallInlineProbe
src/lexer.zig	2	pub		namespace
src/lexer.zig	73	pub		init
src/lexer.zig	86	pub		deinit
src/lexer.zig	90	pub		enableTypeScript
src/lexer.zig	95	priv		getSkippedIntervalAtPos
src/lexer.zig	103	priv		skipRange
src/lexer.zig	127	priv	inline	releaseTokenPayload
src/lexer.zig	142	pub		freeToken
src/lexer.zig	153	pub		nextIntoReplacing
src/lexer.zig	164	pub		dupToken
src/lexer.zig	186	priv		isSourceSlice
src/lexer.zig	196	pub		gotLineTerminator
src/lexer.zig	201	pub		next
src/lexer.zig	210	pub		nextInto
src/lexer.zig	251	pub		nextTemplatePart
src/lexer.zig	257	pub		nextTemplatePartInto
src/lexer.zig	266	pub		nextTemplatePartAfterBrace
src/lexer.zig	272	pub		nextTemplatePartAfterBraceInto
src/lexer.zig	282	pub		rescanRegexp
src/lexer.zig	288	pub		rescanRegexpInto
src/lexer.zig	300	priv	inline	peek
src/lexer.zig	304	priv	inline	peekAt
src/lexer.zig	308	priv	inline	remaining
src/lexer.zig	316	pub		simpleNextIsArrowNoLineTerminator
src/lexer.zig	329	pub		simpleCurrentParenIsArrowHead
src/lexer.zig	334	priv	inline	bump
src/lexer.zig	345	priv		mark
src/lexer.zig	351	priv	inline	emitInto
src/lexer.zig	365	priv		skipTrivia
src/lexer.zig	434	priv		skipLineComment
src/lexer.zig	443	priv		skipNonAsciiWhiteSpace
src/lexer.zig	495	priv		isUtf8LineSeparator
src/lexer.zig	500	priv		skipBlockComment
src/lexer.zig	524	priv		startsWithBytes
src/lexer.zig	529	priv		startsUnicodeEscape
src/lexer.zig	535	priv		lexIdentifier
src/lexer.zig	581	priv		lexAsciiIdentifierNoEscape
src/lexer.zig	608	priv		emitIdentifierOrKeyword
src/lexer.zig	636	priv		isNonAsciiTriviaStart
src/lexer.zig	650	priv		consumeIdentCodePoint
src/lexer.zig	666	priv		lexPrivateName
src/lexer.zig	716	priv		lexDotOrNumber
src/lexer.zig	731	priv		lexNumber
src/lexer.zig	793	priv		finishNumber
src/lexer.zig	824	priv		lexString
src/lexer.zig	878	priv		decodeStringEscape
src/lexer.zig	970	priv		consumeLegacyOctalEscape
src/lexer.zig	988	priv		consumeUnicodeEscapeAfterBackslash
src/lexer.zig	1032	priv		consumeUnicodeEscape
src/lexer.zig	1038	priv		consumeFourHex
src/lexer.zig	1055	priv		lexTemplate
src/lexer.zig	1059	priv		lexTemplateBody
src/lexer.zig	1143	priv		appendNormalizedTemplateRaw
src/lexer.zig	1164	priv		lexRegexp
src/lexer.zig	1215	priv		lexPunctuator
src/lexer.zig	1242	priv		lexPlus
src/lexer.zig	1259	priv		lexMinus
src/lexer.zig	1276	priv		lexStar
src/lexer.zig	1298	priv		lexSlash
src/lexer.zig	1308	priv		lexPercent
src/lexer.zig	1318	priv		lexEquals
src/lexer.zig	1340	priv		lexBang
src/lexer.zig	1355	priv		lexLt
src/lexer.zig	1377	priv		lexGt
src/lexer.zig	1409	priv		lexAmp
src/lexer.zig	1431	priv		lexPipe
src/lexer.zig	1453	priv		lexCaret
src/lexer.zig	1463	priv		lexQuestion
src/lexer.zig	1487	priv		decodeUtf8
src/lexer.zig	1501	priv		startsUtf8Trivia
src/lexer.zig	1516	priv		startsUtf8LineTerminator
src/lexer.zig	1525	priv		isAsciiIdentStart
src/lexer.zig	1529	priv		isAsciiIdentContinue
src/lexer.zig	1533	priv		hexNibble
src/lexer.zig	1537	priv		appendUtf8
src/lexer.zig	1553	priv		isHexDigit
src/lexer.zig	1557	priv		isOctalDigit
src/lexer.zig	1561	priv		isBinaryDigit
src/lexer.zig	1565	priv		isDecimalDigit
src/lexer.zig	1569	priv		consumeDigitRun
src/lexer.zig	1587	priv		consumeHexDigits
src/lexer.zig	1591	priv		consumeOctalDigits
src/lexer.zig	1595	priv		consumeBinaryDigits
src/lexer.zig	1599	priv		consumeDecDigits
src/lexer.zig	1603	priv		consumeDecDigitsRequired
src/lexer.zig	1607	priv		consumeOptionalFractionDigits
src/lexer.zig	1615	priv		decimalBigIntHasInvalidLeadingZero
src/lexer.zig	1627	priv		legacyOrNonOctalDecimalValue
src/lexer.zig	1656	priv		parseNumber
src/lexer.zig	1679	priv		parseNumberDigits
src/lexer.zig	1703	priv		keywordLookup
src/lexer.zig	1777	priv	inline	eq
src/lexer.zig	1783	priv		isReservedKeyword
src/lexer.zig	1814	pub		isTypeScriptPath
src/lexer.zig	1821	pub		shouldStrip
src/lexer.zig	1843	priv		text
src/lexer.zig	1848	priv		markTypeRanges
src/lexer.zig	1877	pub		findUnsupportedTypeScriptSyntax
src/lexer.zig	1925	priv		unsupportedSyntaxAt
src/lexer.zig	1951	priv		tsTokenize
src/lexer.zig	1996	priv		tsSkipLineComment
src/lexer.zig	2002	priv		tsSkipBlockComment
src/lexer.zig	2008	priv		tsSkipQuoted
src/lexer.zig	2027	priv		tsSkipTemplate
src/lexer.zig	2045	priv		tsSkipRegExp
src/lexer.zig	2077	priv		tsSkipNumber
src/lexer.zig	2090	priv		tsPunctuatorLen
src/lexer.zig	2103	priv		tsCanStartRegExp
src/lexer.zig	2122	priv		markTypeOnlyStatements
src/lexer.zig	2164	priv		addDeclareRange
src/lexer.zig	2193	priv		addInterfaceRange
src/lexer.zig	2217	priv		looksLikeTypeAlias
src/lexer.zig	2236	priv		markMixedTypeSpecifiers
src/lexer.zig	2281	priv		markClassAndTypeModifiers
src/lexer.zig	2331	priv		modifierCanAppearsHere
src/lexer.zig	2341	priv		isTsModifier
src/lexer.zig	2346	priv		findImplementsClassBrace
src/lexer.zig	2368	priv		markImplementsClauses
src/lexer.zig	2383	priv		markFunctionOverloadSignatures
src/lexer.zig	2441	priv		markClassMethodOverloadSignatures
src/lexer.zig	2474	priv		findClassBodyOpen
src/lexer.zig	2510	priv		skipClassMemberSeparators
src/lexer.zig	2516	priv		parseClassMethodSignature
src/lexer.zig	2565	priv		isClassMethodModifierAt
src/lexer.zig	2574	priv		hasFollowingClassMethodImplementation
src/lexer.zig	2588	priv		sameTokenText
src/lexer.zig	2592	priv		nextClassMemberStart
src/lexer.zig	2626	priv		markTypeParameters
src/lexer.zig	2643	priv		looksLikeTypeParameterStart
src/lexer.zig	2654	priv		markTypeAnnotations
src/lexer.zig	2671	priv		isTypeAnnotationColon
src/lexer.zig	2699	priv		isParameterList
src/lexer.zig	2716	priv		parameterListOwnerIndex
src/lexer.zig	2727	priv		findTypeAngleStartBackward
src/lexer.zig	2744	priv		leadingGreaterCount
src/lexer.zig	2750	priv		returnTypeAfterParameterListLeadsToBody
src/lexer.zig	2756	priv		isControlKeyword
src/lexer.zig	2761	priv		isVariableDeclarationKeyword
src/lexer.zig	2765	priv		isVariableDeclarationType
src/lexer.zig	2858	priv		classFieldSegmentAllowsType
src/lexer.zig	2875	priv		markTypeAssertions
src/lexer.zig	2892	priv		markNonNullAssertions
src/lexer.zig	2911	priv		isTypeAssertionOperator
src/lexer.zig	2923	priv		previousTokenCanEndExpression
src/lexer.zig	2934	priv		identifierCanEndExpression
src/lexer.zig	2948	priv		findTypeEnd
src/lexer.zig	2985	priv		findTypeAssertionEnd
src/lexer.zig	3015	priv		isExpressionDelimiter
src/lexer.zig	3024	priv		isValidTypeParameterList
src/lexer.zig	3064	priv		typeParameterListCanBeFollowedBy
src/lexer.zig	3072	priv		findTypeAngleEnd
src/lexer.zig	3112	priv		startsWithGreater
src/lexer.zig	3116	priv		consumeTypeAngleClosers
src/lexer.zig	3127	priv		findStatementEnd
src/lexer.zig	3148	priv		continuesAcrossLine
src/lexer.zig	3154	priv		findMatchingForward
src/lexer.zig	3169	priv		findEnclosingOpen
src/lexer.zig	3191	priv		braceBelongsToClass
src/lexer.zig	3204	priv		hasUnmatchedTernaryQuestionBefore
src/lexer.zig	3231	priv		insideImportOrExportStatement
src/lexer.zig	3266	priv		isStatementStart
src/lexer.zig	3272	priv		findTokenBeforeOffset
src/lexer.zig	3280	priv		hasLineBreakBetween
src/lexer.zig	3288	priv		addRange
src/lexer.zig	3293	priv		rangeLessThan
src/lexer.zig	3297	priv		tokenTextEql
src/lexer.zig	3301	priv		textEql
src/lexer.zig	3305	priv		tsIsIdentStart
src/lexer.zig	3309	priv		tsIsIdentContinue
src/libs/bigint.zig	19	pub		resetDigitIterations
src/libs/bigint.zig	22	pub		digitIterations
src/libs/bigint.zig	29	priv		checkLimbCount
src/libs/bigint.zig	38	pub		fromInt
src/libs/bigint.zig	42	pub		fromIntAlloc
src/libs/bigint.zig	57	pub		deinit
src/libs/bigint.zig	62	pub		clone
src/libs/bigint.zig	66	pub		cloneWithAllocator
src/libs/bigint.zig	73	pub		isZero
src/libs/bigint.zig	77	pub		add
src/libs/bigint.zig	81	pub		sub
src/libs/bigint.zig	85	pub		mul
src/libs/bigint.zig	89	pub		div
src/libs/bigint.zig	99	pub		rem
src/libs/bigint.zig	107	pub		compare
src/libs/bigint.zig	111	pub		formatBase10Alloc
src/libs/bigint.zig	115	pub		formatBaseAlloc
src/libs/bigint.zig	164	pub		pow
src/libs/bigint.zig	209	pub		bitNot
src/libs/bigint.zig	218	pub		bitwise
src/libs/bigint.zig	238	pub		shl
src/libs/bigint.zig	261	pub		shr
src/libs/bigint.zig	289	pub		toUsize
src/libs/bigint.zig	295	pub		toI64
src/libs/bigint.zig	309	pub		toU64
src/libs/bigint.zig	318	pub		bitLengthAbs
src/libs/bigint.zig	326	pub		isPowerOfTwoAbs
src/libs/bigint.zig	336	pub		modPowerOfTwo
src/libs/bigint.zig	350	pub		testBit
src/libs/bigint.zig	357	pub		lowBits
src/libs/bigint.zig	372	pub		addPositiveSmallInPlace
src/libs/bigint.zig	377	priv		absCloneWithAllocator
src/libs/bigint.zig	383	priv		divRemSmallInPlace
src/libs/bigint.zig	398	priv		shrAbs
src/libs/bigint.zig	417	priv		toTwosComplement
src/libs/bigint.zig	436	pub		divRemAlloc
src/libs/bigint.zig	440	priv		divRemAllocOutput
src/libs/bigint.zig	468	pub		parseBase10
src/libs/bigint.zig	472	pub		parseBase10Alloc
src/libs/bigint.zig	476	pub		parseAutoAlloc
src/libs/bigint.zig	490	pub		pow2
src/libs/bigint.zig	503	pub		compareParts
src/libs/bigint.zig	527	priv	noinline	divRemAbsByLimbAlloc
src/libs/bigint.zig	553	priv		divRemAbsByLimb
src/libs/bigint.zig	599	pub		normalizedReciprocalInit
src/libs/bigint.zig	618	pub	inline	divTwoByOneReciprocal
src/libs/bigint.zig	665	priv	noinline	divRemAbsNormalizedLong
src/libs/bigint.zig	802	priv		shiftLeftInto
src/libs/bigint.zig	816	priv		unshiftedLimbAt
src/libs/bigint.zig	837	pub		subMulAt
src/libs/bigint.zig	855	priv		addBackAt
src/libs/bigint.zig	867	priv		divRemAbsAlloc
src/libs/bigint.zig	888	pub		addAlloc
src/libs/bigint.zig	909	pub		subAlloc
src/libs/bigint.zig	915	pub		mulAlloc
src/libs/bigint.zig	972	priv		parseBaseAlloc
src/libs/bigint.zig	1001	priv		addAbsAlloc
src/libs/bigint.zig	1026	priv		subAbsAlloc
src/libs/bigint.zig	1043	priv		mulSmallInPlace
src/libs/bigint.zig	1062	priv		addSmallInPlace
src/libs/bigint.zig	1081	priv		fromTwosComplement
src/libs/bigint.zig	1105	priv		compareAbs
src/libs/bigint.zig	1109	priv		compareAbsParts
src/libs/bigint.zig	1124	priv		normalize
src/libs/bigint.zig	1141	priv		invertOrder
src/libs/number_format.zig	77	priv		Mpb
src/libs/number_format.zig	84	priv		tabSlice
src/libs/number_format.zig	89	priv		tabConstSlice
src/libs/number_format.zig	181	priv		minInt
src/libs/number_format.zig	185	priv		maxInt
src/libs/number_format.zig	189	priv	inline	clz32
src/libs/number_format.zig	193	priv	inline	clz64
src/libs/number_format.zig	197	priv	inline	ctz32
src/libs/number_format.zig	201	priv	inline	float64AsUint64
src/libs/number_format.zig	205	priv	inline	uint64AsFloat64
src/libs/number_format.zig	213	priv		dtoaMalloc
src/libs/number_format.zig	224	priv		mpAddUi
src/libs/number_format.zig	235	priv		mpMul1
src/libs/number_format.zig	245	priv		udiv1normInit
src/libs/number_format.zig	252	priv		udiv1norm
src/libs/number_format.zig	266	priv		mpDiv1
src/libs/number_format.zig	278	priv		mpShr
src/libs/number_format.zig	290	priv		mpShl
src/libs/number_format.zig	299	priv		mpDiv1normInternal
src/libs/number_format.zig	317	priv		mpbRenorm
src/libs/number_format.zig	323	priv		mpbGetBit
src/libs/number_format.zig	333	priv		mpbShrRound
src/libs/number_format.zig	428	priv		mpbCmp
src/libs/number_format.zig	442	priv		mpbSetU64
src/libs/number_format.zig	452	priv		mpbGetU64
src/libs/number_format.zig	459	priv		mpbFloorLog2
src/libs/number_format.zig	465	priv		mpbMul1Base
src/libs/number_format.zig	488	priv		mulLog2Radix
src/libs/number_format.zig	503	priv		powUi
src/libs/number_format.zig	530	priv		powUiInv
src/libs/number_format.zig	553	priv		u32toaLen
src/libs/number_format.zig	563	priv		u64toaBinLen
src/libs/number_format.zig	579	priv		limbToA
src/libs/number_format.zig	601	priv		u32toaImpl
src/libs/number_format.zig	616	priv		i32toaImpl
src/libs/number_format.zig	624	priv		u64toaImpl
src/libs/number_format.zig	662	priv		i64toaImpl
src/libs/number_format.zig	670	priv		u64toaRadixImpl
src/libs/number_format.zig	708	priv		outputDigits
src/libs/number_format.zig	760	priv		mulPow
src/libs/number_format.zig	821	priv		mulPowRound
src/libs/number_format.zig	827	priv		roundToD
src/libs/number_format.zig	857	priv		mulPowRoundToD
src/libs/number_format.zig	866	priv	inline	toDigit
src/libs/number_format.zig	879	priv		jsDtoaMaxLenImpl
src/libs/number_format.zig	923	priv		jsDtoaImpl
src/libs/number_format.zig	1083	priv		outputHelper
src/libs/number_format.zig	1154	priv		jsAtodImpl
src/libs/number_format.zig	1398	priv		buildFloat64
src/libs/number_format.zig	1408	priv		finishAtod
src/libs/number_format.zig	1419	pub		parseNumber
src/libs/number_format.zig	1433	pub		formatNumber
src/libs/number_format.zig	1443	pub		formatInt32
src/libs/number_format.zig	1448	pub		formatInt64
src/libs/number_format.zig	1457	pub		radixMaxLen
src/libs/number_format.zig	1466	pub		formatRadix
src/libs/number_format.zig	1474	pub		formatDtoaChecked
src/libs/regexp.zig	61	priv		len
src/libs/regexp.zig	91	priv		initDefault
src/libs/regexp.zig	98	priv		init
src/libs/regexp.zig	107	priv		deinit
src/libs/regexp.zig	229	priv		deinit
src/libs/regexp.zig	240	priv	inline	pollTimeout
src/libs/regexp.zig	249	priv		btFrameRealloc
src/libs/regexp.zig	261	priv		undoRealloc
src/libs/regexp.zig	286	priv		buildLRECtypeBits
src/libs/regexp.zig	299	priv		buildLRECanonicalizeLatin1
src/libs/regexp.zig	308	priv	inline	lreCanonicalize
src/libs/regexp.zig	329	priv		normalizeStartIndex
src/libs/regexp.zig	343	priv		slotOptional
src/libs/regexp.zig	347	pub		captureSlotValue
src/libs/regexp.zig	351	priv		captureCountFromBytecode
src/libs/regexp.zig	356	pub		captureCount
src/libs/regexp.zig	360	priv		registerCountFromBytecode
src/libs/regexp.zig	365	priv		allocCountFromBytecode
src/libs/regexp.zig	369	pub		allocCount
src/libs/regexp.zig	373	pub		getFlags
src/libs/regexp.zig	378	priv		groupNameFromBytecode
src/libs/regexp.zig	396	pub		groupName
src/libs/regexp.zig	405	pub		deinit
src/libs/regexp.zig	410	pub		captureCount
src/libs/regexp.zig	414	pub		allocCount
src/libs/regexp.zig	418	pub		groupName
src/libs/regexp.zig	422	pub		flagBits
src/libs/regexp.zig	427	pub		compilePatternAndFlags
src/libs/regexp.zig	431	pub		compilePatternAndFlagsWithOptions
src/libs/regexp.zig	440	pub		compilePatternWithFlagBitsAndOptions
src/libs/regexp.zig	449	pub		isSupportedUnicodePropertyExpression
src/libs/regexp.zig	453	pub		exec
src/libs/regexp.zig	457	pub		execWithOptions
src/libs/regexp.zig	467	pub		execIntoMatchWithOptions
src/libs/regexp.zig	490	pub		execIntoMatchTrustedWithOptions
src/libs/regexp.zig	512	pub		execCaptureSlotsSliceTrustedWithOptions
src/libs/regexp.zig	524	priv		execCaptureSlotsParsed
src/libs/regexp.zig	593	pub		testMatchTrustedWithOptions
src/libs/regexp.zig	620	priv		init
src/libs/regexp.zig	653	priv	inline	cbufUtf16
src/libs/regexp.zig	657	priv	inline	checkFrameSpace
src/libs/regexp.zig	670	priv	inline	checkUndoSpace
src/libs/regexp.zig	683	priv	inline	ensurePc
src/libs/regexp.zig	691	priv	inline	pcWithOffset
src/libs/regexp.zig	712	priv	inline	getU8
src/libs/regexp.zig	719	priv	inline	readU8At
src/libs/regexp.zig	724	priv	inline	getU16
src/libs/regexp.zig	731	priv	inline	readU16UncheckedAt
src/libs/regexp.zig	735	priv	inline	getU32
src/libs/regexp.zig	742	priv	inline	readU32At
src/libs/regexp.zig	747	priv	inline	readU32UncheckedAt
src/libs/regexp.zig	751	priv	inline	getI32
src/libs/regexp.zig	755	priv	inline	compactIndex
src/libs/regexp.zig	762	priv	inline	compactCaptureValue
src/libs/regexp.zig	770	priv	inline	expandCaptureValue
src/libs/regexp.zig	774	priv	inline	pcOffset
src/libs/regexp.zig	781	priv	inline	pcFromOffset
src/libs/regexp.zig	790	priv	inline	frameType
src/libs/regexp.zig	797	priv	inline	pushExecState
src/libs/regexp.zig	809	priv	inline	saveCapture
src/libs/regexp.zig	816	priv	inline	pushUndo
src/libs/regexp.zig	821	priv	inline	pushUndoAssumeSpace
src/libs/regexp.zig	833	priv	inline	saveCaptureCheck
src/libs/regexp.zig	852	priv	inline	restoreOneUndo
src/libs/regexp.zig	865	priv	inline	restoreUndoTo
src/libs/regexp.zig	874	priv	inline	currentUndoBase
src/libs/regexp.zig	878	priv	inline	popFrameRestore
src/libs/regexp.zig	890	priv	inline	popFrameKeepUndo
src/libs/regexp.zig	901	priv	inline	registerSlot
src/libs/regexp.zig	905	priv	inline	readRegisterValue
src/libs/regexp.zig	917	priv	inline	getCharAtBounded
src/libs/regexp.zig	945	priv	inline	getPrevCharAtBounded
src/libs/regexp.zig	972	priv	inline	getCharUnchecked
src/libs/regexp.zig	990	priv	inline	peekChar
src/libs/regexp.zig	1007	priv	inline	peekPrevChar
src/libs/regexp.zig	1025	priv	inline	prevChar
src/libs/regexp.zig	1044	priv	inline	scanUntilChar8
src/libs/regexp.zig	1068	priv	inline	scanGreedyClass8
src/libs/regexp.zig	1106	priv	inline	matchRawForward
src/libs/regexp.zig	1124	priv	inline	matchRawBackward
src/libs/regexp.zig	1141	priv		lreExecBacktrack
src/libs/regexp.zig	1562	priv		writeMatch
src/libs/regexp.zig	1596	priv		parseHeader
src/libs/regexp.zig	1608	priv		parseHeaderTrusted
src/libs/regexp.zig	1620	priv		checkedAllocCount
src/libs/regexp.zig	1627	priv	inline	decodeOp
src/libs/regexp.zig	1632	priv	inline	isLineTerminator
src/libs/regexp.zig	1636	priv	inline	lreIsSpaceByte
src/libs/regexp.zig	1640	priv	inline	lreIsSpace
src/libs/regexp.zig	1645	priv	inline	isHiSurrogate
src/libs/regexp.zig	1649	priv	inline	isLoSurrogate
src/libs/regexp.zig	1653	priv	inline	fromSurrogate
src/libs/regexp.zig	1662	priv		decodeWtf8Surrogate
src/libs/regexp.zig	1707	priv		applyFlag
src/libs/regexp.zig	1715	priv		parseModifierGroup
src/libs/regexp.zig	1748	priv		startsWithAt
src/libs/regexp.zig	1752	priv		isRegExpModifierFlag
src/libs/regexp.zig	1756	priv		modifierFlagSlot
src/libs/regexp.zig	1779	priv		init
src/libs/regexp.zig	1783	priv		deinit
src/libs/regexp.zig	1789	priv		containsString
src/libs/regexp.zig	1797	priv		addOwnedString
src/libs/regexp.zig	1805	priv		unionWith
src/libs/regexp.zig	1815	priv		intersectWith
src/libs/regexp.zig	1829	priv		subtract
src/libs/regexp.zig	1851	pub		compile
src/libs/regexp.zig	1855	pub		compileWithOptions
src/libs/regexp.zig	1864	pub		compileWithFlagBitsAndOptions
src/libs/regexp.zig	1904	pub		parseFlagBits
src/libs/regexp.zig	1942	priv		parseGroupNameAt
src/libs/regexp.zig	1960	priv		groupNamesEqual
src/libs/regexp.zig	1971	priv		readGroupNameCodePoint
src/libs/regexp.zig	2000	priv		readGroupNameLiteralCodePoint
src/libs/regexp.zig	2015	priv		readUnicodeEscapeCodePoint
src/libs/regexp.zig	2043	pub		isRegExpGroupNameStart
src/libs/regexp.zig	2050	pub		isRegExpGroupNameContinue
src/libs/regexp.zig	2059	priv		isInvalidRegExpGroupNameStart
src/libs/regexp.zig	2067	pub		isInvalidRegExpGroupNameContinue
src/libs/regexp.zig	2097	priv		lreCheckStackOverflow
src/libs/regexp.zig	2102	priv		atomResult
src/libs/regexp.zig	2113	priv		putGroupName
src/libs/regexp.zig	2125	priv		isDuplicateGroupName
src/libs/regexp.zig	2136	priv		findGroupName
src/libs/regexp.zig	2152	priv		reParseCaptures
src/libs/regexp.zig	2202	priv		reCountCaptures
src/libs/regexp.zig	2211	priv		reHasNamedCaptures
src/libs/regexp.zig	2218	priv		emitHeader
src/libs/regexp.zig	2222	priv		patchHeader
src/libs/regexp.zig	2234	priv		patchSearchLiteralPrefix
src/libs/regexp.zig	2258	priv		reParseDisjunction
src/libs/regexp.zig	2281	priv		reParseAlternative
src/libs/regexp.zig	2297	priv		reParseTerm
src/libs/regexp.zig	2346	priv		parseGroup
src/libs/regexp.zig	2402	priv		parseCaptureGroup
src/libs/regexp.zig	2418	priv		parseEscape
src/libs/regexp.zig	2613	priv		reParseCharClass
src/libs/regexp.zig	2645	priv		atMatch
src/libs/regexp.zig	2657	priv		reParseNestedClass
src/libs/regexp.zig	2730	priv		reParseClassSetOperand
src/libs/regexp.zig	2786	priv		parseClassStringDisjunction
src/libs/regexp.zig	2829	priv		reEmitStringList
src/libs/regexp.zig	2844	priv		longerFirst
src/libs/regexp.zig	2894	priv		reParseClassAtomOrRange
src/libs/regexp.zig	2945	priv		getClassAtom
src/libs/regexp.zig	3069	priv		parseQuantifier
src/libs/regexp.zig	3135	priv		tryFoldGreedyClass8Loop
src/libs/regexp.zig	3146	priv		wrapGenericQuantifier
src/libs/regexp.zig	3225	priv		parseDecimalEscape
src/libs/regexp.zig	3231	priv		parseLegacyDecimalEscape
src/libs/regexp.zig	3254	priv		parseLegacyOctalAfterZero
src/libs/regexp.zig	3266	priv		parseLegacyClassDecimalEscape
src/libs/regexp.zig	3291	priv		parseGroupName
src/libs/regexp.zig	3300	priv		parseStringPropertyEscape
src/libs/regexp.zig	3315	priv		buildStringPropertyStringList
src/libs/regexp.zig	3334	priv		addSequenceToStringList
src/libs/regexp.zig	3353	priv		parseUnicodePropertyEscapeWithOrdering
src/libs/regexp.zig	3366	priv		parseUnicodePropertyEscape
src/libs/regexp.zig	3387	priv		parseDigits
src/libs/regexp.zig	3402	priv		parseFixedHexEscape
src/libs/regexp.zig	3414	priv		parseUnicodeEscape
src/libs/regexp.zig	3434	priv		isBracedUnicodeEscape
src/libs/regexp.zig	3438	priv		combineEscapedSurrogatePair
src/libs/regexp.zig	3451	priv		readPatternCodePoint
src/libs/regexp.zig	3458	priv		readClassCodePoint
src/libs/regexp.zig	3475	priv		readUtf8CodePoint
src/libs/regexp.zig	3494	priv		looksLikeQuantifier
src/libs/regexp.zig	3507	priv		reEmitChar
src/libs/regexp.zig	3515	priv		emitCharacterAtom
src/libs/regexp.zig	3521	priv		emitCanonicalChar
src/libs/regexp.zig	3525	priv		emitDirectional
src/libs/regexp.zig	3531	priv		emitDirectionalRange
src/libs/regexp.zig	3537	priv		emitNonUnicodeSurrogatePairAtom
src/libs/regexp.zig	3550	priv		emitNonUnicodeCodePointAtom
src/libs/regexp.zig	3559	priv		emitInvalidControlEscape
src/libs/regexp.zig	3570	priv		emitNonUnicodeSurrogatePairTerms
src/libs/regexp.zig	3586	priv		reEmitRange
src/libs/regexp.zig	3629	priv		reEmitClass8
src/libs/regexp.zig	3634	priv		backReferenceOp
src/libs/regexp.zig	3639	priv		emitBackReference
src/libs/regexp.zig	3645	priv		reEmitOp
src/libs/regexp.zig	3649	priv		reEmitOpU8
src/libs/regexp.zig	3654	priv		reEmitOpU16
src/libs/regexp.zig	3659	priv		reEmitOpU32
src/libs/regexp.zig	3664	priv		reEmitOpU32At
src/libs/regexp.zig	3671	priv		reEmitOpI32
src/libs/regexp.zig	3675	priv		reEmitGoto
src/libs/regexp.zig	3684	priv		reEmitGotoU8
src/libs/regexp.zig	3694	priv		reEmitGotoU8U32
src/libs/regexp.zig	3705	priv		reInsertSaveReset
src/libs/regexp.zig	3712	priv		appendU16
src/libs/regexp.zig	3718	priv		appendU32
src/libs/regexp.zig	3724	priv		insertBytes
src/libs/regexp.zig	3734	priv		moveTermToStart
src/libs/regexp.zig	3750	priv	inline	class8Mask
src/libs/regexp.zig	3754	priv	inline	class8BitmapContains
src/libs/regexp.zig	3758	priv	inline	class8CodePointMatches
src/libs/regexp.zig	3763	priv	inline	setClass8BitmapBit
src/libs/regexp.zig	3767	priv		buildClass8IncludedBitmap
src/libs/regexp.zig	3781	priv		buildClass8ExcludedBitmap
src/libs/regexp.zig	3793	priv		rangesContainTailFrom
src/libs/regexp.zig	3803	priv		rangesContainCodePoint
src/libs/regexp.zig	3813	priv		addAtomToCharRange
src/libs/regexp.zig	3829	priv		addInclusiveRange
src/libs/regexp.zig	3838	priv		addNonUnicodeSurrogatePair
src/libs/regexp.zig	3844	priv		addClassEscape
src/libs/regexp.zig	3867	priv		addUnicodeProperty
src/libs/regexp.zig	3883	priv		reNeedCheckAdvAndCaptureInit
src/libs/regexp.zig	3928	priv		reComputeRegisterCount
src/libs/regexp.zig	3977	priv		opFixedSize
src/libs/regexp.zig	3995	priv		loopSplitOp
src/libs/regexp.zig	4002	priv		canonicalizeLiteral
src/libs/regexp.zig	4009	priv		opByte
src/libs/regexp.zig	4013	priv		isRegexSyntax
src/libs/regexp.zig	4020	priv		isSyntaxEscape
src/libs/regexp.zig	4027	priv		isUnicodeSetsReservedClassByte
src/libs/regexp.zig	4035	pub		isUnicodeSetsReservedDoublePunctuator
src/libs/regexp.zig	4045	priv	inline	fromHex
src/libs/regexp.zig	4052	priv	inline	isDigit
src/libs/regexp.zig	4056	priv	inline	lreIsWordByte
src/libs/unicode/data.zig	2412	pub		index
src/libs/unicode/data.zig	2416	pub		count
src/libs/unicode/data.zig	2644	pub		index
src/libs/unicode/data.zig	2648	pub		count
src/libs/unicode/data.zig	2899	pub		index
src/libs/unicode/data.zig	2903	pub		count
src/libs/unicode/data.zig	2992	pub		index
src/libs/unicode/data.zig	2996	pub		count
src/libs/unicode/data.zig	3027	pub		propTable
src/libs/unicode/names.zig	6	priv		parseNameTableComptime
src/libs/unicode/names.zig	35	priv		countNameGroupsComptime
src/libs/unicode/names.zig	50	priv		validateNameTable
src/libs/unicode/names.zig	68	priv		firstAliasMatchesEnumField
src/libs/unicode/names.zig	89	priv		findName
src/libs/unicode/names.zig	107	pub		isScriptPropertyName
src/libs/unicode/names.zig	111	pub		isScriptExtensionsPropertyName
src/libs/unicode/names.zig	115	pub		isGeneralCategoryPropertyName
src/libs/unicode/names.zig	119	pub		scriptIndex
src/libs/unicode/names.zig	124	pub		gcIndex
src/libs/unicode/names.zig	129	pub		propIndex
src/libs/unicode/names.zig	134	pub		sequencePropIndex
src/libs/unicode/names.zig	139	pub		gcBit
src/libs/unicode/names.zig	154	pub		gcMaskByIndex
src/libs/unicode/names.zig	171	pub		parsePropertyExpression
src/libs/unicode/properties.zig	142	pub		derived
src/libs/unicode/properties.zig	167	pub		isSupported
src/libs/unicode/regexp_properties.zig	28	priv		unicodeGeneralCategory1
src/libs/unicode/regexp_properties.zig	81	priv		unicodeProp1
src/libs/unicode/regexp_properties.zig	111	priv		unicodeCase1
src/libs/unicode/regexp_properties.zig	156	priv		unicodePropOps
src/libs/unicode/regexp_properties.zig	194	priv		unicodeProp
src/libs/unicode/regexp_properties.zig	206	priv		isSupportedProperty
src/libs/unicode/regexp_properties.zig	210	priv		unicodeScript
src/libs/unicode/regexp_properties.zig	317	pub		isSupportedUnicodePropertyExpression
src/libs/unicode/regexp_properties.zig	324	pub		isUnicodePropertyMatches
src/libs/unicode.zig	19	pub		asciiCategory
src/libs/unicode.zig	73	pub		isIdentifierStart
src/libs/unicode.zig	81	pub		isIdentifierContinue
src/libs/unicode.zig	90	pub		caseConvert
src/libs/unicode.zig	97	pub		regexpCanonicalize
src/libs/unicode.zig	113	pub		isCased
src/libs/unicode.zig	118	pub		isCaseIgnorable
src/libs/unicode.zig	122	pub		isEcmaLineTerminatorCodePoint
src/libs/unicode.zig	126	pub		isEcmaLineTerminatorUnit
src/libs/unicode.zig	130	pub		isEcmaWhitespaceOrLineTerminatorCodePoint
src/libs/unicode.zig	137	pub		isEcmaWhitespaceOrLineTerminatorUnit
src/libs/unicode.zig	141	pub		isAsciiWhitespaceByte
src/libs/unicode.zig	145	pub		isAsciiDigitUnit
src/libs/unicode.zig	149	pub		isAsciiWordUnit
src/libs/unicode.zig	153	pub		isAsciiIdentifierStartByte
src/libs/unicode.zig	157	pub		isAsciiIdentifierPartByte
src/libs/unicode.zig	161	pub		asciiRadixDigitValueByte
src/libs/unicode.zig	170	pub		isAsciiBinaryDigitByte
src/libs/unicode.zig	174	pub		isAsciiOctalDigitByte
src/libs/unicode.zig	178	pub		isAsciiDigitByte
src/libs/unicode.zig	182	pub		isAsciiUpperByte
src/libs/unicode.zig	186	pub		isAsciiLowerByte
src/libs/unicode.zig	190	pub		isAsciiAlphaByte
src/libs/unicode.zig	194	pub		isAsciiAlphanumericByte
src/libs/unicode.zig	198	pub		isAsciiWordByte
src/libs/unicode.zig	202	pub		asciiHexDigitValueByte
src/libs/unicode.zig	208	pub		asciiUpperHexDigitValueByte
src/libs/unicode.zig	214	pub		asciiLowerHexDigitChar
src/libs/unicode.zig	219	pub		asciiUpperHexDigitChar
src/libs/unicode.zig	224	pub		isAsciiHexDigitByte
src/libs/unicode.zig	228	pub		asciiHexDigitValueUnit
src/libs/unicode.zig	233	pub		isAsciiHexDigitUnit
src/libs/unicode.zig	237	pub		isAsciiDigitCodePoint
src/libs/unicode.zig	241	pub		isAsciiUpperCodePoint
src/libs/unicode.zig	245	pub		isAsciiLowerCodePoint
src/libs/unicode.zig	249	pub		isAsciiAlphaCodePoint
src/libs/unicode.zig	253	pub		isAsciiAlphanumericCodePoint
src/libs/unicode.zig	257	pub		isAsciiWordCodePoint
src/libs/unicode.zig	261	pub		isHighSurrogateUnit
src/libs/unicode.zig	265	pub		isLowSurrogateUnit
src/libs/unicode.zig	269	pub		isHighSurrogateCodePoint
src/libs/unicode.zig	273	pub		isLowSurrogateCodePoint
src/libs/unicode.zig	277	pub		isSurrogateCodePoint
src/libs/unicode.zig	281	pub		codePointFromSurrogatePair
src/libs/unicode.zig	285	pub		surrogatePairFromCodePoint
src/libs/unicode.zig	293	pub		appendUtf16CodePoint
src/libs/unicode.zig	303	pub		appendUtf8CodePoint
src/libs/unicode.zig	321	pub		appendUtf16UnitsAsUtf8
src/libs/unicode.zig	338	pub		normalizeAlloc
src/libs/unicode.zig	396	pub		propertyRangePoints
src/libs/unicode.zig	409	priv		propertyRangeSet
src/libs/unicode.zig	429	pub		toUpperAscii
src/libs/unicode.zig	434	pub		toLowerAscii
src/libs/unicode.zig	439	pub		equalsIgnoreAsciiCase
src/libs/unicode.zig	472	priv		caseConv1
src/libs/unicode.zig	476	priv		caseConv
src/libs/unicode.zig	490	priv		caseConvEntry
src/libs/unicode.zig	568	priv		caseFoldingEntry
src/libs/unicode.zig	590	priv		findCaseEntry
src/libs/unicode.zig	609	priv		getLe24
src/libs/unicode.zig	618	priv		getIndexPosition
src/libs/unicode.zig	647	priv		isInTable
src/libs/unicode.zig	713	priv		shortCode
src/libs/unicode.zig	725	priv		lowerSimple
src/libs/unicode.zig	735	priv		get16
src/libs/unicode.zig	739	priv		decompEntry
src/libs/unicode.zig	825	priv		decompTypeI
src/libs/unicode.zig	834	priv		decompTypeB
src/libs/unicode.zig	849	priv		decompChar
src/libs/unicode.zig	871	priv		unicodeComposePair
src/libs/unicode.zig	899	priv		combiningClass
src/libs/unicode.zig	932	priv		sortCanonicalCombiningClass
src/libs/unicode.zig	957	priv		toNfdRec
src/libs/unicode.zig	978	priv		composePair
src/libs/unicode.zig	997	pub		init
src/libs/unicode.zig	1001	pub		deinit
src/libs/unicode.zig	1005	pub		items
src/libs/unicode.zig	1009	pub		addInterval
src/libs/unicode.zig	1016	pub		appendPoints
src/libs/unicode.zig	1020	pub		addSet
src/libs/unicode.zig	1024	pub		normalize
src/libs/unicode.zig	1028	pub		compress
src/libs/unicode.zig	1032	priv		compressAdjacent
src/libs/unicode.zig	1053	pub		sortAndRemoveOverlap
src/libs/unicode.zig	1058	priv		compressOverlapping
src/libs/unicode.zig	1081	pub		unionWith
src/libs/unicode.zig	1085	pub		intersectWith
src/libs/unicode.zig	1089	pub		xorWith
src/libs/unicode.zig	1093	pub		subWith
src/libs/unicode.zig	1104	priv		opWith
src/libs/unicode.zig	1111	priv		makeOp
src/libs/unicode.zig	1163	pub		invert
src/libs/unicode.zig	1172	pub		regexpCanonicalize
src/libs/unicode.zig	1230	pub		rangeCount
src/libs/unicode.zig	1234	pub		rangeAt
src/libs/unicode.zig	1242	pub		isEmpty
src/libs/unicode.zig	1246	pub		lastHi
src/libs/unicode.zig	1253	priv		insertionSortPointPairs
src/libs/unicode.zig	1268	priv		generalCategory
src/libs/unicode.zig	1273	priv		unicodeGeneralCategory1
src/libs/unicode.zig	1317	priv		unicodeProp1
src/libs/unicode.zig	1351	priv		unicodeCase1
src/libs/unicode.zig	1396	priv		unicodePropOps
src/libs/unicode.zig	1450	priv		unicodeProp
src/libs/unicode.zig	1474	priv		scriptRanges
src/libs/unicode.zig	1553	pub		addSequenceProperty
src/libs/unicode.zig	1565	pub		isSequencePropertyName
src/libs/unicode.zig	1571	priv		sequenceProp1
src/libs/unicode.zig	1654	priv		emitPropertySequences
src/libs/unicode.zig	1679	priv		emitZwjSequences
src/libs/unicode.zig	2127	priv		rangesContain
src/libs/unicode.zig	2134	priv		pointsContain
src/libs/unicode.zig	2142	priv		expectRegexpShortcutMatchesRangeBuilder
src/libs/unicode.zig	2162	priv		expectRegexpShortcutPointMatchesRanges
src/opcode_logical.zig	390	pub		planeOf
src/opcode_logical.zig	609	pub		familyOf
src/opcode_logical.zig	1016	pub		operandTemplate
src/opcode_logical.zig	1118	pub		operandsOf
src/opcode_logical.zig	1271	pub		subForm
src/opcode_logical.zig	1297	pub		traitsOf
src/opcode_logical.zig	1637	pub		asyncSuspension
src/parser.zig	20	pub		create
src/parser.zig	33	pub		deinit
src/parser.zig	41	pub		advance
src/parser.zig	176	pub		isKeyword
src/parser.zig	184	pub		keywordAtom
src/parser.zig	296	priv		lreCheckStackOverflow
src/parser.zig	363	priv		deinit
src/parser.zig	368	priv		scopeNameKey
src/parser.zig	373	priv		validateScopes
src/parser.zig	382	priv		entry
src/parser.zig	392	priv		recordLinkedNewestFirst
src/parser.zig	411	priv		recordFunctionVarOriginOldestFirst
src/parser.zig	433	priv		build
src/parser.zig	472	priv		readyFor
src/parser.zig	508	priv		message
src/parser.zig	524	priv		forceResultNeeded
src/parser.zig	556	priv		deinit
src/parser.zig	925	priv		initRootEmitter
src/parser.zig	966	pub		init
src/parser.zig	975	pub		initWithRuntime
src/parser.zig	989	pub		initCanonicalRootWithRuntime
src/parser.zig	1003	pub		deinit
src/parser.zig	1095	priv		traceCompileValueRoots
src/parser.zig	1105	priv		traceCompileValueRootsThunk
src/parser.zig	1110	priv		compileValueRootProvider
src/parser.zig	1118	pub		activateCompileRoots
src/parser.zig	1128	priv		deactivateCompileValueRoots
src/parser.zig	1134	priv		setCurrentNamespaceAtom
src/parser.zig	1139	priv		setLastDeclaredAtom
src/parser.zig	1147	priv		curFunc
src/parser.zig	1154	priv		funcAtVirtualIndex
src/parser.zig	1159	priv		deinitDeclarationConflictIndices
src/parser.zig	1169	priv		discardDeclarationConflictIndex
src/parser.zig	1182	priv		declarationConflictIndex
src/parser.zig	1213	priv		readyDeclarationConflictIndexForWrite
src/parser.zig	1228	priv		prepareLinkedDeclarationIndexWrite
src/parser.zig	1255	priv		commitLinkedDeclarationIndexWrite
src/parser.zig	1290	priv		prepareFunctionVarOriginIndexWrite
src/parser.zig	1326	priv		commitFunctionVarOriginIndexWrite
src/parser.zig	1370	priv		pushFunction
src/parser.zig	1402	priv		popFunction
src/parser.zig	1408	priv		discardCurrentFunction
src/parser.zig	1413	priv		discardFunctionDef
src/parser.zig	1427	pub		pushScopeIdentity
src/parser.zig	1437	pub		pushScope
src/parser.zig	1445	pub		beginFunctionBody
src/parser.zig	1454	pub		beginFunctionBodyIdentityOnly
src/parser.zig	1464	pub		popScopeIdentity
src/parser.zig	1485	pub		popScope
src/parser.zig	1497	pub		addScopeVar
src/parser.zig	1550	priv		atFunctionBodyScope
src/parser.zig	1554	priv		atProgramBodyScope
src/parser.zig	1558	priv		isChildScope
src/parser.zig	1571	priv		firstGlobalVarIndex
src/parser.zig	1583	priv		findLexicalDeclarationLegacy
src/parser.zig	1606	priv		findIndexedLexicalDeclaration
src/parser.zig	1640	priv		findLexicalDeclaration
src/parser.zig	1669	priv		findFunctionVarInChildScopeLegacy
src/parser.zig	1677	priv		findFunctionVarInChildScope
src/parser.zig	1705	priv		appendFunctionVarAtOrigin
src/parser.zig	1724	pub		defineVar
src/parser.zig	1824	priv		scopeHasVar
src/parser.zig	1836	priv		visibleLexicalScopeVar
src/parser.zig	1853	priv		findLexicalGlobalVar
src/parser.zig	1862	priv		findGlobalVar
src/parser.zig	1875	priv		ensureFunctionScopeVar
src/parser.zig	1883	priv		findFunctionScopeVar
src/parser.zig	1893	priv		addGlobalVar
src/parser.zig	1905	priv		addGlobalAnnexBFunctionVar
src/parser.zig	1920	priv		addDirectEvalVarObjectVar
src/parser.zig	1933	priv		emitGlobalScopePutVar
src/parser.zig	1940	priv		emitEvalVarObjectScopePutVar
src/parser.zig	1969	pub		enableEvalReturn
src/parser.zig	1979	pub		enableReturnCompletion
src/parser.zig	1993	priv		emitEvalRetGet
src/parser.zig	1998	priv		emitEvalRetPut
src/parser.zig	2007	pub		finalizeEvalReturn
src/parser.zig	2016	pub		setEvalReturnUndefined
src/parser.zig	2022	pub		emitReturnUndefined
src/parser.zig	2028	priv		advance
src/parser.zig	2059	priv	noinline	setPendingDiagnostic
src/parser.zig	2070	priv		currentDiagnosticPosition
src/parser.zig	2078	priv		recordFailureHere
src/parser.zig	2085	priv		failHere
src/parser.zig	2090	priv		propagateFailureHere
src/parser.zig	2098	priv		tokenKindLabel
src/parser.zig	2126	priv		currentTokenKindLabel
src/parser.zig	2136	priv		failExpectedToken
src/parser.zig	2142	priv		formatExpectedGot
src/parser.zig	2154	priv		failExpectedDescription
src/parser.zig	2163	priv		failExpectedDescriptionAt
src/parser.zig	2176	priv		failUnexpectedToken
src/parser.zig	2189	priv		failWithMessage
src/parser.zig	2194	priv		failUndefinedLabel
src/parser.zig	2205	pub		peekKind
src/parser.zig	2209	priv		currentTokenStartOffset
src/parser.zig	2216	priv		currentFunctionSourceStart
src/parser.zig	2224	priv		currentTokenEndOffset
src/parser.zig	2228	priv		captureFunctionSource
src/parser.zig	2232	priv		setFunctionSourceRange
src/parser.zig	2242	priv		setChildFunctionSourceByCpoolIndex
src/parser.zig	2255	priv		isPunct
src/parser.zig	2260	priv		gotLineTerminator
src/parser.zig	2270	priv		hasActiveLabel
src/parser.zig	2277	priv		pushLabelFrame
src/parser.zig	2294	priv		patchLabelBreaks
src/parser.zig	2302	priv		patchLabelContinues
src/parser.zig	2310	priv		popLabelFrame
src/parser.zig	2316	priv		findLabelFrame
src/parser.zig	2325	priv		emitLabelledBreak
src/parser.zig	2329	priv		emitLabelledContinue
src/parser.zig	2333	priv		labelStartAtomOwned
src/parser.zig	2342	priv		isReservedLabelIdentifier
src/parser.zig	2350	priv		deinitCurrentControlFrames
src/parser.zig	2371	priv		enterControlBoundary
src/parser.zig	2411	priv		leaveControlBoundary
src/parser.zig	2432	priv		truncateClassPrivateElements
src/parser.zig	2438	priv		truncateClassPrivateBoundNames
src/parser.zig	2446	priv		expectSemicolon
src/parser.zig	2460	priv		expectToken
src/parser.zig	2467	priv		peekNextKind
src/parser.zig	2476	priv		peekNextIsOfToken
src/parser.zig	2488	priv		peekNextKindNoLineTerminator
src/parser.zig	2498	priv		peekNextKindWithLineTerminator
src/parser.zig	2513	priv		forHeadHasNoTopLevelSemicolon
src/parser.zig	2525	priv		call
src/parser.zig	2588	priv		rhsContainsDirectEval
src/parser.zig	2601	priv		call
src/parser.zig	2692	priv		templateContainsDirectEval
src/parser.zig	2763	priv	inline	isIdent
src/parser.zig	2773	priv	inline	isAsyncIdentifier
src/parser.zig	2779	priv		isParameterModifier
src/parser.zig	2793	priv		isOfToken
src/parser.zig	2797	priv		canTreatLetAsForInitializerExpression
src/parser.zig	2818	priv		takeEmissionSnapshot
src/parser.zig	2837	priv		rollbackEmission
src/parser.zig	2858	priv		commitLastOpcode
src/parser.zig	2862	priv		currentParserLabelCount
src/parser.zig	2868	priv		setParserLabelCount
src/parser.zig	2876	priv		emitOpcodeBytesNoSource
src/parser.zig	2884	priv		appendAtomOperandAssumeCapacity
src/parser.zig	2892	priv		markDirectEvalCall
src/parser.zig	2897	priv		emitOp
src/parser.zig	2904	priv		emitOpU8
src/parser.zig	2908	priv		emitOpU16
src/parser.zig	2915	priv		emitOpI32
src/parser.zig	2922	priv		emitOpU32
src/parser.zig	2929	priv		emitFClosure8
src/parser.zig	2944	priv		emitFClosure
src/parser.zig	2954	priv		emitCloseLoc
src/parser.zig	2967	priv		emitEnterScope
src/parser.zig	2975	priv		emitLeaveScope
src/parser.zig	2985	priv		closeScopes
src/parser.zig	3000	priv	noinline	emitScopeVar
src/parser.zig	3024	priv	inline	emitScopeGetVar
src/parser.zig	3028	priv	inline	emitScopeGetVarCheckThis
src/parser.zig	3032	priv	inline	emitScopePutVar
src/parser.zig	3036	priv	inline	emitScopePutVarNoSource
src/parser.zig	3040	priv	inline	emitScopeGetVarUndef
src/parser.zig	3048	priv	inline	emitScopePutVarInit
src/parser.zig	3052	priv	inline	emitScopePutVarInitNoSource
src/parser.zig	3056	priv		emitThisValue
src/parser.zig	3078	priv		ensureImplicitArgumentsLocal
src/parser.zig	3092	priv		isDynamicEnvironmentCaptureAtom
src/parser.zig	3098	priv		ensureClosureVar
src/parser.zig	3292	priv		ensureArrowSpecialCapture
src/parser.zig	3323	priv		findVisibleParentVarCapturingWith
src/parser.zig	3371	priv		ensureClosureChain
src/parser.zig	3415	priv		findClosureVarIndex
src/parser.zig	3422	priv		findGlobalClosureVarIndex
src/parser.zig	3433	priv		ensureGlobalClosureVarIndex
src/parser.zig	3448	priv		emitGlobalVarOp
src/parser.zig	3455	priv		emitGlobalVarOpNoSource
src/parser.zig	3460	priv		scopeChainContains
src/parser.zig	3469	priv		hasVisibleCurrentBinding
src/parser.zig	3484	priv		emitBigIntLiteral
src/parser.zig	3519	priv		invalidateLastOpcode
src/parser.zig	3523	priv		flowTail
src/parser.zig	3535	priv		noteEmittedOp
src/parser.zig	3557	priv		noteEmittedLabelOperand
src/parser.zig	3569	priv		appendBytesNoSource
src/parser.zig	3587	pub		activeBuilder
src/parser.zig	3594	pub		builderAddSourceMarker
src/parser.zig	3606	priv		builderRecordPlainControl
src/parser.zig	3617	priv		builderRecordU16Control
src/parser.zig	3625	priv		builderRecordU32Control
src/parser.zig	3630	priv		builderRecordAtomU8Control
src/parser.zig	3637	pub		builderEmitOp
src/parser.zig	3643	pub		builderEmitOpU8
src/parser.zig	3647	pub		builderEmitOpU16
src/parser.zig	3652	pub		builderEmitOpU32
src/parser.zig	3657	pub		builderEmitOpI32
src/parser.zig	3663	pub		builderEmitAtomOpOwned
src/parser.zig	3667	pub		builderEmitAtomOpU8Owned
src/parser.zig	3672	pub		builderEmitAtomOpU16Owned
src/parser.zig	3678	pub		builderEmitJump
src/parser.zig	3682	pub		builderNewLabel
src/parser.zig	3691	pub		builderBindLabel
src/parser.zig	3700	pub		builderBindParserLabel
src/parser.zig	3709	pub		ensureBuilderForFd
src/parser.zig	3721	pub		beginBuilderEmissionForTest
src/parser.zig	3728	pub		beginProgramEmission
src/parser.zig	3740	priv		currentCodeLen
src/parser.zig	3745	priv		currentCode
src/parser.zig	3750	priv		currentAtomOperands
src/parser.zig	3764	priv		truncateCode
src/parser.zig	3809	priv		truncateAtomOperands
src/parser.zig	3817	priv		currentAtomOperandLen
src/parser.zig	3827	priv		checkIdentArrowHead
src/parser.zig	3841	priv		checkAsyncArrowHeadAfterAsync
src/parser.zig	3865	priv		isAsyncArrowBindingIdentifierKind
src/parser.zig	3880	priv		checkArrowHead
src/parser.zig	3890	priv		lookaheadErrorAsNoMatch
src/parser.zig	3902	priv		diagnosticTokenFromToken
src/parser.zig	3918	priv		mapLookaheadLexerError
src/parser.zig	3929	priv		peekNextDiagnosticToken
src/parser.zig	3943	priv		nextRegexpAwareLookaheadKind
src/parser.zig	3951	priv		rescanLookaheadTokenIfRegexp
src/parser.zig	3962	priv		parseArrowAssignment
src/parser.zig	4001	pub		parseExpr
src/parser.zig	4006	pub		parseExpr2
src/parser.zig	4028	pub		parseAssignExpr
src/parser.zig	4035	pub		parseAssignExpr2
src/parser.zig	4121	priv		parseDestructuringAssignment
src/parser.zig	4145	priv		emitLogicalAssignLValue
src/parser.zig	4217	priv		deinit
src/parser.zig	4224	priv		isRuntimeInvalidCallOpcode
src/parser.zig	4241	priv		emitInvalidAssignmentTarget
src/parser.zig	4259	priv		hasWithScopeFrom
src/parser.zig	4284	priv		reemitLValueGetter
src/parser.zig	4327	priv		getLValue
src/parser.zig	4463	priv		putLValue
src/parser.zig	4561	priv		hasKnownBinding
src/parser.zig	4610	priv	inline	strictUnresolvedAssignmentNeedsReference
src/parser.zig	4620	priv		argumentsIdentifierIsForbidden
src/parser.zig	4628	priv		appendRetainedAtom
src/parser.zig	4633	priv		tokenStartsPrimaryExpression
src/parser.zig	4654	priv		tokenStartsYieldExpressionOperand
src/parser.zig	4658	priv		tokenCanStartSlashRegexp
src/parser.zig	4663	pub		parseCondExpr
src/parser.zig	4686	pub		parseCoalesceExpr
src/parser.zig	4707	pub		parseLogicalAndOr
src/parser.zig	4753	pub		parseExprBinary
src/parser.zig	4799	pub		parseUnary
src/parser.zig	5015	priv		emitYieldStarDelegation
src/parser.zig	5101	priv		emitSuperThis
src/parser.zig	5116	priv		emitSuperThisAndHomeObject
src/parser.zig	5125	priv		discardTrailingGetSuper
src/parser.zig	5152	priv		parseDelete
src/parser.zig	5163	priv		compactAppendedTailReplacement
src/parser.zig	5254	priv		optionalChainExitAtEnd
src/parser.zig	5287	priv		emitDeleteNonReference
src/parser.zig	5299	priv		finishDelete
src/parser.zig	5368	priv		rewriteOptionalChainDeleteBuilder
src/parser.zig	5449	priv		prepareCallReference
src/parser.zig	5536	priv		emitPreparedCall
src/parser.zig	5579	pub		parsePostfixExpr
src/parser.zig	5615	pub		parseLhsExpr
src/parser.zig	5684	priv		emitCapturedSuperConstructorCall
src/parser.zig	5725	priv		emitClassFieldInitCall
src/parser.zig	5740	priv		parseNewExpr
src/parser.zig	5808	priv		parseNewCalleeMemberAccess
src/parser.zig	5864	priv		parseMemberChain
src/parser.zig	6023	priv		parseTaggedTemplateInvocation
src/parser.zig	6107	priv		emitOptionalChainTest
src/parser.zig	6138	priv		parseCallArgs
src/parser.zig	6191	priv		parseRegExpLiteral
src/parser.zig	6234	priv		parsePrimary
src/parser.zig	6414	priv		parseDynamicImportCall
src/parser.zig	6452	priv		parseTemplate
src/parser.zig	6496	priv		emitTaggedTemplateSingletonObject
src/parser.zig	6509	priv		realmArrayPrototype
src/parser.zig	6535	priv		init
src/parser.zig	6558	priv		addPart
src/parser.zig	6589	priv		finish
src/parser.zig	6602	priv		parseArrayLiteral
src/parser.zig	6679	priv		parseObjectLiteral
src/parser.zig	6709	priv		invalidate
src/parser.zig	6713	priv		noteStaticProperty
src/parser.zig	6727	priv		parseObjectProperty
src/parser.zig	6878	priv		parseObjectAccessorProperty
src/parser.zig	6913	priv		parseObjectPropertyName
src/parser.zig	6963	priv	noinline	escapedIdentifierIsReservedWordForBinding
src/parser.zig	7015	priv		escapedIdentifierIsReservedWordForShorthandBinding
src/parser.zig	7032	priv	inline	escapedIdentifierIsReservedWordForCurrentContext
src/parser.zig	7036	priv		isInvalidStrictFunctionBindingName
src/parser.zig	7041	priv		recordInvalidStrictParameterName
src/parser.zig	7047	priv		rejectInvalidStrictParameterName
src/parser.zig	7052	priv		canUseAwaitAsIdentifier
src/parser.zig	7056	priv		isIdentifierLikeToken
src/parser.zig	7065	priv		isSloppyFutureReservedBindingToken
src/parser.zig	7069	priv		isSloppyFutureReservedToken
src/parser.zig	7082	priv		tokenCanStartExpression
src/parser.zig	7099	priv		identifierLikeAtom
src/parser.zig	7105	priv		identifierLikeAtomOwned
src/parser.zig	7109	priv		identifierLikeHasInvalidEscapeForBinding
src/parser.zig	7140	priv	inline	save
src/parser.zig	7154	priv	inline	restore
src/parser.zig	7167	priv		emitObjectMethodFunction
src/parser.zig	7189	priv		atomNameEquals
src/parser.zig	7193	priv		atomsNameEqual
src/parser.zig	7200	priv		evalAnnexBBlockedFunctionName
src/parser.zig	7207	priv		atomNameIsPrivate
src/parser.zig	7211	priv		formatBigIntPropertyName
src/parser.zig	7233	priv		compoundAssignOpcode
src/parser.zig	7251	priv		logicalAssignKind
src/parser.zig	7261	priv		matchBinaryOp
src/parser.zig	7312	priv		expectPunct
src/parser.zig	7317	priv		numberIsExactI32
src/parser.zig	7324	priv		parseBigIntI32
src/parser.zig	7369	priv		newLabel
src/parser.zig	7372	priv		jump
src/parser.zig	7375	priv		jumpNoSource
src/parser.zig	7378	priv		bind
src/parser.zig	7381	priv		bindTarget
src/parser.zig	7384	priv		newPhysLabel
src/parser.zig	7387	priv		jumpPhysNoSource
src/parser.zig	7390	priv		bindPhys
src/parser.zig	7394	priv	inline	op
src/parser.zig	7397	priv	inline	opNoSource
src/parser.zig	7400	priv	inline	opAt
src/parser.zig	7403	priv	inline	opU8
src/parser.zig	7406	priv	inline	opU16
src/parser.zig	7409	priv	inline	opU16NoSource
src/parser.zig	7413	priv	inline	callOp
src/parser.zig	7416	priv	inline	opU16At
src/parser.zig	7419	priv	inline	opU32
src/parser.zig	7422	priv	inline	opI32
src/parser.zig	7425	priv	inline	opAtom
src/parser.zig	7428	priv	inline	opAtomU8
src/parser.zig	7431	priv	inline	opAtomU16
src/parser.zig	7434	priv	inline	opAtomU16NoSource
src/parser.zig	7437	priv	inline	pushConst
src/parser.zig	7440	priv	inline	pushConstOwned
src/parser.zig	7448	priv		mapBuilderError
src/parser.zig	7458	priv		emitterNewLabel
src/parser.zig	7463	priv		emitterJump
src/parser.zig	7468	priv		emitterJumpNoSource
src/parser.zig	7476	priv	noinline	emitterOp
src/parser.zig	7482	priv	inline	emitterOpNoSource
src/parser.zig	7488	priv	inline	emitterOpAt
src/parser.zig	7495	priv		emitterOpU16At
src/parser.zig	7506	priv		emitterAddSourceMarker
src/parser.zig	7512	priv		emitGrammarSource
src/parser.zig	7518	priv		emitterAtomOpOwned
src/parser.zig	7523	priv		emitterAtomOpOwnedNoSource
src/parser.zig	7528	priv		emitterAtomOpU16OwnedNoSource
src/parser.zig	7534	priv		emitterScopeRefOp
src/parser.zig	7540	priv		emitterAtomOpU8Owned
src/parser.zig	7545	priv		emitterOpU8
src/parser.zig	7551	priv		emitterOpU8NoSource
src/parser.zig	7560	priv	noinline	emitterOpU16
src/parser.zig	7567	priv		emitterCallOp
src/parser.zig	7573	priv		emitterOpU32
src/parser.zig	7579	priv		emitterOpI32
src/parser.zig	7590	priv	noinline	emitterPushConst
src/parser.zig	7606	priv	inline	emitterPushConstOwned
src/parser.zig	7612	priv	inline	emitterOpU16NoSource
src/parser.zig	7617	priv		emitterOpU32NoSource
src/parser.zig	7623	priv		emitterDetachTail
src/parser.zig	7631	priv		emitterDiscardDetachedSources
src/parser.zig	7637	priv		emitterSpliceSegment
src/parser.zig	7643	priv		emitterBindLabel
src/parser.zig	7650	priv		emitterBindLabelRaw
src/parser.zig	7656	priv		emitterBindParserLabel
src/parser.zig	7662	priv		emitterBindParserLabelRaw
src/parser.zig	7670	priv		emitterRetargetLabel
src/parser.zig	7693	priv		emitParserLabelJumpNoSource
src/parser.zig	7710	priv		parserPhaseAtomTempInstruction
src/parser.zig	7735	priv		parserPhaseInstruction
src/parser.zig	7751	priv		parserPhaseInstructionHasAtom
src/parser.zig	7776	priv		parserPhaseLabelOperandOffset
src/parser.zig	7786	priv		pushBreakFrame
src/parser.zig	7800	priv		pushBreakOnlyFrame
src/parser.zig	7812	priv		pushControlBlock
src/parser.zig	7838	priv		popControlBlock
src/parser.zig	7843	priv		setCurrentBreakCleanupDrops
src/parser.zig	7849	priv		setCurrentBreakCrossCleanupDrops
src/parser.zig	7854	priv		emitUnlabelledBreakCleanup
src/parser.zig	7859	priv		emitCrossFrameCleanup
src/parser.zig	7870	priv		emitCatchMarkerDropsFromDepth
src/parser.zig	7880	priv		emitUsingDisposesForCatchMarkerDepth
src/parser.zig	7892	priv		emitUnlabelledBreak
src/parser.zig	7897	priv		emitUnlabelledContinue
src/parser.zig	7902	priv		enterSwitchContinueCleanup
src/parser.zig	7908	priv		leaveSwitchContinueCleanup
src/parser.zig	7914	priv		expressionStatementKeepsCompletion
src/parser.zig	7943	priv		caseTailCanFallthrough
src/parser.zig	7984	pub		isLiveCode
src/parser.zig	8014	pub		emitPlainTailForTest
src/parser.zig	8018	priv		lastParserPhaseOpcode
src/parser.zig	8043	priv		trailingCleanupStart
src/parser.zig	8074	pub		hasJumpToCurrentEnd
src/parser.zig	8102	pub		functionNeedsImplicitReturn
src/parser.zig	8116	priv		patchContinueFrame
src/parser.zig	8121	priv		popBreakFrameAndPatch
src/parser.zig	8138	priv		popBreakOnlyFrameAndPatch
src/parser.zig	8149	priv		skipFunctionInPredeclareScan
src/parser.zig	8180	priv		skipTemplateInPredeclareScan
src/parser.zig	8235	priv		skipRegexpInPredeclareScan
src/parser.zig	8245	priv		predeclareSlashStartsRegexp
src/parser.zig	8324	priv		usingDeclarationStart
src/parser.zig	8333	priv		awaitUsingDeclarationStart
src/parser.zig	8353	priv		directUsingDeclarationKind
src/parser.zig	8359	priv		tokenKindCanStartUsingBinding
src/parser.zig	8369	priv		advanceUsingDeclarationPrefixForLookahead
src/parser.zig	8385	priv		usingDeclarationBindingIsOf
src/parser.zig	8392	priv		emitCreateUsingDisposableStack
src/parser.zig	8401	priv		emitUsingAwait
src/parser.zig	8409	priv		emitUsingAddResource
src/parser.zig	8417	priv		emitUsingAwaitIfNeeded
src/parser.zig	8430	priv		emitUsingDisposeStack
src/parser.zig	8439	priv		emitUsingDisposeStackForThrow
src/parser.zig	8449	priv		armCurrentUsingBlockFrame
src/parser.zig	8469	priv		noteUsingResourceHint
src/parser.zig	8476	priv		finalizeCurrentUsingBlockFrame
src/parser.zig	8502	priv		restoreUsingBlockFramesAfterError
src/parser.zig	8509	pub		parseProgramStatements
src/parser.zig	8520	priv		parseBlockContentsAfterOpen
src/parser.zig	8549	pub		parseBlock
src/parser.zig	8565	priv		parseFunctionBodyBlock
src/parser.zig	8575	pub		parseDirectives
src/parser.zig	8616	priv		stringLiteralStatementHasDirectiveTerminator
src/parser.zig	8649	priv		lineTerminatorContinuesStringLiteralExpression
src/parser.zig	8669	priv		startsKeywordAt
src/parser.zig	8676	priv		isAsciiIdentifierContinue
src/parser.zig	8680	priv		emitStringLiteralValue
src/parser.zig	8703	priv		parseEnumDeclaration
src/parser.zig	8819	priv		parseNamespaceDeclaration
src/parser.zig	8824	priv		parseNamespaceDeclarationWithIdent
src/parser.zig	8914	priv		parseNamespaceStatement
src/parser.zig	8929	pub		parseStatementOrDecl
src/parser.zig	8956	priv		parseStatementOrDeclSlow
src/parser.zig	9028	priv		parseBlockStatement
src/parser.zig	9032	priv		parseStringStatement
src/parser.zig	9047	priv		parseEnumStatement
src/parser.zig	9054	priv		parseReturnStatement
src/parser.zig	9074	priv		parseThrowStatement
src/parser.zig	9091	priv		parseVariableStatement
src/parser.zig	9110	priv		parseFunctionDeclarationStatement
src/parser.zig	9124	priv		parseClassDeclarationStatement
src/parser.zig	9132	priv		parseIdentifierStatement
src/parser.zig	9171	priv		parseAwaitStatement
src/parser.zig	9192	priv		parseImportStatement
src/parser.zig	9215	priv		parseExportStatement
src/parser.zig	9222	priv		parseIfStatement
src/parser.zig	9279	priv	noinline	parseDoOrWhileStatement
src/parser.zig	9327	priv	inline	parseWhileStatement
src/parser.zig	9331	priv		parseWithStatement
src/parser.zig	9335	priv	inline	parseDoStatement
src/parser.zig	9339	priv		parseForStatement
src/parser.zig	9524	priv		parseBreakOrContinueStatement
src/parser.zig	9554	priv		parseSwitchStatement
src/parser.zig	9750	priv		parseTryStatement
src/parser.zig	9896	priv		parseDebuggerStatement
src/parser.zig	9901	priv		parseEmptyStatement
src/parser.zig	9906	priv		parseExpressionStatement
src/parser.zig	9930	priv		parseUsingDeclaration
src/parser.zig	9978	priv		canParseModuleDeclarationHere
src/parser.zig	9991	priv		canTreatLetAsExpressionStatement
src/parser.zig	10030	priv		parseLetKeywordExpressionStatement
src/parser.zig	10057	priv		pushReturnFinallyFrame
src/parser.zig	10075	priv		popReturnFinallyFrame
src/parser.zig	10080	priv		enterReturnFinallyFunctionBoundary
src/parser.zig	10090	priv		leaveReturnFinallyFunctionBoundary
src/parser.zig	10097	priv		controlTargetCrossesFinallyFrame
src/parser.zig	10115	priv		parseSharedFinallyBlock
src/parser.zig	10167	priv		emitReturnValue
src/parser.zig	10206	priv		restoreSourceLoc
src/parser.zig	10224	priv		reattributeReturnTailCallSource
src/parser.zig	10272	priv		emitParsedReturn
src/parser.zig	10291	priv		emitFunctionReturn
src/parser.zig	10330	priv		resolveFinallyControlTarget
src/parser.zig	10380	priv		controlBlockMatchesTarget
src/parser.zig	10393	priv		emitResolvedControlJump
src/parser.zig	10417	priv		emitCrossedControlBlockCleanup
src/parser.zig	10432	priv		emitControlBlocksUntil
src/parser.zig	10468	priv		emitControlThroughFinally
src/parser.zig	10522	priv		needVarReference
src/parser.zig	10533	priv		parseVar
src/parser.zig	10701	priv		parseWith
src/parser.zig	10730	priv		declareForInOfVarBinding
src/parser.zig	10742	priv		parseForInOf
src/parser.zig	11080	priv		parseFunctionDecl
src/parser.zig	11151	priv		parseFunctionExpr
src/parser.zig	11213	priv		parseAnonymousDefaultFunctionDecl
src/parser.zig	11247	priv		appendOwnedParserAtom
src/parser.zig	11252	priv		deinitOwnedParserAtoms
src/parser.zig	11262	priv		deinit
src/parser.zig	11290	priv		parseFunctionParameters
src/parser.zig	11519	priv		parseFunctionParamsAndBody
src/parser.zig	12143	priv		parseArrowFunction
src/parser.zig	12564	priv		depth
src/parser.zig	12571	priv		defaultName
src/parser.zig	12581	priv		deinit
src/parser.zig	12598	priv		scanPatternTopology
src/parser.zig	12622	priv		tokenStartsNestedPattern
src/parser.zig	12634	priv		checkPatternParameterDuplicate
src/parser.zig	12643	priv		definePatternBindingAtom
src/parser.zig	12691	priv		parsePatternBindingTarget
src/parser.zig	12702	priv		parsePatternTarget
src/parser.zig	12712	priv		shorthandPatternTarget
src/parser.zig	12731	priv		shorthandPatternCanUseGetField2
src/parser.zig	12738	priv		emitDirectPatternPut
src/parser.zig	12750	priv		putPatternTarget
src/parser.zig	12757	priv		parsePatternDefault
src/parser.zig	12773	priv		rotateNamedSourcePastTarget
src/parser.zig	12783	priv		rotateComputedSourcePastTarget
src/parser.zig	12796	priv		addNamedObjectRestExclusion
src/parser.zig	12803	priv		addComputedObjectRestExclusion
src/parser.zig	12811	priv		objectRestCopyMask
src/parser.zig	12820	priv		emitArrayPatternRest
src/parser.zig	12838	priv		pushPatternIteratorBlock
src/parser.zig	12854	priv		popPatternIteratorBlock
src/parser.zig	12862	priv		emitStackTopCatchMarkerDropsToDepth
src/parser.zig	12875	priv		emitBlockEnvReturnCleanupUntil
src/parser.zig	12943	priv		parseArrayPatternBody
src/parser.zig	13008	priv		parseObjectPatternBody
src/parser.zig	13121	priv		parseDestructuringElement
src/parser.zig	13171	priv		appendArrowParamBindingName
src/parser.zig	13199	priv		takeParserSnapshot
src/parser.zig	13227	priv		restoreParserLexerSnapshot
src/parser.zig	13256	priv		takeLexerCursorSnapshot
src/parser.zig	13268	priv		restoreLexerCursorSnapshot
src/parser.zig	13291	priv		scanBalancedAfterOpening
src/parser.zig	13384	priv		scanBalancedToken
src/parser.zig	13433	priv		enterParameterExpressionScope
src/parser.zig	13446	priv		appendParameterExpressionBinding
src/parser.zig	13450	priv		initializeParameterScopeBinding
src/parser.zig	13455	priv		parseParameterDestructuring
src/parser.zig	13488	priv		leaveParameterExpressionScope
src/parser.zig	13520	priv		scanParameterList
src/parser.zig	13525	priv		ensureDestructuringArgSlot
src/parser.zig	13543	priv		findCurrentScopeVar
src/parser.zig	13553	priv		appendAnonymousTempLocal
src/parser.zig	13564	priv		parseNamedBindingDefaultInitializer
src/parser.zig	13569	priv		trailingClassNamePatch
src/parser.zig	13606	priv		setObjectName
src/parser.zig	13647	priv		setObjectNameComputed
src/parser.zig	13675	priv		emitAnonymousDefaultName
src/parser.zig	13683	priv		parseClassHeritage
src/parser.zig	13699	priv		parseClassElement
src/parser.zig	13968	priv		classAccessorKind
src/parser.zig	13984	priv		registerClassPrivateElement
src/parser.zig	14002	priv		addPrivateClassBinding
src/parser.zig	14009	priv		addPrivateClassFieldBinding
src/parser.zig	14017	priv		preparePrivateAccessorBinding
src/parser.zig	14029	priv		privateSetterAtom
src/parser.zig	14039	priv		markPrivateBrandNeeded
src/parser.zig	14060	priv		isForbiddenPublicFieldName
src/parser.zig	14066	priv		classNameAtomOwned
src/parser.zig	14079	priv		escapedIdentifierIsReservedClassName
src/parser.zig	14112	priv		enterFieldInitFunction
src/parser.zig	14140	priv		leaveFieldInitFunction
src/parser.zig	14154	priv		enterStaticBlockFunction
src/parser.zig	14169	priv		leaveStaticBlockFunction
src/parser.zig	14187	priv	noinline	emitFieldInitializer
src/parser.zig	14237	priv	inline	emitStaticFieldInitializer
src/parser.zig	14247	priv		emitPublicFieldNoInitializer
src/parser.zig	14255	priv	inline	emitInstanceFieldInitializer
src/parser.zig	14264	priv		ensureClassFieldsInitFunction
src/parser.zig	14271	priv		ensureClassStaticInitFunction
src/parser.zig	14278	priv		createClassFieldsInitFunction
src/parser.zig	14325	priv		finishClassFieldsInitFunction
src/parser.zig	14330	priv		finishClassStaticInitFunction
src/parser.zig	14335	priv		finishClassInitFunction
src/parser.zig	14354	priv		registerClassPrivateBoundName
src/parser.zig	14361	priv		classPrivateNameIsBound
src/parser.zig	14368	priv		classPrivateElementsConflict
src/parser.zig	14379	priv		privateNameAtom
src/parser.zig	14387	priv		privateNameDeclarationAtom
src/parser.zig	14395	priv		findClassPrivateBoundName
src/parser.zig	14405	priv		privateAtomMatchesName
src/parser.zig	14415	priv		newClassPrivateAtom
src/parser.zig	14427	priv		classComputedFieldTempAtom
src/parser.zig	14434	priv		parseClassElementFunction
src/parser.zig	14473	priv		parseClassComputedName
src/parser.zig	14482	priv		emitStaticClassComputedElement
src/parser.zig	14517	priv	inline	emitInstanceComputedPublicFieldInitializer
src/parser.zig	14521	priv		emitInstanceClassComputedElement
src/parser.zig	14544	priv		emitClassComputedMethod
src/parser.zig	14563	priv		emitClassStaticBlock
src/parser.zig	14589	priv		parseClassBodyAfterOpen
src/parser.zig	14601	priv		collectClassPrivateBoundNames
src/parser.zig	14660	priv		emitClassLocalInitFromClassStack
src/parser.zig	14669	priv		emitClassFieldsInitValue
src/parser.zig	14686	priv		emitClassFieldsInitLocalInitFromClassStack
src/parser.zig	14693	priv		emitClassStaticInitCall
src/parser.zig	14716	priv		emitClassPrivateBrands
src/parser.zig	14736	priv		emitClassDefineOperands
src/parser.zig	14746	priv		parseClass
src/parser.zig	15030	priv		appendClassFieldInitCallToFunctionDef
src/parser.zig	15086	priv		appendDefaultClassConstructor
src/parser.zig	15184	priv		parseImport
src/parser.zig	15300	priv		validateModuleImportBindingName
src/parser.zig	15306	priv		moduleHasExportName
src/parser.zig	15319	priv		addModuleExportName
src/parser.zig	15325	pub		validateModuleLocalExports
src/parser.zig	15332	priv		addModuleImportAttribute
src/parser.zig	15341	priv		addModuleImportBinding
src/parser.zig	15372	priv		ensureModuleDefaultExportBinding
src/parser.zig	15379	priv		addModuleIndirectExport
src/parser.zig	15391	priv		addModuleStarExport
src/parser.zig	15398	priv		addModuleRequestFromCurrentString
src/parser.zig	15404	priv		moduleStringAtom
src/parser.zig	15409	priv		isModuleNameToken
src/parser.zig	15416	priv		moduleImportNameAtomOwned
src/parser.zig	15424	priv		isWellFormedModuleString
src/parser.zig	15441	priv		freeModuleImportSpecs
src/parser.zig	15446	priv		freeModuleExportSpecs
src/parser.zig	15453	priv		parseExport
src/parser.zig	15653	priv		exportDefaultFunctionNameOwned
src/parser.zig	15679	priv		hasExportDefaultClassName
src/parser.zig	15692	priv		parseFromClause
src/parser.zig	15715	priv		parseWithClause
src/parser.zig	15747	priv		ensureParameterArgumentsLocals
src/parser.zig	15798	pub		deinit
src/parser.zig	15820	pub		deinit
src/parser.zig	15832	pub		functionBytecode
src/parser.zig	15846	pub		takeFunctionBytecodeValue
src/parser.zig	15855	pub		byteCode
src/parser.zig	15860	pub		constants
src/parser.zig	15865	pub		closureVars
src/parser.zig	15870	pub		varDefs
src/parser.zig	15875	pub		openVarRefCount
src/parser.zig	15880	pub		filenameAtom
src/parser.zig	15885	pub		scriptOrModuleAtom
src/parser.zig	15890	pub		entryContract
src/parser.zig	15900	pub		isStrict
src/parser.zig	15905	pub		isGlobalVar
src/parser.zig	15915	pub		isDirectOrIndirectEval
src/parser.zig	15920	pub		isModule
src/parser.zig	15924	pub		moduleArtifact
src/parser.zig	15931	pub		moduleRecord
src/parser.zig	15939	pub		takeModuleArtifact
src/parser.zig	15948	pub		hasFeature
src/parser.zig	15981	priv		isPrivateEvalClosureKind
src/parser.zig	15993	priv		isPrivateSetterCompanion
src/parser.zig	15999	priv		restoreDirectEvalPrivateBoundNames
src/parser.zig	16032	priv		elapsedNanosSince
src/parser.zig	16037	priv		initCompileCarrier
src/parser.zig	16059	pub		compile
src/parser.zig	16180	priv		compileQjsProgram
src/parser.zig	16336	priv		setPendingSyntaxError
src/parser.zig	16352	priv		isInternalCompilerError
src/parser.zig	16374	priv		setInternalCompilerError
src/parser.zig	16396	priv		setFallbackSyntaxError
src/parser.zig	16434	priv		nextFallbackSyntaxTokenInto
src/parser.zig	16447	priv		fallbackSlashStartsRegexp
src/platform_clock.zig	3	priv		io
src/platform_clock.zig	10	pub		monotonicNanos
src/platform_clock.zig	18	pub		elapsedNanosSince
src/platform_clock.zig	24	pub		realtimeMicros
src/root.zig	33	pub		activateOpcodeProfile
src/root.zig	47	pub		undefinedValue
src/root.zig	51	pub		nullValue
src/root.zig	55	pub		boolean
src/root.zig	59	pub		int32
src/root.zig	63	pub		float64
src/root.zig	67	pub		numberFromU64
src/root.zig	74	pub		numberFromI64
src/root.zig	84	pub		bigIntFromI64
src/root.zig	91	pub		bigIntFromU64
src/root.zig	95	pub		createString
src/root.zig	99	pub		appendRawString
src/root.zig	103	pub		appendString
src/root.zig	107	pub		toOwnedString
src/root.zig	118	pub		toIntegerOrInfinity
src/root.zig	122	pub		isTruthy
src/root.zig	135	pub		defineScriptArgs
src/root.zig	139	pub		defineArgvGlobals
src/root.zig	146	pub		evalGlobalScriptSource
src/root.zig	156	pub		evalGlobalScriptValue
src/root.zig	169	priv		evalGlobalScriptSourceCore
src/root.zig	186	priv		fromCore
src/root.zig	190	priv		toCore
src/root.zig	194	priv		optionalToCore
src/root.zig	198	priv		coreFromValue
src/root.zig	205	pub		toValue
src/root.zig	209	pub		arrayLength
src/root.zig	213	pub		promiseResult
src/root.zig	217	pub		promiseIsRejected
src/root.zig	227	pub		forEachOwnDataProperty
src/root.zig	256	pub		isTypedArrayObject
src/root.zig	260	pub		typedArrayByteLength
src/root.zig	264	pub		ownedBytesFromObject
src/root.zig	269	pub		createUint8ArrayFromBytes
src/root.zig	274	pub		createUint8ArrayFromOwnedBytes
src/root.zig	291	priv		bufferViewError
src/root.zig	319	pub		slice
src/root.zig	325	pub		sliceMut
src/root.zig	332	pub		isMutable
src/root.zig	337	pub		isShared
src/root.zig	358	pub		slice
src/root.zig	363	pub		isShared
src/root.zig	381	pub		release
src/root.zig	391	priv		borrowKind
src/root.zig	403	priv		backingBufferCore
src/root.zig	417	pub		borrowBytes
src/root.zig	442	pub		borrowBytesReadonly
src/root.zig	458	pub		pinForBorrow
src/root.zig	481	pub		backingArrayBufferValue
src/root.zig	492	pub		detachBackingBuffer
src/root.zig	506	pub		checkStillValid
src/root.zig	511	pub		createPlain
src/root.zig	515	pub		createError
src/root.zig	519	pub		createArray
src/root.zig	523	pub		createArrayValue
src/root.zig	527	pub		createArrayBuffer
src/root.zig	531	pub		fromValue
src/root.zig	535	pub		isCallableValue
src/root.zig	545	pub		isPromiseObject
src/root.zig	549	pub		isPromiseValue
src/root.zig	561	pub		isArray
src/root.zig	565	pub		isArrayBufferObject
src/root.zig	569	pub		isTypedArrayObject
src/root.zig	573	pub		typedArrayByteLength
src/root.zig	577	pub		arrayBufferConstructLength
src/root.zig	581	pub		typedArrayConstructFullBufferOwned
src/root.zig	592	priv		atomFromUInt32
src/root.zig	596	pub		getProperty
src/root.zig	601	pub		getOwnIndexPropertyValue
src/root.zig	609	pub		defineValueProperty
src/root.zig	614	pub		defineHiddenValueProperty
src/root.zig	619	pub		defineAccessorProperty
src/root.zig	630	pub		defineStringProperty
src/root.zig	635	pub		defineHiddenStringProperty
src/root.zig	640	pub		defineIntProperty
src/root.zig	644	pub		defineHiddenIntProperty
src/root.zig	648	pub		defineStringArrayGlobal
src/root.zig	668	priv		cachedArrayPrototype
src/root.zig	673	priv		defineEmptyArrayGlobal
src/root.zig	681	pub		constructorPrototypeObject
src/root.zig	690	priv		constructorPrototypeObjectByAtom
src/root.zig	697	pub		appendArrayValue
src/root.zig	1007	pub		globalObject
src/root.zig	1011	pub		callFunction
src/root.zig	1033	pub		evalFileGraphWithHost
src/root.zig	1054	pub		drain
src/root.zig	1076	priv		hasPending
src/root.zig	1089	priv		append
src/root.zig	1129	priv		fail
src/root.zig	1133	priv		succeed
src/root.zig	1163	priv		run
src/runtime/event_loop.zig	50	pub		hasPendingError
src/runtime/event_loop.zig	69	pub	inline	init
src/runtime/event_loop.zig	73	pub	inline	initCore
src/runtime/event_loop.zig	81	pub		install
src/runtime/event_loop.zig	89	pub		deinit
src/runtime/event_loop.zig	117	pub		runUntilIdle
src/runtime/event_loop.zig	125	pub		result
src/runtime/event_loop.zig	132	pub		setExitCode
src/runtime/event_loop.zig	136	pub		exitCode
src/runtime/event_loop.zig	140	priv		traceRoots
src/runtime/event_loop.zig	152	priv		takeNextTimerId
src/runtime/event_loop.zig	159	priv		ensureTimerCapacity
src/runtime/event_loop.zig	176	pub		enqueueTimer
src/runtime/event_loop.zig	184	priv		clearTimer
src/runtime/event_loop.zig	194	priv		removeTimerAt
src/runtime/event_loop.zig	209	priv		runNextTimer
src/runtime/event_loop.zig	264	priv		timerExists
src/runtime/event_loop.zig	271	priv		ensureRwHandlerCapacity
src/runtime/event_loop.zig	288	priv		setRwHandler
src/runtime/event_loop.zig	304	priv		clearRwHandler
src/runtime/event_loop.zig	316	priv		removeRwHandlerAt
src/runtime/event_loop.zig	331	priv		runNextRwHandler
src/runtime/event_loop.zig	341	priv		runNextRwHandlerWindows
src/runtime/event_loop.zig	376	priv		runNextRwHandlerPosix
src/runtime/event_loop.zig	437	priv		ensureSignalHandlerCapacity
src/runtime/event_loop.zig	454	priv		setSignalHandler
src/runtime/event_loop.zig	469	priv		clearSignalHandler
src/runtime/event_loop.zig	482	priv		removeSignalHandlerAt
src/runtime/event_loop.zig	497	priv		runNextSignalHandler
src/runtime/event_loop.zig	512	pub		runUntilIdle
src/runtime/event_loop.zig	526	priv		init
src/runtime/event_loop.zig	536	priv		traceRoots
src/runtime/event_loop.zig	546	priv		setCallback
src/runtime/event_loop.zig	551	priv		clearCallback
src/runtime/event_loop.zig	556	priv		traceRoots
src/runtime/event_loop.zig	566	priv		init
src/runtime/event_loop.zig	573	priv		setCallback
src/runtime/event_loop.zig	577	priv		traceRoots
src/runtime/event_loop.zig	598	priv		fromOpaque
src/runtime/event_loop.zig	602	priv		traceRoots
src/runtime/event_loop.zig	606	priv		setExitCode
src/runtime/event_loop.zig	610	priv		exitCode
src/runtime/event_loop.zig	614	priv		nextTimerId
src/runtime/event_loop.zig	618	priv		enqueueTimer
src/runtime/event_loop.zig	624	priv		clearTimer
src/runtime/event_loop.zig	630	priv		runNextTimer
src/runtime/event_loop.zig	636	priv		setRwHandler
src/runtime/event_loop.zig	642	priv		clearRwHandler
src/runtime/event_loop.zig	648	priv		runNextRwHandler
src/runtime/event_loop.zig	654	priv		setSignalHandler
src/runtime/event_loop.zig	660	priv		clearSignalHandler
src/runtime/event_loop.zig	666	priv		runNextSignalHandler
src/runtime/event_loop.zig	674	priv		osSignalHandler
src/runtime/event_loop.zig	679	priv		nowMs
src/runtime/event_loop.zig	684	priv		hostTimerIo
src/runtime/event_loop.zig	899	priv		visitValue
src/runtime/event_loop.zig	906	priv		visitObject
src/runtime/root.zig	15	pub		cleanupAtomicsWaitersForContext
src/runtime/root.zig	19	pub		wakeAtomicsWaitersForRuntimes
src/runtime/root.zig	43	priv		runtimeListContains
src/runtime/root.zig	50	pub		detachArrayBuffer
src/runtime/root.zig	54	pub		evalFileModuleGraphWithOutput
src/runtime/root.zig	66	pub		resolveModuleSpecifier
src/simple_token.zig	30	pub	inline	next
src/simple_token.zig	145	pub		balancedAfterOpen
src/simple_token.zig	303	pub		parenArrowAfterOpen
src/simple_token.zig	308	priv		scanFollowing
src/simple_token.zig	404	priv	noinline	identifierRegexpContext
src/simple_token.zig	482	priv		skipRegexp
src/simple_token.zig	517	priv		skipNumberLike
src/simple_token.zig	537	priv	inline	matches
src/simple_token.zig	541	priv		isAsciiDigit
src/simple_token.zig	545	priv		isPunctuatorContinuation
src/simple_token.zig	552	priv		skipQuoted
src/simple_token.zig	579	priv		skipLineComment
src/simple_token.zig	598	priv		skipBlockComment
src/simple_token.zig	609	priv		startsWithAt
src/simple_token.zig	613	priv		identifierOrKeyword
src/simple_token.zig	646	priv		decodeAt
src/simple_token.zig	653	priv		finish
src/tests/abi_layout.zig	22	priv		expectNoImplicitPadding
src/tests/abi_layout.zig	31	priv		expectGolden
src/tests/abi_layout.zig	40	priv		expectSameLayoutAsC
src/tests/builtins.zig	1351	priv		escapedEvalImportResolve
src/tests/builtins.zig	1374	priv		escapedEvalImportLoad
src/tests/builtins.zig	5029	priv		symmetricDifferenceMutatingKeysHost
src/tests/builtins.zig	5056	priv		symmetricDifferenceMutatingKeysImpl
src/tests/builtins.zig	6394	priv		fillOwnPropertyStorageForFailure
src/tests/bytecode.zig	254	priv		attachV2Builder
src/tests/bytecode.zig	271	priv		emitTestBody
src/tests/bytecode.zig	349	priv		createTestFunctionBytecode
src/tests/bytecode.zig	995	priv		finalizeMutableWithTestRealm
src/tests/bytecode.zig	2841	priv		populateFunctionDefForFinalizeFailure
src/tests/bytecode.zig	2871	priv		runFunctionBytecodeFinalizeOomLifecycle
src/tests/core.zig	15	priv		trigger
src/tests/core.zig	155	priv		resolve
src/tests/core.zig	184	priv		publishFreshModule
src/tests/core.zig	194	priv		publishEmptyModule
src/tests/core.zig	283	priv		get
src/tests/core.zig	855	priv		visitValue
src/tests/core.zig	860	priv		visitObject
src/tests/core.zig	1228	priv		run
src/tests/core.zig	1318	priv		run
src/tests/core.zig	1394	priv		run
src/tests/core.zig	1551	priv		liveRealmCount
src/tests/core.zig	1757	priv		testBacktraceLocationResolver
src/tests/core.zig	1763	priv		appendFinalizationRegistryCell
src/tests/core.zig	1773	priv		borrowedHolderInitialAllocationBytes
src/tests/core.zig	2490	priv		trigger
src/tests/core.zig	2498	priv		tailBufferText
src/tests/core.zig	2904	priv		countFinalizer
src/tests/core.zig	2908	priv		countNativeCleanup
src/tests/core.zig	2913	priv		dummyExternalHostCall
src/tests/core.zig	2917	priv		countPayloadFinalizer
src/tests/core.zig	2922	priv		countPayloadMark
src/tests/core.zig	2932	priv		countVisitedValue
src/tests/core.zig	2950	priv		trigger
src/tests/core.zig	2966	priv		trigger
src/tests/core.zig	2978	priv		accountedPlainObjectBytes
src/tests/core.zig	2986	priv		emptyRootShapeAllocationBytes
src/tests/core.zig	3001	priv		trigger
src/tests/core.zig	3035	priv		reset
src/tests/core.zig	3050	priv		finalize
src/tests/core.zig	3082	priv		reset
src/tests/core.zig	3093	priv		finalize
src/tests/core.zig	3112	priv		reset
src/tests/core.zig	3118	priv		finalize
src/tests/core.zig	3132	priv		registerStandaloneInlineObjectTestClass
src/tests/core.zig	3152	priv		expectPublishedStandaloneInlineObject
src/tests/core.zig	3185	priv		countYoungHeader
src/tests/core.zig	3208	priv		reset
src/tests/core.zig	3217	priv		finalize
src/tests/core.zig	3246	priv		reset
src/tests/core.zig	3255	priv		finalize
src/tests/core.zig	3272	priv		createExternalObjectLifecycleProbe
src/tests/core.zig	3284	priv		finalizeTestExternalPayload
src/tests/core.zig	3293	priv		finalizeTestExternalObjectPayload
src/tests/core.zig	3302	priv		reentrantCollectionClearFinalizer
src/tests/core.zig	3312	priv		reentrantArrayDeleteFinalizer
src/tests/core.zig	3322	priv		reentrantPropertyDeleteFinalizer
src/tests/core.zig	3332	priv		reentrantRegExpLastIndexFinalizer
src/tests/core.zig	3342	priv		reentrantMappedArgumentsFinalizer
src/tests/core.zig	3356	priv		reentrantCachedIteratorNextFinalizer
src/tests/core.zig	3366	priv		reentrantExceptionSlotFinalizer
src/tests/core.zig	3376	priv		reentrantArrayIteratorFinalizer
src/tests/core.zig	3386	priv		markTestExternalPayload
src/tests/core.zig	3398	priv		markTestExternalObjectPayload
src/tests/core.zig	3774	priv		registryResolveOne
src/tests/core.zig	3777	priv		visit
src/tests/core.zig	3844	priv		visit
src/tests/core.zig	5041	priv		run
src/tests/core.zig	5051	priv		visitValue
src/tests/core.zig	5058	priv		visitObject
src/tests/core.zig	5093	priv		visitValue
src/tests/core.zig	5100	priv		visitObject
src/tests/core.zig	5136	priv		visitValue
src/tests/core.zig	5143	priv		visitObject
src/tests/core.zig	6463	priv		trigger
src/tests/core.zig	7467	pub		visitValue
src/tests/core.zig	7480	pub		visitObject
src/tests/core.zig	7941	priv		storeYoungChild
src/tests/core.zig	8350	priv		visitArena
src/tests/core.zig	8354	priv		visitBlock
src/tests/core.zig	8487	pub		visitValue
src/tests/core.zig	8519	pub		visitValue
src/tests/core.zig	8557	pub		visitValue
src/tests/core.zig	8585	priv		createDeepOwnedPropertyChain
src/tests/core.zig	8657	priv		externalPropertyStorageBytes
src/tests/core.zig	8664	priv		expectNoLiveGc
src/tests/core.zig	8669	priv		expectCycleReclaimedIncludingShapes
src/tests/core.zig	8679	priv		expectAllLiveGcReclaimed
src/tests/core.zig	8687	priv		dropGcPtr
src/tests/core.zig	8691	priv		expectClosedPropertyCycleReclaimed
src/tests/core.zig	8740	priv		recordHeader
src/tests/core.zig	8747	pub		visitValue
src/tests/core.zig	8751	pub		visitObject
src/tests/core.zig	8758	pub		visitShape
src/tests/core.zig	8762	pub		visitRealm
src/tests/core.zig	8766	pub		visitModule
src/tests/core.zig	8770	pub		storageCell
src/tests/core.zig	8774	pub		visitWeakCollectionEntry
src/tests/core.zig	8776	pub		visitFinalizationCell
src/tests/core.zig	8781	priv		collect
src/tests/core.zig	8832	priv		expectContains
src/tests/core.zig	9443	priv		shade
src/tests/core.zig	9473	priv		visit
src/tests/core.zig	10404	priv		weakPersistentCounterCallback
src/tests/core.zig	11427	priv		trigger
src/tests/core.zig	13514	priv		interruptOnce
src/tests/core.zig	13771	priv		exoticGet
src/tests/core.zig	13775	priv		exoticDefine
src/tests/core.zig	13780	priv		exoticDelete
src/tests/core.zig	13785	priv		exoticOwnKeys
src/tests/core.zig	13946	priv		alloc
src/tests/core.zig	13952	priv		resize
src/tests/core.zig	13956	priv		remap
src/tests/core.zig	13960	priv		free
src/tests/core.zig	13964	priv		allocator
src/tests/core.zig	13973	priv		referenceMul
src/tests/core.zig	14032	priv		lockstepLimb
src/tests/core.zig	14118	priv		expectLockstepMul
src/tests/core.zig	14166	priv		makeLockstepOperand
src/tests/core.zig	14463	priv		allocator
src/tests/core.zig	14472	priv		alloc
src/tests/core.zig	14492	priv		resize
src/tests/core.zig	14498	priv		remap
src/tests/core.zig	14509	priv		free
src/tests/core.zig	14516	priv		expectDivisionUnderInjection
src/tests/core.zig	14623	priv		expectDivisionIdentity
src/tests/core.zig	14860	priv		check
src/tests/core.zig	15888	priv		countExtentStringHeaders
src/tests/core.zig	15938	priv		visit
src/tests/core.zig	15989	priv		visit
src/tests/core.zig	16150	priv		atomMarkEpochForTest
src/tests/core.zig	17410	priv		driveOneIncrementalMajorForCensusTest
src/tests/core.zig	17913	priv		s3AtomEntry
src/tests/core.zig	17917	priv		s3MarkEpoch
src/tests/core.zig	17921	priv		s3RunMajor
src/tests/core.zig	18082	priv		s3OccupiedEntryCount
src/tests/core.zig	18405	priv		defineS4bNamedProperties
src/tests/core.zig	18420	priv		expectS4bNamedProperties
src/tests/core.zig	18432	priv		fillS4bDenseArray
src/tests/core.zig	18479	priv		installMintedStringBufferBody
src/tests/core.zig	18722	priv		registerS4cPayloadClass
src/tests/core.zig	19228	priv		lessThan
src/tests/core.zig	19237	priv		expectAuditPrintMatchesFmt
src/tests/embedding_examples.zig	8	priv		call
src/tests/embedding_examples.zig	17	priv		deinit
src/tests/embedding_examples.zig	27	priv		stop
src/tests/embedding_examples.zig	35	priv		testFixturePath
src/tests/embedding_examples.zig	122	priv		add
src/tests/embedding_examples.zig	126	priv		half
src/tests/embedding_examples.zig	135	priv		tick
src/tests/embedding_examples.zig	186	priv		call
src/tests/embedding_examples.zig	197	priv		finalize
src/tests/embedding_examples.zig	212	priv		call
src/tests/embedding_examples.zig	518	priv		read
src/tests/embedding_examples.zig	600	priv		liveRealmCount
src/tests/embedding_examples.zig	607	priv		stealArrayPrototype
src/tests/embedding_examples.zig	700	priv		create
src/tests/embedding_examples.zig	710	priv		destroy
src/tests/embedding_examples.zig	715	priv		step
src/tests/embedding_examples.zig	720	priv		query
src/tests/embedding_examples.zig	726	priv		time
src/tests/embedding_examples.zig	730	priv		getGravity
src/tests/embedding_examples.zig	734	priv		setGravity
src/tests/embedding_examples.zig	738	priv		label
src/tests/embedding_examples.zig	755	priv		evalBool
src/tests/embedding_examples.zig	878	priv		NamespaceType
src/tests/embedding_examples.zig	885	priv		expectPublicDeclSnapshot
src/tests/engine_production.zig	9	priv		stop
src/tests/engine_production.zig	19	priv		call
src/tests/engine_production.zig	27	priv		call
src/tests/engine_production.zig	32	priv		finalize
src/tests/engine_production.zig	42	priv		deinit
src/tests/engine_production.zig	1001	priv		trigger
src/tests/exec.zig	230	priv		run
src/tests/exec.zig	241	priv		call
src/tests/exec.zig	261	priv		call
src/tests/exec.zig	267	priv		call
src/tests/exec.zig	279	priv		call
src/tests/exec.zig	290	priv		call
src/tests/exec.zig	314	priv		invoke
src/tests/exec.zig	333	priv		cleanupObserved
src/tests/exec.zig	3241	priv		crossRealmNativeProbe
src/tests/exec.zig	3256	priv		localIndexNamed
src/tests/exec.zig	3264	priv		derivedThisLocalIndex
src/tests/exec.zig	3271	priv		globalFunctionBytecode
src/tests/exec.zig	3280	priv		fixtureFlagsFromFunction
src/tests/exec.zig	3297	priv		createOversizedLeafFixture
src/tests/exec.zig	3310	priv		finalOpcodeCount
src/tests/exec.zig	3328	priv		finalSetVarRefStats
src/tests/exec.zig	3350	priv		hasTailEvalReturn
src/tests/exec.zig	3368	priv		expectSingleDerivedThisClosureCapture
src/tests/exec.zig	6050	priv		trace
src/tests/exec.zig	6055	priv		provider
src/tests/exec.zig	10250	priv		expectEvalCycleReclaimed
src/tests/exec.zig	11739	priv		run
src/tests/exec.zig	11791	priv		run
src/tests/exec.zig	11837	priv		load
src/tests/exec.zig	18106	priv		run
src/tests/exec.zig	18206	priv		run
src/tests/exec.zig	19672	priv		retainedModuleExportCell
src/tests/exec.zig	19908	priv		get
src/tests/exec.zig	20013	priv		allocator
src/tests/exec.zig	20020	priv		arm
src/tests/exec.zig	20025	priv		disarm
src/tests/exec.zig	20029	priv		alloc
src/tests/exec.zig	20038	priv		resize
src/tests/exec.zig	20043	priv		remap
src/tests/exec.zig	20048	priv		free
src/tests/exec.zig	20254	priv		findBySpecifierOrPath
src/tests/exec.zig	20261	priv		findByPath
src/tests/exec.zig	20269	priv		expectRejectedPromiseNamedError
src/tests/exec.zig	20288	priv		hostHooks
src/tests/exec.zig	20296	priv		resolveFixtureModule
src/tests/exec.zig	20313	priv		loadFixtureModule
src/tests/exec.zig	20372	priv		trigger
src/tests/exec.zig	20392	priv		reflectTestSetArrayIndex
src/tests/exec.zig	21977	priv		call
src/tests/exec.zig	21989	priv		visitValue
src/tests/exec.zig	21998	priv		visitObject
src/tests/exec.zig	22040	priv		assertLiveWindowsVisited
src/tests/exec.zig	22062	priv		expectFrameVisited
src/tests/exec.zig	22096	priv		expectValueVisitedSlice
src/tests/exec.zig	22100	priv		expectValueVisited
src/tests/exec.zig	22331	priv		trigger
src/tests/exec.zig	22475	priv		trigger
src/tests/exec.zig	22539	priv		trigger
src/tests/exec.zig	22558	priv		runUnderPublishProbe
src/tests/exec.zig	22944	priv		call
src/tests/exec.zig	23013	priv		call
src/tests/exec.zig	23190	priv		call
src/tests/exec.zig	23240	priv		call
src/tests/exec.zig	23247	priv		tail
src/tests/exec.zig	23346	priv		call
src/tests/gc_stress.zig	13	priv		dropGcPtr
src/tests/gc_stress.zig	17	priv		bindObjectRoots
src/tests/helpers.zig	23	pub		evalTypeScriptChecked
src/tests/helpers.zig	31	pub		registerStandardGlobalsBare
src/tests/helpers.zig	35	pub		installHostGlobalsBare
src/tests/helpers.zig	41	pub		makeFunction
src/tests/helpers.zig	49	pub		makeUncheckedFunction
src/tests/helpers.zig	57	pub		setCodeAndStackSize
src/tests/helpers.zig	62	pub		runFunction
src/tests/helpers.zig	69	pub		runMutableVm
src/tests/helpers.zig	93	pub		reclaimNow
src/tests/helpers.zig	97	pub		objectFromValue
src/tests/helpers.zig	101	pub		expectActiveSetStrings
src/tests/helpers.zig	112	pub		expectStringValueBytes
src/tests/helpers.zig	126	pub		expectPrints
src/tests/helpers.zig	140	pub		countJob
src/tests/helpers.zig	145	pub		countJobArgs
src/tests/helpers.zig	211	pub		deinit
src/tests/helpers.zig	215	pub		getMessage
src/tests/helpers.zig	246	priv		getPropertyString
src/tests/helpers.zig	273	pub		init
src/tests/helpers.zig	277	pub		initWithOptions
src/tests/helpers.zig	301	pub		deinit
src/tests/helpers.zig	313	pub		eval
src/tests/helpers.zig	317	pub		evalModule
src/tests/helpers.zig	321	pub		evalMode
src/tests/helpers.zig	325	pub		ensureTest262GlobalsInstalled
src/tests/helpers.zig	334	pub		evalWithOptions
src/tests/helpers.zig	352	pub		createPersistentValue
src/tests/helpers.zig	356	pub		evalWithOutput
src/tests/helpers.zig	360	pub		evalFileWithOutputMode
src/tests/helpers.zig	364	pub		evalFileWithOutputModeStrict
src/tests/helpers.zig	368	pub		evalFileWithOutputModeRuntimeStrict
src/tests/helpers.zig	372	pub		evalFileModuleGraphWithHostHooks
src/tests/helpers.zig	384	pub		evalFileModuleGraphWithOutput
src/tests/helpers.zig	397	pub		runJobs
src/tests/helpers.zig	402	pub		installLegacyProbeEntry
src/tests/helpers.zig	418	pub		createExternalHostFunctionValue
src/tests/helpers.zig	442	pub		defineGlobalExternalHostFunction
src/tests/helpers.zig	457	pub		takeException
src/tests/helpers.zig	461	pub		takeExceptionInfo
src/tests/helpers.zig	468	priv		moduleResolutionError
src/tests/helpers.zig	505	pub		sharedTestEngine
src/tests/helpers.zig	569	priv		registerSharedEngineProcessTeardown
src/tests/helpers.zig	575	priv		sharedEngineProcessTeardown
src/tests/helpers.zig	584	pub		deinitSharedTestEngine
src/tests/helpers.zig	595	priv		releaseSharedEngineBaselineSnapshot
src/tests/helpers.zig	615	pub		endSharedTest
src/tests/helpers.zig	669	priv		resetSharedEngineAfterTest
src/tests/helpers.zig	757	pub		parseAndRunWithTopLevelChildren
src/tests/helpers.zig	777	pub		parseStmtAndRunWithTopLevelChildren
src/tests/helpers.zig	809	pub		appendWeakCollectionEntry
src/tests/helpers.zig	816	pub		appendWeakCollectionEntryForValue
src/tests/helpers.zig	840	pub		finishGcCycles
src/tests/helpers.zig	851	pub		createTailOpcodeFixture
src/tests/helpers.zig	886	pub		finalize
src/tests/helpers.zig	892	pub		thunk
src/tests/helpers.zig	916	pub		scratchDirForProcess
src/tests/oom.zig	521	priv		expectValue
src/tests/oom.zig	528	priv		expectStringValue
src/tests/oom.zig	544	priv		ensureStandardGlobalsInstaller
src/tests/oom.zig	552	priv		runSnippet
src/tests/oom.zig	615	priv		stickyFailureTailProbe
src/tests/oom.zig	623	priv		runParseOnly
src/tests/oom.zig	688	priv		resolveGraphModule
src/tests/oom.zig	708	priv		loadGraphModule
src/tests/oom.zig	725	priv		runEsmGraphLink
src/tests/oom.zig	824	priv		allocator
src/tests/oom.zig	840	priv		takeInjectionSlot
src/tests/oom.zig	853	priv		shouldFailCell
src/tests/oom.zig	858	priv		armCellInjection
src/tests/oom.zig	865	priv		disarmCellInjection
src/tests/oom.zig	869	priv		alloc
src/tests/oom.zig	881	priv		resize
src/tests/oom.zig	892	priv		remap
src/tests/oom.zig	903	priv		free
src/tests/oom.zig	910	priv		expectBalanced
src/tests/oom.zig	926	priv		runRecoveryAttempt
src/tests/oom.zig	993	priv		recoveryCanarySweep
src/tests/oom.zig	1019	priv		expectIntrinsicBootstrapCleared
src/tests/oom.zig	1068	priv		runContextGlobalRetryAttempt
src/tests/oom.zig	1128	priv		runBindingContextConstructionRetryAttempt
src/tests/oom.zig	1329	priv		corpusSnippetNamed
src/tests/oom.zig	1398	priv		shouldFail
src/tests/oom.zig	1407	priv		arm
src/tests/oom.zig	1498	priv		runLookaheadRestoreAttempt
src/tests/oom_cap.zig	25	priv		expectStringValue
src/tests/oom_cap.zig	99	priv		allocator
src/tests/oom_cap.zig	106	priv		alloc
src/tests/oom_cap.zig	114	priv		resize
src/tests/oom_cap.zig	119	priv		remap
src/tests/oom_cap.zig	124	priv		free
src/tests/oom_cap.zig	136	priv		exhaust
src/tests/oom_cap.zig	144	priv		report
src/tests/parser.zig	57	priv		init
src/tests/parser.zig	60	priv		deinit
src/tests/parser.zig	63	priv		lexer
src/tests/parser.zig	68	priv		freeAndDrain
src/tests/parser.zig	776	priv		init
src/tests/parser.zig	784	priv		deinit
src/tests/parser.zig	789	priv		compileContext
src/tests/parser.zig	797	priv		compileForTest
src/tests/parser.zig	808	priv		restoreFinalizedFragmentView
src/tests/parser.zig	822	priv		parseExpr
src/tests/parser.zig	836	priv		parseExprWithTopLevelChildren
src/tests/parser.zig	852	priv		parseExprStrict
src/tests/parser.zig	872	priv		parseStatement
src/tests/parser.zig	887	priv		parseTSStatement
src/tests/parser.zig	904	priv		parseTSProgram
src/tests/parser.zig	924	priv		parseStatementWithTopLevelChildren
src/tests/parser.zig	940	priv		parseModuleStatement
src/tests/parser.zig	957	priv		parseModuleRefStatement
src/tests/parser.zig	975	priv		moduleBodyStart
src/tests/parser.zig	989	priv		moduleRecord
src/tests/parser.zig	994	priv		rootCode
src/tests/parser.zig	1001	priv		rootConstants
src/tests/parser.zig	1008	priv		rootClosureVars
src/tests/parser.zig	1014	priv		rootVarDefs
src/tests/parser.zig	1023	priv		expectAtomName
src/tests/parser.zig	1028	priv		functionBytecodeFromValue
src/tests/parser.zig	1034	priv		expectNoGlobalArgumentsVarOpcode
src/tests/parser.zig	1059	priv		expectFunctionConstant
src/tests/parser.zig	1065	priv		findFunctionConstantNamed
src/tests/parser.zig	1077	priv		countFunctionConstantsNamed
src/tests/parser.zig	1090	priv		globalDeclarationClosureNamed
src/tests/parser.zig	1103	priv		declarationClosureNamed
src/tests/parser.zig	1116	priv		globalDeclarationClosureCount
src/tests/parser.zig	1124	priv		varDefNamed
src/tests/parser.zig	1138	priv		countPutVarRefStores
src/tests/parser.zig	1146	priv		countCheckedPutVarRefStores
src/tests/parser.zig	1151	priv		countSetVarRefStores
src/tests/parser.zig	1159	priv		countDynEnvProbe
src/tests/parser.zig	1175	priv		countDynEnvProbeInFunctionBytecode
src/tests/parser.zig	1188	priv		countDynEnvProbeRecursive
src/tests/parser.zig	1198	priv		countOpcodeInFunctionBytecode
src/tests/parser.zig	1208	priv		countOpcodeRecursive
src/tests/parser.zig	1218	priv		countDefineClassNamedInCode
src/tests/parser.zig	1238	priv		countDefineClassNamedInFunctionBytecode
src/tests/parser.zig	1252	priv		countDefineClassNamedRecursive
src/tests/parser.zig	1266	priv		countSemanticOpcodeInFunctionBytecode
src/tests/parser.zig	1278	priv		countSemanticOpcodeRecursive
src/tests/parser.zig	1287	priv		countVarRefStoresRecursive
src/tests/parser.zig	1308	priv		expectOpcode
src/tests/parser.zig	1312	priv		expectOpcodeSequence
src/tests/parser.zig	1324	priv		semanticOpcodeForTest
src/tests/parser.zig	1357	priv		expectSemanticOpcodeAt
src/tests/parser.zig	1362	priv		expectSemanticOpcodeSequence
src/tests/parser.zig	1373	priv		firstSemanticOpcodeOffset
src/tests/parser.zig	1384	priv		countSemanticOpcode
src/tests/parser.zig	1396	priv		integerPushValueAtOpcode
src/tests/parser.zig	1409	priv		countIntegerPushValue
src/tests/parser.zig	1422	priv		slotIndexAtOpcode
src/tests/parser.zig	1445	priv		labelTargetAtOpcode
src/tests/parser.zig	1463	priv		readU16AtOpcode
src/tests/parser.zig	1467	priv		readConstIndexAtOpcode
src/tests/parser.zig	1475	priv		expectOpcodeRecursive
src/tests/parser.zig	1479	priv		expectModuleRecordCounts
src/tests/parser.zig	1495	priv		expectModuleRequest
src/tests/parser.zig	1499	priv		expectModuleImport
src/tests/parser.zig	1513	priv		expectModuleExport
src/tests/parser.zig	1525	priv		expectModuleIndirectExport
src/tests/parser.zig	1539	priv		expectModuleStarExport
src/tests/parser.zig	1551	priv		parseFunctionBodyStatement
src/tests/parser.zig	1566	priv		parseStrictFunctionBodyStatement
src/tests/parser.zig	1580	priv		expectParseStatementError
src/tests/parser.zig	1598	priv		readU32
src/tests/parser.zig	1602	priv		readI32
src/tests/parser.zig	1606	priv		readRelTarget32
src/tests/parser.zig	1619	priv		countSubOpcode
src/tests/parser.zig	1636	priv		subOpcodeOffset
src/tests/parser.zig	1648	priv		countOpcode
src/tests/parser.zig	1661	priv		firstOpcodeOffset
src/tests/parser.zig	1673	priv		countSpecialObjectSubtype
src/tests/parser.zig	1686	priv		countVarOpcodeForAtom
src/tests/parser.zig	1704	priv		hasAnyOpcode
src/tests/parser.zig	5848	priv		scanCode
src/tests/parser.zig	5904	priv		scanFunction
src/tests/parser.zig	6720	priv		tracePhase1ScopeEvents
src/tests/parser.zig	6741	priv		expectPhase1ScopeEvents
src/tests/parser.zig	6751	priv		findPhase1Opcode
src/tests/parser.zig	6763	priv		countPhase1Opcode
src/tests/parser.zig	6778	priv		fdPhase1Code
src/tests/parser.zig	6787	priv		fdLabelOffset
src/tests/parser.zig	6794	priv		publishPhase1Stream
src/tests/parser.zig	6803	priv		parseRawStatement
src/tests/parser.zig	6817	priv		parseRawExprWithRuntime
src/tests/parser.zig	6829	priv		parseRawTSProgram
src/tests/parser.zig	7225	priv		expectContinueTargetFollowsBodyLeave
src/tests/parser.zig	7493	priv		compilePaddedDeclarationIndexCase
src/tests/parser.zig	7624	priv		runParserDeclarationIndexOomRetry
src/tests/parser.zig	8926	priv		end
src/tests/parser.zig	8937	priv		containsName
src/tests/parser.zig	9725	priv		countCalls
src/tests/parser.zig	9733	priv		countFunctionClosures
src/tests/parser.zig	9840	priv		functionBytecodeHasKind
src/tests/parser.zig	9850	priv		functionBytecodeHasClosure
src/tests/parser.zig	9867	priv		findFunctionBytecodeCapturingAtom
src/tests/parser.zig	9884	priv		findFunctionCapturingAtom
src/tests/parser.zig	9898	priv		functionHasClosure
src/tests/parser.zig	9912	priv		expectFunctionClosureRecursive
src/tests/parser.zig	9921	priv		functionHasKind
src/tests/parser.zig	9930	priv		expectFunctionKindRecursive
src/tests/parser.zig	10019	priv		expectAtomOperandName
src/tests/parser.zig	13092	pub		atomLiveEntryTotal
src/tests/parser.zig	13463	priv		capture
src/tests/parser.zig	13486	priv		pendingFixupCount
src/tests/parser.zig	13494	priv		formatHasLabelOperand
src/tests/parser.zig	13501	priv		censusCode
src/tests/parser.zig	13533	priv		attachedSourceCount
src/tests/parser.zig	13543	priv		builderRelocCount
src/tests/parser.zig	13550	priv		builderSourceCount
src/tests/parser.zig	13569	pub		init
src/tests/parser.zig	13620	pub		deinit
src/tests/parser.zig	13625	pub		discardTemporaries
src/tests/parser.zig	13636	pub		releaseArtifact
src/tests/parser.zig	13647	pub		sampleB1
src/tests/parser.zig	13653	pub		sampleNext
src/tests/parser.zig	13657	priv		sample
src/tests/parser.zig	13729	pub		warmRuntime
src/tests/parser.zig	13738	pub		setBuilderCommitted
src/tests/parser.zig	13744	pub		expectCommon
src/tests/parser.zig	13755	pub		expectB1
src/tests/parser.zig	13764	pub		expectB3
src/tests/parser.zig	13773	pub		expectB4
src/tests/parser.zig	13783	pub		expectSourceFromB1
src/tests/parser.zig	13791	pub		expectTerminal
src/tests/parser.zig	13802	pub		publishedFunctionBytecodeCount
src/tests/parser.zig	13810	pub		dump
src/tests/smoke_test.zig	17	priv		resolvedZjsProfilePath
src/tests/smoke_test.zig	27	priv		resolvedZjsPath
src/tests/smoke_test.zig	37	priv		perfOpcodeCount
src/tests/smoke_test.zig	476	priv		parseBlockCensusRow
src/tests/stress.zig	180	priv		referenceSubMul
build.zig	8	pub		build
build/artifacts.zig	19	pub		addEngineArtifacts
build/config.zig	36	pub		gateRunCpus
build/config.zig	79	pub		configSignature
build/config.zig	110	pub		pinnedExpectedConfig
build/config.zig	153	pub		withExpect
build/config.zig	159	pub		withOomInjection
build/config.zig	166	pub		addEngineOptions
build/config.zig	185	pub		forceLlvmBackendOnDebug
build/gates.zig	10	pub		runArtifactOnCpus
build/gates.zig	18	pub		addGates
build/perf.zig	5	pub		addPerfSteps
build/tests.zig	23	pub		addTestGraph
